scope,metric,label,output,assessment,existing_math,gap_codes,contract_notes,source,symbol,line,windows,reference_state
period,TotalReturn,总收益率,scalar per interval,C,"sum(where(not_equal(r,r),0,r))",,默认是对数收益之和；不是 engine total_return 的简单收益复利。cum_rtn=True 分支缺 return，属参考源码问题。,/Users/chenjunming/Desktop/KevinGit/PyFinance/MetricsFactory/period_metrics_cal.py,cal_TotalReturn,468,2d;3d;5d;6d;7d;10d;15d;20d;25d;50d;75d;5m;6m;9m;12m;2y,dispatch present; not full runtime certification
period,AnnualizedReturn,年化收益率,scalar per interval,C,TotalReturn / nature_days * 365,,自然日分母与收益年化365；不能替换成按 length 年化。,/Users/chenjunming/Desktop/KevinGit/PyFinance/MetricsFactory/period_metrics_cal.py,cal_AnnualizedReturn,475,5d;6d;7d;10d;15d;20d;25d;30d;35d;50d;75d;5m;6m;9m;12m;2y,dispatch present; not full runtime certification
period,AverageDailyReturn,日均收益率,scalar per interval,D,"mean_where(r,not_equal(r,r)==false)",,"使用有效样本均值；实现时用 logical_not(not_equal(r,r))。",/Users/chenjunming/Desktop/KevinGit/PyFinance/MetricsFactory/period_metrics_cal.py,cal_AverageDailyReturn,485,2d;3d;5d;6d;7d;10d;15d;20d;25d;50d;75d;5m;6m;9m;12m;2y,dispatch present; not full runtime certification
period,AvgPositiveReturn,平均正收益率,scalar per interval,C,"mean(where(r>0,r,0))",,"分母为全部行，负值、0、NaN变0；不是 mean_where(r,r>0)。",/Users/chenjunming/Desktop/KevinGit/PyFinance/MetricsFactory/period_metrics_cal.py,cal_AvgPositiveReturn,489,5d;6d;7d;10d;15d;20d;25d;30d;35d;50d;75d;5m;6m;9m;12m;2y,dispatch present; not full runtime certification
period,AvgNegativeReturn,平均负收益率,scalar per interval,C,"mean(where(r<0,r,0))",,分母为全部行，正值、0、NaN变0。,/Users/chenjunming/Desktop/KevinGit/PyFinance/MetricsFactory/period_metrics_cal.py,cal_AvgNegativeReturn,494,5d;6d;7d;10d;15d;20d;25d;30d;35d;50d;75d;5m;6m;9m;12m;2y,dispatch present; not full runtime certification
period,AvgReturnRatio,平均盈亏比,scalar per interval,C,AvgPositiveReturn / AvgNegativeReturn,,分母保持负号；源码只把 NaN 改0，Inf不改0。,/Users/chenjunming/Desktop/KevinGit/PyFinance/MetricsFactory/period_metrics_cal.py,cal_AvgReturnRatio,499,5d;6d;7d;10d;15d;20d;25d;30d;35d;50d;75d;5m;6m;9m;12m;2y,dispatch present; not full runtime certification
period,TotalPositiveReturn,总累计盈利,scalar per interval,C,"sum(where(r>0,r,0))",,空正子集为0。,/Users/chenjunming/Desktop/KevinGit/PyFinance/MetricsFactory/period_metrics_cal.py,cal_TotalPositiveReturn,504,5d;6d;7d;10d;15d;20d;25d;30d;35d;50d;75d;5m;6m;9m;12m;2y,dispatch present; not full runtime certification
period,TotalNegativeReturn,总累计亏损,scalar per interval,C,"sum(where(r<0,r,0))",,保留负值符号；空负子集为0。,/Users/chenjunming/Desktop/KevinGit/PyFinance/MetricsFactory/period_metrics_cal.py,cal_TotalNegativeReturn,509,5d;6d;7d;10d;15d;20d;25d;30d;35d;50d;75d;5m;6m;9m;12m;2y,dispatch present; not full runtime certification
period,TotalReturnRatio,累计盈亏比,scalar per interval,C,TotalPositiveReturn / absolute(TotalNegativeReturn),,所有非有限结果转0；先保护分母再除法，不能用 eager where 包异常。,/Users/chenjunming/Desktop/KevinGit/PyFinance/MetricsFactory/period_metrics_cal.py,cal_TotalReturnRatio,514,5d;6d;7d;10d;15d;20d;25d;30d;35d;50d;75d;5m;6m;9m;12m;2y,dispatch present; not full runtime certification
period,MedianDailyReturn,日中位收益率,scalar per interval,D,"median_where(r,valid)",,valid是非NaN；不是直接 median(r)。,/Users/chenjunming/Desktop/KevinGit/PyFinance/MetricsFactory/period_metrics_cal.py,cal_MedianDailyReturn,519,5d;6d;7d;10d;15d;20d;25d;30d;35d;50d;75d;5m;6m;9m;12m;2y,dispatch present; not full runtime certification
period,Volatility,波动率,scalar per interval,D,"std_where(r,valid)",,样本标准差 ddof=1；至少2有效样本。,/Users/chenjunming/Desktop/KevinGit/PyFinance/MetricsFactory/period_metrics_cal.py,cal_Volatility,523,5d;6d;7d;10d;15d;20d;25d;30d;35d;50d;75d;5m;6m;9m;12m;2y,dispatch present; not full runtime certification
period,AnnualizedVolatility,年化波动率,scalar per interval,C,Volatility * sqrt(252),,风险年化252，与收益年化365不同。,/Users/chenjunming/Desktop/KevinGit/PyFinance/MetricsFactory/period_metrics_cal.py,cal_AnnualizedVolatility,527,5d;6d;7d;10d;15d;20d;25d;30d;35d;50d;75d;5m;6m;9m;12m;2y,dispatch present; not full runtime certification
period,MeanAbsoluteDeviation,平均绝对偏差,scalar per interval,C,"mean_where(abs(r-mean_where(r,valid)),valid)",,保留原轴与缺失掩码；完整数据可用 mean_absolute_deviation。,/Users/chenjunming/Desktop/KevinGit/PyFinance/MetricsFactory/period_metrics_cal.py,cal_MeanAbsoluteDeviation,700,2d;3d;5d;6d;7d;10d;15d;20d;25d;50d;75d;5m;6m;9m;12m;2y,dispatch present; not full runtime certification
period,ReturnRange,"收益率范围, 也称为极差",scalar per interval,C,"max_where(r,valid)-min_where(r,valid)",,NaN忽略；全空样本需要明确结果契约。,/Users/chenjunming/Desktop/KevinGit/PyFinance/MetricsFactory/period_metrics_cal.py,cal_ReturnRange,531,2d;3d;5d;6d;7d;10d;15d;20d;25d;50d;75d;5m;6m;9m;12m;2y,dispatch present; not full runtime certification
period,RescaledRange,标准化极差,scalar per interval,C,ReturnRange / Volatility,,不是 Hurst 的 R/S；常数样本源端可产生 NaN/Inf。,/Users/chenjunming/Desktop/KevinGit/PyFinance/MetricsFactory/period_metrics_cal.py,cal_RescaledRange,535,2d;3d;5d;6d;7d;10d;15d;20d;25d;50d;75d;5m;6m;9m;12m;2y,dispatch present; not full runtime certification
period,MaxGain,最大单日收益,scalar per interval,D,"max_where(r,valid)",,最大有效对数收益。,/Users/chenjunming/Desktop/KevinGit/PyFinance/MetricsFactory/period_metrics_cal.py,cal_MaxGain,539,2d;3d;5d;6d;7d;10d;15d;20d;25d;50d;75d;5m;6m;9m;12m;2y,dispatch present; not full runtime certification
period,MaxLoss,最大单日亏损,scalar per interval,D,"min_where(r,valid)",,最小有效对数收益。,/Users/chenjunming/Desktop/KevinGit/PyFinance/MetricsFactory/period_metrics_cal.py,cal_MaxLoss,543,2d;3d;5d;6d;7d;10d;15d;20d;25d;50d;75d;5m;6m;9m;12m;2y,dispatch present; not full runtime certification
period,MaxDrawDown,最大回撤,scalar per interval,C,min_value(drawdown_series(close)),,正且有限NAV时直接成立；源端对缺失回撤填0，需路径掩码适配。,/Users/chenjunming/Desktop/KevinGit/PyFinance/MetricsFactory/period_metrics_cal.py,cal_max_draw_down_for_all,547,5d;6d;7d;10d;15d;20d;25d;30d;35d;50d;75d;5m;6m;9m;12m;2y,dispatch present; not full runtime certification
period,MaxDrawDownDays,最大回撤天数,scalar per interval,C,interval_trough(state)-interval_start(state); state=last_drawdown_interval(dd),,现有状态算子已按最后同深谷底选取；无回撤源端为0，原生缺区间须适配。,/Users/chenjunming/Desktop/KevinGit/PyFinance/MetricsFactory/period_metrics_cal.py,cal_max_draw_down_for_all,547,5d;6d;7d;10d;15d;20d;25d;30d;35d;50d;75d;5m;6m;9m;12m;2y,dispatch present; not full runtime certification
period,ReturnDrawDownRatio,收益率回撤比,scalar per interval,C,(exp(TotalReturn)-1)/abs(MaxDrawDown),,总回报先从log转简单收益；非有限结果0。,/Users/chenjunming/Desktop/KevinGit/PyFinance/MetricsFactory/period_metrics_cal.py,cal_max_draw_down_for_all,547,5d;6d;7d;10d;15d;20d;25d;30d;35d;50d;75d;5m;6m;9m;12m;2y,dispatch present; not full runtime certification
period,DrawDownSlope,回撤斜率,scalar per interval,C,abs(MaxDrawDown)/MaxDrawDownDays,,0/0在源端变0，原生要先保护分母。,/Users/chenjunming/Desktop/KevinGit/PyFinance/MetricsFactory/period_metrics_cal.py,cal_max_draw_down_for_all,547,5d;6d;7d;10d;15d;20d;25d;30d;35d;50d;75d;5m;6m;9m;12m;2y,dispatch present; not full runtime certification
period,UlcerIndex,溃疡指数 (衡量最大回撤深度和持续时间的指标),scalar per interval,C,root_mean_square(dd),,源端缺失dd填0后，以全部价格行求RMS。,/Users/chenjunming/Desktop/KevinGit/PyFinance/MetricsFactory/period_metrics_cal.py,cal_max_draw_down_for_all,547,5d;6d;7d;10d;15d;20d;25d;30d;35d;50d;75d;5m;6m;9m;12m;2y,dispatch present; not full runtime certification
period,MartinRatio,"马丁比率 (绩效趋势比率), 衡量趋势的可复制性",scalar per interval,C,AnnualizedReturn / UlcerIndex,,源端不统一清理非有限比率。,/Users/chenjunming/Desktop/KevinGit/PyFinance/MetricsFactory/period_metrics_cal.py,cal_max_draw_down_for_all,547,5d;6d;7d;10d;15d;20d;25d;30d;35d;50d;75d;5m;6m;9m;12m;2y,dispatch present; not full runtime certification
period,SharpeRatio,夏普比率,scalar per interval,C,(TotalReturn-log_daily_rf*nature_days)/Volatility,,累计log口径；不是 mean/std 型Sharpe；非有限变0。,/Users/chenjunming/Desktop/KevinGit/PyFinance/MetricsFactory/period_metrics_cal.py,cal_SharpeRatio,613,5d;6d;7d;10d;15d;20d;25d;30d;35d;50d;75d;5m;6m;9m;12m;2y,dispatch present; not full runtime certification
period,AnnualizedSharpeRatio,年化夏普比率,scalar per interval,C,(AnnualizedReturn-log_ann_rf)/(Volatility*sqrt(252)),,不能直接假设 SharpeRatio*sqrt(252)。,/Users/chenjunming/Desktop/KevinGit/PyFinance/MetricsFactory/period_metrics_cal.py,cal_AnnualizedSharpeRatio,608,5d;6d;7d;10d;15d;20d;25d;30d;35d;50d;75d;5m;6m;9m;12m;2y,dispatch present; not full runtime certification
period,ReturnVolatilityRatio,收益率波动率比,scalar per interval,C,TotalReturn / Volatility,,非有限变0。,/Users/chenjunming/Desktop/KevinGit/PyFinance/MetricsFactory/period_metrics_cal.py,cal_ReturnVolatilityRatio,618,5d;6d;7d;10d;15d;20d;25d;30d;35d;50d;75d;5m;6m;9m;12m;2y,dispatch present; not full runtime certification
period,DownsideVolatility,下行波动率,scalar per interval,C,"std(where(r<mar,r-mar,0),1)",,MAR默认log日无风险；对完整零填充向量求方差，非负子集丢弃。,/Users/chenjunming/Desktop/KevinGit/PyFinance/MetricsFactory/period_metrics_cal.py,cal_DownsideVolatility,623,5d;6d;7d;10d;15d;20d;25d;30d;35d;50d;75d;5m;6m;9m;12m;2y,dispatch present; not full runtime certification
period,UpsideVolatility,上行波动率,scalar per interval,C,"std(where(r>0,r,0),1)",,完整零填充向量，ddof=1。,/Users/chenjunming/Desktop/KevinGit/PyFinance/MetricsFactory/period_metrics_cal.py,cal_UpsideVolatility,633,5d;6d;7d;10d;15d;20d;25d;30d;35d;50d;75d;5m;6m;9m;12m;2y,dispatch present; not full runtime certification
period,VolatilitySkew,波动率偏度,scalar per interval,C,(UpsideVolatility-DownsideVolatility)/Volatility,,源码只清理NaN，不清理Inf。,/Users/chenjunming/Desktop/KevinGit/PyFinance/MetricsFactory/period_metrics_cal.py,cal_VolatilitySkew,643,5d;6d;7d;10d;15d;20d;25d;30d;35d;50d;75d;5m;6m;9m;12m;2y,dispatch present; not full runtime certification
period,VolatilityRatio,"波动率比, 也叫 上行潜在比率",scalar per interval,C,UpsideVolatility/DownsideVolatility,,非有限变0。,/Users/chenjunming/Desktop/KevinGit/PyFinance/MetricsFactory/period_metrics_cal.py,cal_VolatilityRatio,648,5d;6d;7d;10d;15d;20d;25d;30d;35d;50d;75d;5m;6m;9m;12m;2y,dispatch present; not full runtime certification
period,SortinoRatio,索提诺比率,scalar per interval,C,(TotalReturn-log_daily_rf*nature_days)/DownsideVolatility,,使用源码零填充的下行波动；非有限变0。,/Users/chenjunming/Desktop/KevinGit/PyFinance/MetricsFactory/period_metrics_cal.py,cal_SortinoRatio,653,5d;6d;7d;10d;15d;20d;25d;30d;35d;50d;75d;5m;6m;9m;12m;2y,dispatch present; not full runtime certification
period,GainConsistency,收益趋势一致性,scalar per interval,C,"sqrt(sum_where((r-mu)^2,r>0)/count_true(r>0))/mu",,正子集总体标准差ddof=0；不能直接用ddof=1的 std_where。,/Users/chenjunming/Desktop/KevinGit/PyFinance/MetricsFactory/period_metrics_cal.py,cal_GainConsistency,658,5d;6d;7d;10d;15d;20d;25d;30d;35d;50d;75d;5m;6m;9m;12m;2y,dispatch present; not full runtime certification
period,LossConsistency,亏损趋势一致性,scalar per interval,C,"sqrt(sum_where((r-mu)^2,r<0)/count_true(r<0))/abs(mu)",,负子集ddof=0；空集、零除需无异常模板。,/Users/chenjunming/Desktop/KevinGit/PyFinance/MetricsFactory/period_metrics_cal.py,cal_LossConsistency,672,5d;6d;7d;10d;15d;20d;25d;30d;35d;50d;75d;5m;6m;9m;12m;2y,dispatch present; not full runtime certification
period,WinningRatio,胜率,scalar per interval,C,count_true(r>0)/count_true(valid),,零收益计入有效总样本；空样本与最终最小样本门禁另处理。,/Users/chenjunming/Desktop/KevinGit/PyFinance/MetricsFactory/period_metrics_cal.py,cal_WinningRatio,686,5d;6d;7d;10d;15d;20d;25d;30d;35d;50d;75d;5m;6m;9m;12m;2y,dispatch present; not full runtime certification
period,LosingRatio,亏损率,scalar per interval,C,count_true(r<0)/count_true(valid),,零收益计入有效总样本。,/Users/chenjunming/Desktop/KevinGit/PyFinance/MetricsFactory/period_metrics_cal.py,cal_LosingRatio,693,5d;6d;7d;10d;15d;20d;25d;30d;35d;50d;75d;5m;6m;9m;12m;2y,dispatch present; not full runtime certification
period,ReturnSkewness,收益率偏度,scalar per interval,C,skewness(r) or masked centered moments,,源码SciPy bias=False/nan_policy=omit；原生直接算子不忽略NaN，缺失时可用masked moments。,/Users/chenjunming/Desktop/KevinGit/PyFinance/MetricsFactory/period_metrics_cal.py,cal_ReturnSkewness,704,5d;6d;7d;10d;15d;20d;25d;30d;35d;50d;75d;5m;6m;9m;12m;2y,dispatch present; not full runtime certification
period,ReturnKurtosis,收益率峰度,scalar per interval,C,excess_kurtosis(r) or masked centered moments,,源码无偏超额峰度；小样本SciPy行为需显式适配，不能只照函数名。,/Users/chenjunming/Desktop/KevinGit/PyFinance/MetricsFactory/period_metrics_cal.py,cal_ReturnKurtosis,708,5d;6d;7d;10d;15d;20d;25d;30d;35d;50d;75d;5m;6m;9m;12m;2y,dispatch present; not full runtime certification
period,VaR-99,99% VaR,scalar per interval,C,"maximum(-(mean+normal_ppf(1-c)*std),0)",,正态参数法，不是历史分位VaR；normal_ppf近似与SciPy须设误差容限。,/Users/chenjunming/Desktop/KevinGit/PyFinance/MetricsFactory/period_metrics_cal.py,cal_VaR,716,5d;6d;7d;10d;15d;20d;25d;50d;75d;5m;6m;9m;12m;2y,dispatch present; not full runtime certification
period,VaR-95,95% VaR,scalar per interval,C,"maximum(-(mean+normal_ppf(1-c)*std),0)",,正态参数法，不是历史分位VaR；normal_ppf近似与SciPy须设误差容限。,/Users/chenjunming/Desktop/KevinGit/PyFinance/MetricsFactory/period_metrics_cal.py,cal_VaR,716,5d;6d;7d;10d;15d;20d;25d;50d;75d;5m;6m;9m;12m;2y,dispatch present; not full runtime certification
period,VaR-90,90% VaR,scalar per interval,C,"maximum(-(mean+normal_ppf(1-c)*std),0)",,正态参数法，不是历史分位VaR；normal_ppf近似与SciPy须设误差容限。,/Users/chenjunming/Desktop/KevinGit/PyFinance/MetricsFactory/period_metrics_cal.py,cal_VaR,716,5d;6d;7d;10d;15d;20d;25d;50d;75d;5m;6m;9m;12m;2y,dispatch present; not full runtime certification
period,VaRSharpe-95,基于 95% VaR 计算夏普比率,scalar per interval,C,(TotalReturn-log_daily_rf*nature_days)/VaR,,复用相应风险节点；非有限转0。,/Users/chenjunming/Desktop/KevinGit/PyFinance/MetricsFactory/period_metrics_cal.py,cal_VaRSharpe,725,5d;6d;7d;10d;15d;20d;25d;50d;75d;5m;6m;9m;12m;2y,dispatch present; not full runtime certification
period,VaRModified-99,99% 修正VaR,scalar per interval,C,normal_ppf + skewness + excess_kurtosis + arithmetic,,Cornish-Fisher 多项式现有基础算子足够；不缺专用修正VaR算子。,/Users/chenjunming/Desktop/KevinGit/PyFinance/MetricsFactory/period_metrics_cal.py,cal_VaRModified,731,5d;6d;7d;10d;15d;20d;25d;50d;75d;5m;6m;9m;12m;2y,dispatch present; not full runtime certification
period,VaRModified-95,95% 修正VaR,scalar per interval,C,normal_ppf + skewness + excess_kurtosis + arithmetic,,Cornish-Fisher 多项式现有基础算子足够；不缺专用修正VaR算子。,/Users/chenjunming/Desktop/KevinGit/PyFinance/MetricsFactory/period_metrics_cal.py,cal_VaRModified,731,5d;6d;7d;10d;15d;20d;25d;50d;75d;5m;6m;9m;12m;2y,dispatch present; not full runtime certification
period,VaRModified-90,90% 修正VaR,scalar per interval,C,normal_ppf + skewness + excess_kurtosis + arithmetic,,Cornish-Fisher 多项式现有基础算子足够；不缺专用修正VaR算子。,/Users/chenjunming/Desktop/KevinGit/PyFinance/MetricsFactory/period_metrics_cal.py,cal_VaRModified,731,5d;6d;7d;10d;15d;20d;25d;50d;75d;5m;6m;9m;12m;2y,dispatch present; not full runtime certification
period,VaRModifiedSharpe-95,基于 95% 修正VaR 计算夏普比率,scalar per interval,C,(TotalReturn-log_daily_rf*nature_days)/VaRModified,,复用相应风险节点；非有限转0。,/Users/chenjunming/Desktop/KevinGit/PyFinance/MetricsFactory/period_metrics_cal.py,cal_VaRModifiedSharpe,750,5d;6d;7d;10d;15d;20d;25d;50d;75d;5m;6m;9m;12m;2y,dispatch present; not full runtime certification
period,CVaR-99,99% CVaR,scalar per interval,C,"maximum(-(mean-std*normal_pdf(normal_ppf(1-c))/(1-c)),0)",,源码正态CVaR；不等同于尾部样本均值。,/Users/chenjunming/Desktop/KevinGit/PyFinance/MetricsFactory/period_metrics_cal.py,cal_CVaR,756,5d;6d;7d;10d;15d;20d;25d;50d;75d;5m;6m;9m;12m;2y,dispatch present; not full runtime certification
period,CVaR-95,95% CVaR,scalar per interval,C,"maximum(-(mean-std*normal_pdf(normal_ppf(1-c))/(1-c)),0)",,源码正态CVaR；不等同于尾部样本均值。,/Users/chenjunming/Desktop/KevinGit/PyFinance/MetricsFactory/period_metrics_cal.py,cal_CVaR,756,5d;6d;7d;10d;15d;20d;25d;50d;75d;5m;6m;9m;12m;2y,dispatch present; not full runtime certification
period,CVaR-90,90% CVaR,scalar per interval,C,"maximum(-(mean-std*normal_pdf(normal_ppf(1-c))/(1-c)),0)",,源码正态CVaR；不等同于尾部样本均值。,/Users/chenjunming/Desktop/KevinGit/PyFinance/MetricsFactory/period_metrics_cal.py,cal_CVaR,756,5d;6d;7d;10d;15d;20d;25d;50d;75d;5m;6m;9m;12m;2y,dispatch present; not full runtime certification
period,CVaRModified-99,99% 修正CVaR,scalar per interval,C,"normal_pdf(CornishFisherZ), mean/std and arithmetic",,按源码将修正z放入pdf；保留该口径，不自行改成另一版修正ES。,/Users/chenjunming/Desktop/KevinGit/PyFinance/MetricsFactory/period_metrics_cal.py,cal_CVaRModified,772,5d;6d;7d;10d;15d;20d;25d;50d;75d;5m;6m;9m;12m;2y,dispatch present; not full runtime certification
period,CVaRModified-95,95% 修正CVaR,scalar per interval,C,"normal_pdf(CornishFisherZ), mean/std and arithmetic",,按源码将修正z放入pdf；保留该口径，不自行改成另一版修正ES。,/Users/chenjunming/Desktop/KevinGit/PyFinance/MetricsFactory/period_metrics_cal.py,cal_CVaRModified,772,5d;6d;7d;10d;15d;20d;25d;50d;75d;5m;6m;9m;12m;2y,dispatch present; not full runtime certification
period,CVaRModified-90,90% 修正CVaR,scalar per interval,C,"normal_pdf(CornishFisherZ), mean/std and arithmetic",,按源码将修正z放入pdf；保留该口径，不自行改成另一版修正ES。,/Users/chenjunming/Desktop/KevinGit/PyFinance/MetricsFactory/period_metrics_cal.py,cal_CVaRModified,772,5d;6d;7d;10d;15d;20d;25d;50d;75d;5m;6m;9m;12m;2y,dispatch present; not full runtime certification
period,CVaRSharpe-95,基于 95% CVaR 计算夏普比率,scalar per interval,C,(TotalReturn-log_daily_rf*nature_days)/CVaR,,复用相应风险节点；非有限转0。,/Users/chenjunming/Desktop/KevinGit/PyFinance/MetricsFactory/period_metrics_cal.py,cal_CVaRSharpe,766,5d;6d;7d;10d;15d;20d;25d;50d;75d;5m;6m;9m;12m;2y,dispatch present; not full runtime certification
period,CVaRModifiedSharpe-95,基于 95% 修正CVaR 计算夏普比率,scalar per interval,C,(TotalReturn-log_daily_rf*nature_days)/CVaRModified,,复用相应风险节点；非有限转0。,/Users/chenjunming/Desktop/KevinGit/PyFinance/MetricsFactory/period_metrics_cal.py,cal_CVaRModifiedSharpe,792,5d;6d;7d;10d;15d;20d;25d;50d;75d;5m;6m;9m;12m;2y,dispatch present; not full runtime certification
period,Percentile-1,所有收益率前1%分位数 (一般是极端亏损部分),scalar per interval,D,"quantile_where(r,valid,tile/100)",,"线性插值；现有q只支持(0,1)，当前清单分位点都在范围内。",/Users/chenjunming/Desktop/KevinGit/PyFinance/MetricsFactory/period_metrics_cal.py,cal_Percentile,798,5d;6d;7d;10d;15d;20d;25d;30d;35d;50d;75d;5m;6m;9m;12m;2y,dispatch present; not full runtime certification
period,Percentile-99,所有收益率前99%分位数 (一般是极端盈利部分),scalar per interval,D,"quantile_where(r,valid,tile/100)",,"线性插值；现有q只支持(0,1)，当前清单分位点都在范围内。",/Users/chenjunming/Desktop/KevinGit/PyFinance/MetricsFactory/period_metrics_cal.py,cal_Percentile,798,5d;6d;7d;10d;15d;20d;25d;30d;35d;50d;75d;5m;6m;9m;12m;2y,dispatch present; not full runtime certification
period,Percentile-5,所有收益率前5%分位数 (一般是极端亏损部分),scalar per interval,D,"quantile_where(r,valid,tile/100)",,"线性插值；现有q只支持(0,1)，当前清单分位点都在范围内。",/Users/chenjunming/Desktop/KevinGit/PyFinance/MetricsFactory/period_metrics_cal.py,cal_Percentile,798,5d;6d;7d;10d;15d;20d;25d;30d;35d;50d;75d;5m;6m;9m;12m;2y,dispatch present; not full runtime certification
period,Percentile-95,所有收益率前95%分位数 (一般是极端盈利部分),scalar per interval,D,"quantile_where(r,valid,tile/100)",,"线性插值；现有q只支持(0,1)，当前清单分位点都在范围内。",/Users/chenjunming/Desktop/KevinGit/PyFinance/MetricsFactory/period_metrics_cal.py,cal_Percentile,798,5d;6d;7d;10d;15d;20d;25d;30d;35d;50d;75d;5m;6m;9m;12m;2y,dispatch present; not full runtime certification
period,Percentile-10,所有收益率前10%分位数 (一般是极端亏损部分),scalar per interval,D,"quantile_where(r,valid,tile/100)",,"线性插值；现有q只支持(0,1)，当前清单分位点都在范围内。",/Users/chenjunming/Desktop/KevinGit/PyFinance/MetricsFactory/period_metrics_cal.py,cal_Percentile,798,5d;6d;7d;10d;15d;20d;25d;30d;35d;50d;75d;5m;6m;9m;12m;2y,dispatch present; not full runtime certification
period,Percentile-90,所有收益率前90%分位数 (一般是极端盈利部分),scalar per interval,D,"quantile_where(r,valid,tile/100)",,"线性插值；现有q只支持(0,1)，当前清单分位点都在范围内。",/Users/chenjunming/Desktop/KevinGit/PyFinance/MetricsFactory/period_metrics_cal.py,cal_Percentile,798,5d;6d;7d;10d;15d;20d;25d;30d;35d;50d;75d;5m;6m;9m;12m;2y,dispatch present; not full runtime certification
period,PercentileWin-95,正收益率前5%分位数,scalar per interval,C,"quantile_where(r,r>0,tile/100)",,空正子集源码返回0，原生空集抛错；需无异常guard或空集默认值契约。,/Users/chenjunming/Desktop/KevinGit/PyFinance/MetricsFactory/period_metrics_cal.py,cal_PercentileWin,803,5d;6d;7d;10d;15d;20d;25d;30d;35d;50d;75d;5m;6m;9m;12m;2y,dispatch present; not full runtime certification
period,PercentileLoss-95,"负收益率取绝对值后, 前5%分位数",scalar per interval,C,"quantile_where(abs(r),r<0,tile/100)",,先对负收益取绝对值再分位；空子集变0。,/Users/chenjunming/Desktop/KevinGit/PyFinance/MetricsFactory/period_metrics_cal.py,cal_PercentileLoss,812,5d;6d;7d;10d;15d;20d;25d;30d;35d;50d;75d;5m;6m;9m;12m;2y,dispatch present; not full runtime certification
period,PercentileWin-90,正收益率前10%分位数,scalar per interval,C,"quantile_where(r,r>0,tile/100)",,空正子集源码返回0，原生空集抛错；需无异常guard或空集默认值契约。,/Users/chenjunming/Desktop/KevinGit/PyFinance/MetricsFactory/period_metrics_cal.py,cal_PercentileWin,803,5d;6d;7d;10d;15d;20d;25d;30d;35d;50d;75d;5m;6m;9m;12m;2y,dispatch present; not full runtime certification
period,PercentileLoss-90,"负收益率取绝对值后, 前10%分位数",scalar per interval,C,"quantile_where(abs(r),r<0,tile/100)",,先对负收益取绝对值再分位；空子集变0。,/Users/chenjunming/Desktop/KevinGit/PyFinance/MetricsFactory/period_metrics_cal.py,cal_PercentileLoss,812,5d;6d;7d;10d;15d;20d;25d;30d;35d;50d;75d;5m;6m;9m;12m;2y,dispatch present; not full runtime certification
period,TailRatio-90,"尾部比率, 极端正收益与极端负收益的比值",scalar per interval,C,"PercentileWin / maximum(PercentileLoss,1e-6)",,源码先钳制极小loss；不缺tail ratio数学原语。,/Users/chenjunming/Desktop/KevinGit/PyFinance/MetricsFactory/period_metrics_cal.py,cal_TailRatio,823,5d;6d;7d;10d;15d;20d;25d;30d;35d;50d;75d;5m;6m;9m;12m;2y,dispatch present; not full runtime certification
period,TailRatio-95,"尾部比率, 极端正收益与极端负收益的比值",scalar per interval,C,"PercentileWin / maximum(PercentileLoss,1e-6)",,源码先钳制极小loss；不缺tail ratio数学原语。,/Users/chenjunming/Desktop/KevinGit/PyFinance/MetricsFactory/period_metrics_cal.py,cal_TailRatio,823,5d;6d;7d;10d;15d;20d;25d;30d;35d;50d;75d;5m;6m;9m;12m;2y,dispatch present; not full runtime certification
period,NewHighRatio,净值新高比率,scalar per interval,C,count_true(new_high_mask(close))/valid_count,,严格大于以前峰值、首个有效值计新高；源端允许NaN，native new_high_mask要求正有限值。,/Users/chenjunming/Desktop/KevinGit/PyFinance/MetricsFactory/period_metrics_cal.py,cal_NewHighRatio,838,5d;6d;7d;10d;15d;20d;25d;50d;75d;5m;6m;9m;12m;2y,dispatch present; not full runtime certification
period,CrossProductRatio-1,交叉乘积比率 (基于单日收益统计),scalar per interval,B,sign transition counts after valid selection / nonoverlap block sum,G3,1日版需跨NaN连接前后有效观测；5/10日先非重叠分块求和、丢尾，再剔空块。engine cal_cpr 是相对类型日中位数的 same/changed，不能复用为WW*LL/(WL*LW)。,/Users/chenjunming/Desktop/KevinGit/PyFinance/MetricsFactory/period_metrics_cal.py,cal_CrossProductRatio,893,5d;6d;7d;10d;15d;20d;25d;30d;35d;50d;75d;5m;6m;9m;12m;2y,dispatch present; not full runtime certification
period,CrossProductRatio-5,交叉乘积比率 (基于5日收益统计),scalar per interval,B,sign transition counts after valid selection / nonoverlap block sum,G3,1日版需跨NaN连接前后有效观测；5/10日先非重叠分块求和、丢尾，再剔空块。engine cal_cpr 是相对类型日中位数的 same/changed，不能复用为WW*LL/(WL*LW)。,/Users/chenjunming/Desktop/KevinGit/PyFinance/MetricsFactory/period_metrics_cal.py,cal_CrossProductRatio,893,50d;75d;5m;6m;9m;12m;2y,dispatch present; not full runtime certification
period,CrossProductRatio-10,交叉乘积比率 (基于10日收益统计),scalar per interval,B,sign transition counts after valid selection / nonoverlap block sum,G3,1日版需跨NaN连接前后有效观测；5/10日先非重叠分块求和、丢尾，再剔空块。engine cal_cpr 是相对类型日中位数的 same/changed，不能复用为WW*LL/(WL*LW)。,/Users/chenjunming/Desktop/KevinGit/PyFinance/MetricsFactory/period_metrics_cal.py,cal_CrossProductRatio,893,75d;5m;6m;9m;12m;2y,dispatch present; not full runtime certification
period,HurstExponent,近似赫斯特指数,scalar per interval,B,per-scale segment range/std -> scale mean -> log slope,G3,"6尺度 m=1,2,4,8,16,32；先删NaN，每段size=floor(valid_n/m)，丢尾。旧实现没有累计偏离，必须保留其历史近似口径。",/Users/chenjunming/Desktop/KevinGit/PyFinance/MetricsFactory/period_metrics_cal.py,cal_HurstExponent,984,70d;5m;6m;9m;12m;2y,dispatch present; not full runtime certification
period,HurstExponentRS,标准 R/S 赫斯特指数,scalar per interval,B,per-scale range(cumulative_sum(r-mean))/std -> log slope,G3,每段最少8点；过滤无效段；至少4个有效尺度；当前缺在图中组织多尺度/分段结果的能力，基础cumsum/std/slope已有。,/Users/chenjunming/Desktop/KevinGit/PyFinance/MetricsFactory/period_metrics_cal.py,cal_HurstExponentRS,988,70d;90d;120d;150d;5m;6m;9m;12m;2y,dispatch present; not full runtime certification
period,OmegaRatio,欧米茄比率,scalar per interval,C,RDI/(LDI+1e-8),,保持1e-8及有效样本归一化；现有条件+归约即可。,/Users/chenjunming/Desktop/KevinGit/PyFinance/MetricsFactory/period_metrics_cal.py,cal_OmegaRatio,1029,5d;6d;7d;10d;15d;20d;25d;30d;35d;50d;75d;5m;6m;9m;12m;2y,dispatch present; not full runtime certification
period,ReturnDistributionIntegral,收益分布积分,scalar per interval,C,"sum(where(r>mar,r-mar,0))/count_true(valid)",,排序在这个等权求和中可消去；不需要新增积分或排序算子。,/Users/chenjunming/Desktop/KevinGit/PyFinance/MetricsFactory/period_metrics_cal.py,cal_ReturnDistributionIntegral,992,5d;6d;7d;10d;15d;20d;25d;30d;35d;50d;75d;5m;6m;9m;12m;2y,dispatch present; not full runtime certification
period,ReturnSlope,收益斜率,scalar per interval,C,linear_slope(cumulative_sum(r)) / masked regression moments,,对累计log收益拟合；有缺失时保留原始位置j、累计只加有效收益，再用masked moments拟合。,/Users/chenjunming/Desktop/KevinGit/PyFinance/MetricsFactory/period_metrics_cal.py,cal_k_ratio_all,1080,5d;6d;7d;10d;15d;20d;25d;30d;35d;50d;75d;5m;6m;9m;12m;2y,dispatch present; not full runtime certification
period,KRatio,"K比率 (绩效趋势比率), 衡量趋势的可复制性",scalar per interval,C,slope/sqrt(SSE/(n-2))*sqrt(Sxx),,engine regression_standard_error 是残差标准差，不是斜率标准误；Sxx可组合，无需新KRatio内核。,/Users/chenjunming/Desktop/KevinGit/PyFinance/MetricsFactory/period_metrics_cal.py,cal_k_ratio_all,1080,5d;6d;7d;10d;15d;20d;25d;30d;35d;50d;75d;5m;6m;9m;12m;2y,dispatch present; not full runtime certification
period,SortinoSkewness,索提诺偏度,scalar per interval,C,masked third centered moment / DownsideVolatility^3,,第三矩只在r<mar子集；分母来自完整零填充的下行波动，不能直接下行skewness。,/Users/chenjunming/Desktop/KevinGit/PyFinance/MetricsFactory/period_metrics_cal.py,cal_SortinoSkewness,1092,5d;6d;7d;10d;15d;20d;25d;30d;35d;50d;75d;5m;6m;9m;12m;2y,dispatch present; not full runtime certification
period,NetEquitySlope,净值增长斜率 (代表了净值随时间的平均上升速度),scalar per interval,C,linear_slope(log(close)) / masked regression moments,,源码保留原观测位置；log定义域、NaN需适配。,/Users/chenjunming/Desktop/KevinGit/PyFinance/MetricsFactory/period_metrics_cal.py,cal_nv_slope_all,1126,5d;6d;7d;10d;15d;20d;25d;30d;35d;50d;75d;5m;6m;9m;12m;2y,dispatch present; not full runtime certification
period,EquitySmoothness,净值平滑度 (衡量策略净值序列与其线性拟合值之间的拟合程度),scalar per interval,C,1-SSE/SST using log(close) regression,,常数logNAV输出NaN；单一fit可复用多个投影。,/Users/chenjunming/Desktop/KevinGit/PyFinance/MetricsFactory/period_metrics_cal.py,cal_nv_slope_all,1126,5d;6d;7d;10d;15d;20d;25d;30d;35d;50d;75d;5m;6m;9m;12m;2y,dispatch present; not full runtime certification
period,VolAvg,平均成交量,scalar per interval,D,"mean_where(volume,valid)",,价量字段分别剔除全空行的参考行为需在边界明确。,/Users/chenjunming/Desktop/KevinGit/PyFinance/MetricsFactory/period_metrics_cal.py,cal_VolAvg,1155,5d;6d;7d;10d;15d;20d;25d;30d;35d;50d;75d;5m;6m;9m;12m;2y,dispatch present; not full runtime certification
period,VolSlope,成交量斜率,scalar per interval,C,linear_slope(volume) / masked regression moments,,NaN时原位置j不压缩；不应填0后直接回归。,/Users/chenjunming/Desktop/KevinGit/PyFinance/MetricsFactory/period_metrics_cal.py,cal_VolSlope,1159,3d;5d;10d;15d;25d;50d;75d;5m;6m,dispatch present; not full runtime certification
period,VolVolatility,成交量波动率,scalar per interval,D,"std_where(volume,valid)",,ddof=1。,/Users/chenjunming/Desktop/KevinGit/PyFinance/MetricsFactory/period_metrics_cal.py,cal_VolVolatility,1163,5d;6d;7d;10d;15d;20d;25d;30d;35d;50d;75d;5m;6m;9m;12m;2y,dispatch present; not full runtime certification
period,MaxHigh,最高价,scalar per interval,D,"max_where(high,valid)",,有效最高价最大值。,/Users/chenjunming/Desktop/KevinGit/PyFinance/MetricsFactory/period_metrics_cal.py,cal_MaxHigh,1167,2d;3d;5d;6d;7d;10d;15d;20d;25d;50d;75d;5m;6m;9m;12m;2y,dispatch present; not full runtime certification
period,MinLow,最低价,scalar per interval,D,"min_where(low,valid)",,有效最低价最小值。,/Users/chenjunming/Desktop/KevinGit/PyFinance/MetricsFactory/period_metrics_cal.py,cal_MinLow,1171,2d;3d;5d;6d;7d;10d;15d;20d;25d;50d;75d;5m;6m;9m;12m;2y,dispatch present; not full runtime certification
period,HLDiff,High-Low 差值,scalar per interval,C,"max_where(high,valid)-min_where(low,valid)",,两字段缺失策略按各自源码处理。,/Users/chenjunming/Desktop/KevinGit/PyFinance/MetricsFactory/period_metrics_cal.py,cal_HLDiff,1175,2d;3d;5d;6d;7d;10d;15d;20d;25d;50d;75d;5m;6m;9m;12m;2y,dispatch present; not full runtime certification
period,AvgHigh,High 平均值,scalar per interval,D,"mean_where(high,valid)",,有效最高价均值。,/Users/chenjunming/Desktop/KevinGit/PyFinance/MetricsFactory/period_metrics_cal.py,cal_AvgHigh,1179,2d;3d;5d;6d;7d;10d;15d;20d;25d;50d;75d;5m;6m;9m;12m;2y,dispatch present; not full runtime certification
period,AvgLow,Low 平均值,scalar per interval,D,"mean_where(low,valid)",,有效最低价均值。,/Users/chenjunming/Desktop/KevinGit/PyFinance/MetricsFactory/period_metrics_cal.py,cal_AvgLow,1183,2d;3d;5d;6d;7d;10d;15d;20d;25d;50d;75d;5m;6m;9m;12m;2y,dispatch present; not full runtime certification
rolling,PriceSigma,过去N天收盘价的滚动标准差,aligned time series,C,rolling_std / valid_count correction,K1,"源端从首行开始，单有效值std=0；不能直接rolling_std(x,N,1,1)。已有总体std和有效计数可修正。",/Users/chenjunming/Desktop/KevinGit/PyFinance/MetricsFactory/rolling_metrics_cal.py,cal_PriceSigma,324,3;4;5;6;7;8;9;10;12;14;15;19;20;22;25;26;30;35;60;99,dispatch present; not full runtime certification
rolling,CloseMA,N日移动平均收盘价,aligned time series,C,"rolling_mean(x,N,1) + row-warmup gate + arithmetic",K1,源端前N-1行固定NaN；之后只要1个有效值即求均值。min_periods=N和1单独都不等价。,/Users/chenjunming/Desktop/KevinGit/PyFinance/MetricsFactory/rolling_metrics_cal.py,cal_CloseMA,328,3;4;5;6;7;8;9;10;12;14;15;19;20;22;25;26;30;35;60;99,dispatch present; not full runtime certification
rolling,CloseMADiff,N日移动平均收盘价与当前收盘价的差值,aligned time series,C,"rolling_mean(x,N,1) + row-warmup gate + arithmetic",K1,源端前N-1行固定NaN；之后只要1个有效值即求均值。min_periods=N和1单独都不等价。,/Users/chenjunming/Desktop/KevinGit/PyFinance/MetricsFactory/rolling_metrics_cal.py,cal_CloseMADiff,332,3;4;5;6;7;8;9;10;12;14;15;19;20;22;25;26;30;35;60;99,dispatch present; not full runtime certification
rolling,BollUp-2,bolling 上轨,aligned time series,C,source-compatible CloseMA + PriceSigma + arithmetic,K1,复用均线和样本std；原始sigma早期规则、均线行预热需分别保留。,/Users/chenjunming/Desktop/KevinGit/PyFinance/MetricsFactory/rolling_metrics_cal.py,cal_Boll,346,3;4;5;6;7;8;9;10;12;14;15;19;20;22;25;26;30;35;60;99,dispatch present; not full runtime certification
rolling,BollUpDiff-2,bolling 上轨与收盘价之差,aligned time series,C,source-compatible CloseMA + PriceSigma + arithmetic,K1,复用均线和样本std；原始sigma早期规则、均线行预热需分别保留。,/Users/chenjunming/Desktop/KevinGit/PyFinance/MetricsFactory/rolling_metrics_cal.py,cal_Boll,346,3;4;5;6;7;8;9;10;12;14;15;19;20;22;25;26;30;35;60;99,dispatch present; not full runtime certification
rolling,BollDo-2,bolling 下轨,aligned time series,C,source-compatible CloseMA + PriceSigma + arithmetic,K1,复用均线和样本std；原始sigma早期规则、均线行预热需分别保留。,/Users/chenjunming/Desktop/KevinGit/PyFinance/MetricsFactory/rolling_metrics_cal.py,cal_Boll,346,3;4;5;6;7;8;9;10;12;14;15;19;20;22;25;26;30;35;60;99,dispatch present; not full runtime certification
rolling,BollDoDiff-2,bolling 下轨与收盘价之差,aligned time series,C,source-compatible CloseMA + PriceSigma + arithmetic,K1,复用均线和样本std；原始sigma早期规则、均线行预热需分别保留。,/Users/chenjunming/Desktop/KevinGit/PyFinance/MetricsFactory/rolling_metrics_cal.py,cal_Boll,346,3;4;5;6;7;8;9;10;12;14;15;19;20;22;25;26;30;35;60;99,dispatch present; not full runtime certification
rolling,BollUpDo-2,布林带宽度,aligned time series,C,source-compatible CloseMA + PriceSigma + arithmetic,K1,复用均线和样本std；原始sigma早期规则、均线行预热需分别保留。,/Users/chenjunming/Desktop/KevinGit/PyFinance/MetricsFactory/rolling_metrics_cal.py,cal_Boll,346,3;4;5;6;7;8;9;10;12;14;15;19;20;22;25;26;30;35;60;99,dispatch present; not full runtime certification
rolling,BollUp-3,bolling 上轨,aligned time series,C,source-compatible CloseMA + PriceSigma + arithmetic,K1,复用均线和样本std；原始sigma早期规则、均线行预热需分别保留。,/Users/chenjunming/Desktop/KevinGit/PyFinance/MetricsFactory/rolling_metrics_cal.py,cal_Boll,346,3;4;5;6;7;8;9;10;12;14;15;19;20;22;25;26;30;35;60;99,dispatch present; not full runtime certification
rolling,BollUpDiff-3,bolling 上轨与收盘价之差,aligned time series,C,source-compatible CloseMA + PriceSigma + arithmetic,K1,复用均线和样本std；原始sigma早期规则、均线行预热需分别保留。,/Users/chenjunming/Desktop/KevinGit/PyFinance/MetricsFactory/rolling_metrics_cal.py,cal_Boll,346,3;4;5;6;7;8;9;10;12;14;15;19;20;22;25;26;30;35;60;99,dispatch present; not full runtime certification
rolling,BollDo-3,bolling 下轨,aligned time series,C,source-compatible CloseMA + PriceSigma + arithmetic,K1,复用均线和样本std；原始sigma早期规则、均线行预热需分别保留。,/Users/chenjunming/Desktop/KevinGit/PyFinance/MetricsFactory/rolling_metrics_cal.py,cal_Boll,346,3;4;5;6;7;8;9;10;12;14;15;19;20;22;25;26;30;35;60;99,dispatch present; not full runtime certification
rolling,BollDoDiff-3,bolling 下轨与收盘价之差,aligned time series,C,source-compatible CloseMA + PriceSigma + arithmetic,K1,复用均线和样本std；原始sigma早期规则、均线行预热需分别保留。,/Users/chenjunming/Desktop/KevinGit/PyFinance/MetricsFactory/rolling_metrics_cal.py,cal_Boll,346,3;4;5;6;7;8;9;10;12;14;15;19;20;22;25;26;30;35;60;99,dispatch present; not full runtime certification
rolling,BollUpDo-3,布林带宽度,aligned time series,C,source-compatible CloseMA + PriceSigma + arithmetic,K1,复用均线和样本std；原始sigma早期规则、均线行预热需分别保留。,/Users/chenjunming/Desktop/KevinGit/PyFinance/MetricsFactory/rolling_metrics_cal.py,cal_Boll,346,3;4;5;6;7;8;9;10;12;14;15;19;20;22;25;26;30;35;60;99,dispatch present; not full runtime certification
rolling,L,过去N天的最低价 (KDJ相关指标),aligned time series,C,rolling_min/rolling_max(min_periods=1) + arithmetic,K1,从首行算部分窗口；RSV区间振幅为0时取50；NaN与零分母分开。,/Users/chenjunming/Desktop/KevinGit/PyFinance/MetricsFactory/rolling_metrics_cal.py,cal_L,362,3;4;5;6;7;8;9;10;12;14;15;19;20;22;25;26;30;35;60;99,dispatch present; not full runtime certification
rolling,H,过去N天的最高价 (KDJ相关指标),aligned time series,C,rolling_min/rolling_max(min_periods=1) + arithmetic,K1,从首行算部分窗口；RSV区间振幅为0时取50；NaN与零分母分开。,/Users/chenjunming/Desktop/KevinGit/PyFinance/MetricsFactory/rolling_metrics_cal.py,cal_H,366,3;4;5;6;7;8;9;10;12;14;15;19;20;22;25;26;30;35;60;99,dispatch present; not full runtime certification
rolling,RSV,RSV指标 (KDJ相关指标),aligned time series,C,rolling_min/rolling_max(min_periods=1) + arithmetic,K1,从首行算部分窗口；RSV区间振幅为0时取50；NaN与零分母分开。,/Users/chenjunming/Desktop/KevinGit/PyFinance/MetricsFactory/rolling_metrics_cal.py,cal_RSV,370,3;4;5;6;7;8;9;10;12;14;15;19;20;22;25;26;30;35;60;99,dispatch present; not full runtime certification
rolling,KDJ-K-3,KDJ 指标的 K 值,aligned time series,S,recursive_smooth twice + arithmetic,G1,初始第0天K=D=50且不吃RSV；缺失RSV时K和D同时停更并输出旧值；当前smooth输出NaN，D不能继续追赶。,/Users/chenjunming/Desktop/KevinGit/PyFinance/MetricsFactory/rolling_metrics_cal.py,cal_KDJ,386,3;4;5;6;7;8;9;10;12;14;15;19;20;22;25;26;30;35;60;99,dispatch present; not full runtime certification
rolling,KDJ-D-3,KDJ 指标的 D 值,aligned time series,S,recursive_smooth twice + arithmetic,G1,初始第0天K=D=50且不吃RSV；缺失RSV时K和D同时停更并输出旧值；当前smooth输出NaN，D不能继续追赶。,/Users/chenjunming/Desktop/KevinGit/PyFinance/MetricsFactory/rolling_metrics_cal.py,cal_KDJ,386,3;4;5;6;7;8;9;10;12;14;15;19;20;22;25;26;30;35;60;99,dispatch present; not full runtime certification
rolling,KDJ-J-3,KDJ 指标的 J 值,aligned time series,S,recursive_smooth twice + arithmetic,G1,初始第0天K=D=50且不吃RSV；缺失RSV时K和D同时停更并输出旧值；当前smooth输出NaN，D不能继续追赶。,/Users/chenjunming/Desktop/KevinGit/PyFinance/MetricsFactory/rolling_metrics_cal.py,cal_KDJ,386,3;4;5;6;7;8;9;10;12;14;15;19;20;22;25;26;30;35;60;99,dispatch present; not full runtime certification
rolling,KDJ-KD-3,KDJ 指标的 K 值与 D 值之差,aligned time series,S,recursive_smooth twice + arithmetic,G1,初始第0天K=D=50且不吃RSV；缺失RSV时K和D同时停更并输出旧值；当前smooth输出NaN，D不能继续追赶。,/Users/chenjunming/Desktop/KevinGit/PyFinance/MetricsFactory/rolling_metrics_cal.py,cal_KDJ,386,3;4;5;6;7;8;9;10;12;14;15;19;20;22;25;26;30;35;60;99,dispatch present; not full runtime certification
rolling,KDJ-KJ-3,KDJ 指标的 K 值与 J 值之差,aligned time series,S,recursive_smooth twice + arithmetic,G1,初始第0天K=D=50且不吃RSV；缺失RSV时K和D同时停更并输出旧值；当前smooth输出NaN，D不能继续追赶。,/Users/chenjunming/Desktop/KevinGit/PyFinance/MetricsFactory/rolling_metrics_cal.py,cal_KDJ,386,3;4;5;6;7;8;9;10;12;14;15;19;20;22;25;26;30;35;60;99,dispatch present; not full runtime certification
rolling,KDJ-DJ-3,KDJ 指标的 D 值与 J 值之差,aligned time series,S,recursive_smooth twice + arithmetic,G1,初始第0天K=D=50且不吃RSV；缺失RSV时K和D同时停更并输出旧值；当前smooth输出NaN，D不能继续追赶。,/Users/chenjunming/Desktop/KevinGit/PyFinance/MetricsFactory/rolling_metrics_cal.py,cal_KDJ,386,3;4;5;6;7;8;9;10;12;14;15;19;20;22;25;26;30;35;60;99,dispatch present; not full runtime certification
rolling,EMA,N日指数移动平均收盘价 (MACD相关指标),aligned time series,S,recursive_smooth / exponential recurrence + arithmetic,G1,EMA alpha=2/(N+1)、首个有效值seed、缺失输出上次值。current periods只能整数：偶数span不匹配；TRIX继承并需要EMA后同轴差分。,/Users/chenjunming/Desktop/KevinGit/PyFinance/MetricsFactory/rolling_metrics_cal.py,cal_EMA,405,3;4;5;6;7;8;9;10;12;14;15;19;20;22;25;26;30;35;60;99,dispatch present; not full runtime certification
rolling,EMADiff,N日指数移动平均收盘价与收盘价之差,aligned time series,S,recursive_smooth / exponential recurrence + arithmetic,G1,EMA alpha=2/(N+1)、首个有效值seed、缺失输出上次值。current periods只能整数：偶数span不匹配；TRIX继承并需要EMA后同轴差分。,/Users/chenjunming/Desktop/KevinGit/PyFinance/MetricsFactory/rolling_metrics_cal.py,cal_EMADiff,409,3;4;5;6;7;8;9;10;12;14;15;19;20;22;25;26;30;35;60;99,dispatch present; not full runtime certification
rolling,VolMA,N日移动平均成交量,aligned time series,C,"rolling_mean(x,N,1) + row-warmup gate + arithmetic",K1,源端前N-1行固定NaN；之后只要1个有效值即求均值。min_periods=N和1单独都不等价。,/Users/chenjunming/Desktop/KevinGit/PyFinance/MetricsFactory/rolling_metrics_cal.py,cal_VolMA,337,3;4;5;6;7;8;9;10;12;14;15;19;20;22;25;26;30;35;60;99,dispatch present; not full runtime certification
rolling,VolMADiff,N日移动平均成交量与当前成交量之差,aligned time series,C,"rolling_mean(x,N,1) + row-warmup gate + arithmetic",K1,源端前N-1行固定NaN；之后只要1个有效值即求均值。min_periods=N和1单独都不等价。,/Users/chenjunming/Desktop/KevinGit/PyFinance/MetricsFactory/rolling_metrics_cal.py,cal_VolMADiff,341,3;4;5;6;7;8;9;10;12;14;15;19;20;22;25;26;30;35;60;99,dispatch present; not full runtime certification
rolling,RSI,RSI 指标 (相对强弱指数),aligned time series,C,aligned delta + where + source-compatible rolling_mean,K1;K2,简单滚动平均gain/loss；首行diff NaN转0；loss=0用1e-10；不是Wilder RSI。,/Users/chenjunming/Desktop/KevinGit/PyFinance/MetricsFactory/rolling_metrics_cal.py,cal_RSI,414,3;4;5;6;7;8;9;10;12;14;15;19;20;22;25;26;30;35;60;99,dispatch present; not full runtime certification
rolling,OBV,OBV 指标 (能量潮指标),aligned time series,C,aligned delta + sign + multiply + cumulative_sum + rolling_mean,K1;K2,首日贡献0，nancumsum需在累计前仅把NaN贡献转0；不应让NaN污染后续。,/Users/chenjunming/Desktop/KevinGit/PyFinance/MetricsFactory/rolling_metrics_cal.py,cal_OBV,441,0,dispatch present; not full runtime certification
rolling,MAOBV,OBV 指标的移动平均,aligned time series,C,aligned delta + sign + multiply + cumulative_sum + rolling_mean,K1;K2,首日贡献0，nancumsum需在累计前仅把NaN贡献转0；不应让NaN污染后续。,/Users/chenjunming/Desktop/KevinGit/PyFinance/MetricsFactory/rolling_metrics_cal.py,cal_MAOBV,454,3;4;5;6;7;8;9;10;12;14;15;19;20;22;25;26;30;35;60;99,dispatch present; not full runtime certification
rolling,MAOBVDiff,OBV 指标的移动平均与 当前 OBV 指标之差,aligned time series,C,aligned delta + sign + multiply + cumulative_sum + rolling_mean,K1;K2,首日贡献0，nancumsum需在累计前仅把NaN贡献转0；不应让NaN污染后续。,/Users/chenjunming/Desktop/KevinGit/PyFinance/MetricsFactory/rolling_metrics_cal.py,cal_MAOBVDiff,459,3;4;5;6;7;8;9;10;12;14;15;19;20;22;25;26;30;35;60;99,dispatch present; not full runtime certification
rolling,PVT,PVT 指标 (量价趋势指标),aligned time series,C,aligned delta/previous close + volume + cumulative_sum + rolling_mean,K1;K2,pct_change非有限转0、首日PVT=0；后续nancumsum；必须先保护零分母。,/Users/chenjunming/Desktop/KevinGit/PyFinance/MetricsFactory/rolling_metrics_cal.py,cal_PVT,465,0,dispatch present; not full runtime certification
rolling,MAPVT,PVT 指标的移动平均,aligned time series,C,aligned delta/previous close + volume + cumulative_sum + rolling_mean,K1;K2,pct_change非有限转0、首日PVT=0；后续nancumsum；必须先保护零分母。,/Users/chenjunming/Desktop/KevinGit/PyFinance/MetricsFactory/rolling_metrics_cal.py,cal_MAPVT,487,3;4;5;6;7;8;9;10;12;14;15;19;20;22;25;26;30;35;60;99,dispatch present; not full runtime certification
rolling,MAPVTDiff,PVT 指标的移动平均与 当前 PVT 指标之差,aligned time series,C,aligned delta/previous close + volume + cumulative_sum + rolling_mean,K1;K2,pct_change非有限转0、首日PVT=0；后续nancumsum；必须先保护零分母。,/Users/chenjunming/Desktop/KevinGit/PyFinance/MetricsFactory/rolling_metrics_cal.py,cal_MAPVTDiff,492,3;4;5;6;7;8;9;10;12;14;15;19;20;22;25;26;30;35;60;99,dispatch present; not full runtime certification
rolling,MTM,MTM 指标 (动量指标),aligned time series,C,"rolling_apply(sum(difference(close,N)),N+1,1) + rolling_mean",K1;K2,"原始价差已有窗口组合路径；不能直接close-lag(close,N)。后续均线保留行预热。",/Users/chenjunming/Desktop/KevinGit/PyFinance/MetricsFactory/rolling_metrics_cal.py,cal_MTM,498,3;4;5;6;7;8;9;10;12;14;15;19;20;22;25;26;30;35;60;99,dispatch present; not full runtime certification
rolling,MTMMA-3,MTMMA 平滑动量指标,aligned time series,C,"rolling_apply(sum(difference(close,N)),N+1,1) + rolling_mean",K1;K2,"原始价差已有窗口组合路径；不能直接close-lag(close,N)。后续均线保留行预热。",/Users/chenjunming/Desktop/KevinGit/PyFinance/MetricsFactory/rolling_metrics_cal.py,cal_MTMMA,504,3;4;5;6;7;8;9;10;12;14;15;19;20;22;25;26;30;35;60;99,dispatch present; not full runtime certification
rolling,MTMMADiff-3,MTMMA 与 当前 MTM 的差值,aligned time series,C,"rolling_apply(sum(difference(close,N)),N+1,1) + rolling_mean",K1;K2,"原始价差已有窗口组合路径；不能直接close-lag(close,N)。后续均线保留行预热。",/Users/chenjunming/Desktop/KevinGit/PyFinance/MetricsFactory/rolling_metrics_cal.py,cal_MTMMADiff,511,3;4;5;6;7;8;9;10;12;14;15;19;20;22;25;26;30;35;60;99,dispatch present; not full runtime certification
rolling,MTMMA-6,MTMMA 平滑动量指标,aligned time series,C,"rolling_apply(sum(difference(close,N)),N+1,1) + rolling_mean",K1;K2,"原始价差已有窗口组合路径；不能直接close-lag(close,N)。后续均线保留行预热。",/Users/chenjunming/Desktop/KevinGit/PyFinance/MetricsFactory/rolling_metrics_cal.py,cal_MTMMA,504,3;4;5;6;7;8;9;10;12;14;15;19;20;22;25;26;30;35;60;99,dispatch present; not full runtime certification
rolling,MTMMADiff-6,MTMMA 与 当前 MTM 的差值,aligned time series,C,"rolling_apply(sum(difference(close,N)),N+1,1) + rolling_mean",K1;K2,"原始价差已有窗口组合路径；不能直接close-lag(close,N)。后续均线保留行预热。",/Users/chenjunming/Desktop/KevinGit/PyFinance/MetricsFactory/rolling_metrics_cal.py,cal_MTMMADiff,511,3;4;5;6;7;8;9;10;12;14;15;19;20;22;25;26;30;35;60;99,dispatch present; not full runtime certification
rolling,MTMMA-10,MTMMA 平滑动量指标,aligned time series,C,"rolling_apply(sum(difference(close,N)),N+1,1) + rolling_mean",K1;K2,"原始价差已有窗口组合路径；不能直接close-lag(close,N)。后续均线保留行预热。",/Users/chenjunming/Desktop/KevinGit/PyFinance/MetricsFactory/rolling_metrics_cal.py,cal_MTMMA,504,3;4;5;6;7;8;9;10;12;14;15;19;20;22;25;26;30;35;60;99,dispatch present; not full runtime certification
rolling,MTMMADiff-10,MTMMA 与 当前 MTM 的差值,aligned time series,C,"rolling_apply(sum(difference(close,N)),N+1,1) + rolling_mean",K1;K2,"原始价差已有窗口组合路径；不能直接close-lag(close,N)。后续均线保留行预热。",/Users/chenjunming/Desktop/KevinGit/PyFinance/MetricsFactory/rolling_metrics_cal.py,cal_MTMMADiff,511,3;4;5;6;7;8;9;10;12;14;15;19;20;22;25;26;30;35;60;99,dispatch present; not full runtime certification
rolling,TRIX,TRIX 指标 (三重指数平滑移动平均),aligned time series,S,recursive_smooth / exponential recurrence + arithmetic,G1;G2,EMA alpha=2/(N+1)、首个有效值seed、缺失输出上次值。current periods只能整数：偶数span不匹配；TRIX继承并需要EMA后同轴差分。,/Users/chenjunming/Desktop/KevinGit/PyFinance/MetricsFactory/rolling_metrics_cal.py,cal_TRIX,519,3;4;5;6;7;8;9;10;12;14;15;19;20;22;25;26;30;35;60;99,dispatch present; not full runtime certification
rolling,MATRIX-3,TRIX 的移动平均,aligned time series,S,recursive_smooth / exponential recurrence + arithmetic,G1;G2,EMA alpha=2/(N+1)、首个有效值seed、缺失输出上次值。current periods只能整数：偶数span不匹配；TRIX继承并需要EMA后同轴差分。,/Users/chenjunming/Desktop/KevinGit/PyFinance/MetricsFactory/rolling_metrics_cal.py,cal_MATRIX,529,3;4;5;6;7;8;9;10;12;14;15;19;20;22;25;26;30;35;60;99,dispatch present; not full runtime certification
rolling,MATRIXDiff-3,TRIX 移动平均与当前 TRIX 的差值,aligned time series,S,recursive_smooth / exponential recurrence + arithmetic,G1;G2,EMA alpha=2/(N+1)、首个有效值seed、缺失输出上次值。current periods只能整数：偶数span不匹配；TRIX继承并需要EMA后同轴差分。,/Users/chenjunming/Desktop/KevinGit/PyFinance/MetricsFactory/rolling_metrics_cal.py,cal_MATRIXDiff,536,3;4;5;6;7;8;9;10;12;14;15;19;20;22;25;26;30;35;60;99,dispatch present; not full runtime certification
rolling,MATRIX-5,TRIX 的移动平均,aligned time series,S,recursive_smooth / exponential recurrence + arithmetic,G1;G2,EMA alpha=2/(N+1)、首个有效值seed、缺失输出上次值。current periods只能整数：偶数span不匹配；TRIX继承并需要EMA后同轴差分。,/Users/chenjunming/Desktop/KevinGit/PyFinance/MetricsFactory/rolling_metrics_cal.py,cal_MATRIX,529,3;4;5;6;7;8;9;10;12;14;15;19;20;22;25;26;30;35;60;99,dispatch present; not full runtime certification
rolling,MATRIXDiff-5,TRIX 移动平均与当前 TRIX 的差值,aligned time series,S,recursive_smooth / exponential recurrence + arithmetic,G1;G2,EMA alpha=2/(N+1)、首个有效值seed、缺失输出上次值。current periods只能整数：偶数span不匹配；TRIX继承并需要EMA后同轴差分。,/Users/chenjunming/Desktop/KevinGit/PyFinance/MetricsFactory/rolling_metrics_cal.py,cal_MATRIXDiff,536,3;4;5;6;7;8;9;10;12;14;15;19;20;22;25;26;30;35;60;99,dispatch present; not full runtime certification
rolling,PSY,PSY 指标 (心理线 Psychological Line),aligned time series,C,aligned delta + count/rolling sum + rolling_mean,K1;K2,上涨计数/N*100；早期分母仍是N，不是当前有效行数。,/Users/chenjunming/Desktop/KevinGit/PyFinance/MetricsFactory/rolling_metrics_cal.py,cal_PSY,544,3;4;5;6;7;8;9;10;12;14;15;19;20;22;25;26;30;35;60;99,dispatch present; not full runtime certification
rolling,MAPSY-3,心理线的移动均线,aligned time series,C,aligned delta + count/rolling sum + rolling_mean,K1;K2,上涨计数/N*100；早期分母仍是N，不是当前有效行数。,/Users/chenjunming/Desktop/KevinGit/PyFinance/MetricsFactory/rolling_metrics_cal.py,cal_MAPSY,562,3;4;5;6;7;8;9;10;12;14;15;19;20;22;25;26;30;35;60;99,dispatch present; not full runtime certification
rolling,MAPSYDiff-3,心理线的移动均线 与 当前 PSY 的差值,aligned time series,C,aligned delta + count/rolling sum + rolling_mean,K1;K2,上涨计数/N*100；早期分母仍是N，不是当前有效行数。,/Users/chenjunming/Desktop/KevinGit/PyFinance/MetricsFactory/rolling_metrics_cal.py,cal_MAPSYDiff,569,3;4;5;6;7;8;9;10;12;14;15;19;20;22;25;26;30;35;60;99,dispatch present; not full runtime certification
rolling,MAPSY-6,心理线的移动均线,aligned time series,C,aligned delta + count/rolling sum + rolling_mean,K1;K2,上涨计数/N*100；早期分母仍是N，不是当前有效行数。,/Users/chenjunming/Desktop/KevinGit/PyFinance/MetricsFactory/rolling_metrics_cal.py,cal_MAPSY,562,3;4;5;6;7;8;9;10;12;14;15;19;20;22;25;26;30;35;60;99,dispatch present; not full runtime certification
rolling,MAPSYDiff-6,心理线的移动均线 与 当前 PSY 的差值,aligned time series,C,aligned delta + count/rolling sum + rolling_mean,K1;K2,上涨计数/N*100；早期分母仍是N，不是当前有效行数。,/Users/chenjunming/Desktop/KevinGit/PyFinance/MetricsFactory/rolling_metrics_cal.py,cal_MAPSYDiff,569,3;4;5;6;7;8;9;10;12;14;15;19;20;22;25;26;30;35;60;99,dispatch present; not full runtime certification
rolling,CCI,CCI 指标 (顺势指标),aligned time series,C,TP + rolling_mean + absolute + rolling_mean + divide,K1,源码MD是 abs(TP_t-MA_t) 的第二次均线，并非每个窗口对同一中心的MAD。,/Users/chenjunming/Desktop/KevinGit/PyFinance/MetricsFactory/rolling_metrics_cal.py,cal_CCI,577,3;4;5;6;7;8;9;10;12;14;15;19;20;22;25;26;30;35;60;99,dispatch present; not full runtime certification
rolling,CR,CR 指标 (现价能量强度指标),aligned time series,C,aligned previous value + where + window sum + arithmetic,K1;K2,有数学组合路径；roll sum全空NaN，部分窗口有效；0分母NaN；多字段joint min_periods不能改变源端各分量缺失处理。,/Users/chenjunming/Desktop/KevinGit/PyFinance/MetricsFactory/rolling_metrics_cal.py,cal_CR,593,3;4;5;6;7;8;9;10;12;14;15;19;20;22;25;26;30;35;60;99,dispatch present; not full runtime certification
rolling,MACR-10-5,CR指标的N移动平均往后移动M天,aligned time series,G,rolling reductions + aligned shift of derived series,G2,数学已齐；现有lag裁短，派生滚动结果不能被rolling_apply捕获重绑，且body禁止嵌套滚动。需通用同轴shift或显式表达式捕获。,/Users/chenjunming/Desktop/KevinGit/PyFinance/MetricsFactory/rolling_metrics_cal.py,cal_MACR,624,3;4;5;6;7;8;9;10;12;14;15;19;20;22;25;26;30;35;60;99,dispatch present; not full runtime certification
rolling,MACRDiff-10-5,CR指标的N移动平均往后移动M天 与 当前CR指标之差,aligned time series,G,rolling reductions + aligned shift of derived series,G2,数学已齐；现有lag裁短，派生滚动结果不能被rolling_apply捕获重绑，且body禁止嵌套滚动。需通用同轴shift或显式表达式捕获。,/Users/chenjunming/Desktop/KevinGit/PyFinance/MetricsFactory/rolling_metrics_cal.py,cal_MACRDiff,635,3;4;5;6;7;8;9;10;12;14;15;19;20;22;25;26;30;35;60;99,dispatch present; not full runtime certification
rolling,MACR-20-9,CR指标的N移动平均往后移动M天,aligned time series,G,rolling reductions + aligned shift of derived series,G2,数学已齐；现有lag裁短，派生滚动结果不能被rolling_apply捕获重绑，且body禁止嵌套滚动。需通用同轴shift或显式表达式捕获。,/Users/chenjunming/Desktop/KevinGit/PyFinance/MetricsFactory/rolling_metrics_cal.py,cal_MACR,624,3;4;5;6;7;8;9;10;12;14;15;19;20;22;25;26;30;35;60;99,dispatch present; not full runtime certification
rolling,MACRDiff-20-9,CR指标的N移动平均往后移动M天 与 当前CR指标之差,aligned time series,G,rolling reductions + aligned shift of derived series,G2,数学已齐；现有lag裁短，派生滚动结果不能被rolling_apply捕获重绑，且body禁止嵌套滚动。需通用同轴shift或显式表达式捕获。,/Users/chenjunming/Desktop/KevinGit/PyFinance/MetricsFactory/rolling_metrics_cal.py,cal_MACRDiff,635,3;4;5;6;7;8;9;10;12;14;15;19;20;22;25;26;30;35;60;99,dispatch present; not full runtime certification
rolling,MACR-40-17,CR指标的N移动平均往后移动M天,aligned time series,G,rolling reductions + aligned shift of derived series,G2,数学已齐；现有lag裁短，派生滚动结果不能被rolling_apply捕获重绑，且body禁止嵌套滚动。需通用同轴shift或显式表达式捕获。,/Users/chenjunming/Desktop/KevinGit/PyFinance/MetricsFactory/rolling_metrics_cal.py,cal_MACR,624,3;4;5;6;7;8;9;10;12;14;15;19;20;22;25;26;30;35;60;99,dispatch present; not full runtime certification
rolling,MACRDiff-40-17,CR指标的N移动平均往后移动M天 与 当前CR指标之差,aligned time series,G,rolling reductions + aligned shift of derived series,G2,数学已齐；现有lag裁短，派生滚动结果不能被rolling_apply捕获重绑，且body禁止嵌套滚动。需通用同轴shift或显式表达式捕获。,/Users/chenjunming/Desktop/KevinGit/PyFinance/MetricsFactory/rolling_metrics_cal.py,cal_MACRDiff,635,3;4;5;6;7;8;9;10;12;14;15;19;20;22;25;26;30;35;60;99,dispatch present; not full runtime certification
rolling,MACR-62-28,CR指标的N移动平均往后移动M天,aligned time series,G,rolling reductions + aligned shift of derived series,G2,数学已齐；现有lag裁短，派生滚动结果不能被rolling_apply捕获重绑，且body禁止嵌套滚动。需通用同轴shift或显式表达式捕获。,/Users/chenjunming/Desktop/KevinGit/PyFinance/MetricsFactory/rolling_metrics_cal.py,cal_MACR,624,3;4;5;6;7;8;9;10;12;14;15;19;20;22;25;26;30;35;60;99,dispatch present; not full runtime certification
rolling,MACRDiff-62-28,CR指标的N移动平均往后移动M天 与 当前CR指标之差,aligned time series,G,rolling reductions + aligned shift of derived series,G2,数学已齐；现有lag裁短，派生滚动结果不能被rolling_apply捕获重绑，且body禁止嵌套滚动。需通用同轴shift或显式表达式捕获。,/Users/chenjunming/Desktop/KevinGit/PyFinance/MetricsFactory/rolling_metrics_cal.py,cal_MACRDiff,635,3;4;5;6;7;8;9;10;12;14;15;19;20;22;25;26;30;35;60;99,dispatch present; not full runtime certification
rolling,VR,VR 指标 (成交量变异率),aligned time series,C,aligned previous value + where + window sum + arithmetic,K1;K2,有数学组合路径；roll sum全空NaN，部分窗口有效；0分母NaN；多字段joint min_periods不能改变源端各分量缺失处理。,/Users/chenjunming/Desktop/KevinGit/PyFinance/MetricsFactory/rolling_metrics_cal.py,cal_VR,643,3;4;5;6;7;8;9;10;12;14;15;19;20;22;25;26;30;35;60;99,dispatch present; not full runtime certification
rolling,MAVR-3,VR 指标的移动平均,aligned time series,C,aligned previous value + where + window sum + arithmetic,K1;K2,有数学组合路径；roll sum全空NaN，部分窗口有效；0分母NaN；多字段joint min_periods不能改变源端各分量缺失处理。,/Users/chenjunming/Desktop/KevinGit/PyFinance/MetricsFactory/rolling_metrics_cal.py,cal_MAVR,668,3;4;5;6;7;8;9;10;12;14;15;19;20;22;25;26;30;35;60;99,dispatch present; not full runtime certification
rolling,MAVRDiff-3,VR的移动平均 与 当前VR指标之差,aligned time series,C,aligned previous value + where + window sum + arithmetic,K1;K2,有数学组合路径；roll sum全空NaN，部分窗口有效；0分母NaN；多字段joint min_periods不能改变源端各分量缺失处理。,/Users/chenjunming/Desktop/KevinGit/PyFinance/MetricsFactory/rolling_metrics_cal.py,cal_MAVRDiff,674,3;4;5;6;7;8;9;10;12;14;15;19;20;22;25;26;30;35;60;99,dispatch present; not full runtime certification
rolling,MAVR-6,VR 指标的移动平均,aligned time series,C,aligned previous value + where + window sum + arithmetic,K1;K2,有数学组合路径；roll sum全空NaN，部分窗口有效；0分母NaN；多字段joint min_periods不能改变源端各分量缺失处理。,/Users/chenjunming/Desktop/KevinGit/PyFinance/MetricsFactory/rolling_metrics_cal.py,cal_MAVR,668,3;4;5;6;7;8;9;10;12;14;15;19;20;22;25;26;30;35;60;99,dispatch present; not full runtime certification
rolling,MAVRDiff-6,VR的移动平均 与 当前VR指标之差,aligned time series,C,aligned previous value + where + window sum + arithmetic,K1;K2,有数学组合路径；roll sum全空NaN，部分窗口有效；0分母NaN；多字段joint min_periods不能改变源端各分量缺失处理。,/Users/chenjunming/Desktop/KevinGit/PyFinance/MetricsFactory/rolling_metrics_cal.py,cal_MAVRDiff,674,3;4;5;6;7;8;9;10;12;14;15;19;20;22;25;26;30;35;60;99,dispatch present; not full runtime certification
rolling,MAVR-12,VR 指标的移动平均,aligned time series,C,aligned previous value + where + window sum + arithmetic,K1;K2,有数学组合路径；roll sum全空NaN，部分窗口有效；0分母NaN；多字段joint min_periods不能改变源端各分量缺失处理。,/Users/chenjunming/Desktop/KevinGit/PyFinance/MetricsFactory/rolling_metrics_cal.py,cal_MAVR,668,3;4;5;6;7;8;9;10;12;14;15;19;20;22;25;26;30;35;60;99,dispatch present; not full runtime certification
rolling,MAVRDiff-12,VR的移动平均 与 当前VR指标之差,aligned time series,C,aligned previous value + where + window sum + arithmetic,K1;K2,有数学组合路径；roll sum全空NaN，部分窗口有效；0分母NaN；多字段joint min_periods不能改变源端各分量缺失处理。,/Users/chenjunming/Desktop/KevinGit/PyFinance/MetricsFactory/rolling_metrics_cal.py,cal_MAVRDiff,674,3;4;5;6;7;8;9;10;12;14;15;19;20;22;25;26;30;35;60;99,dispatch present; not full runtime certification
rolling,AR,AR（人气指标）,aligned time series,C,aligned previous value + where + window sum + arithmetic,K1;K2,有数学组合路径；roll sum全空NaN，部分窗口有效；0分母NaN；多字段joint min_periods不能改变源端各分量缺失处理。,/Users/chenjunming/Desktop/KevinGit/PyFinance/MetricsFactory/rolling_metrics_cal.py,cal_AR,682,3;4;5;6;7;8;9;10;12;14;15;19;20;22;25;26;30;35;60;99,dispatch present; not full runtime certification
rolling,BR,BR（买气指标）,aligned time series,C,aligned previous value + where + window sum + arithmetic,K1;K2,有数学组合路径；roll sum全空NaN，部分窗口有效；0分母NaN；多字段joint min_periods不能改变源端各分量缺失处理。,/Users/chenjunming/Desktop/KevinGit/PyFinance/MetricsFactory/rolling_metrics_cal.py,cal_BR,696,3;4;5;6;7;8;9;10;12;14;15;19;20;22;25;26;30;35;60;99,dispatch present; not full runtime certification
rolling,BRARDiff,BR 与 AR 之差,aligned time series,C,aligned previous value + where + window sum + arithmetic,K1;K2,有数学组合路径；roll sum全空NaN，部分窗口有效；0分母NaN；多字段joint min_periods不能改变源端各分量缺失处理。,/Users/chenjunming/Desktop/KevinGit/PyFinance/MetricsFactory/rolling_metrics_cal.py,cal_BRARDiff,714,3;4;5;6;7;8;9;10;12;14;15;19;20;22;25;26;30;35;60;99,dispatch present; not full runtime certification
rolling,ARDiff-40,AR 与 40 之差,aligned time series,C,aligned previous value + where + window sum + arithmetic,K1;K2,有数学组合路径；roll sum全空NaN，部分窗口有效；0分母NaN；多字段joint min_periods不能改变源端各分量缺失处理。,/Users/chenjunming/Desktop/KevinGit/PyFinance/MetricsFactory/rolling_metrics_cal.py,cal_ARDiff,720,3;4;5;6;7;8;9;10;12;14;15;19;20;22;25;26;30;35;60;99,dispatch present; not full runtime certification
rolling,ARDiff-180,AR 与 180 之差,aligned time series,C,aligned previous value + where + window sum + arithmetic,K1;K2,有数学组合路径；roll sum全空NaN，部分窗口有效；0分母NaN；多字段joint min_periods不能改变源端各分量缺失处理。,/Users/chenjunming/Desktop/KevinGit/PyFinance/MetricsFactory/rolling_metrics_cal.py,cal_ARDiff,720,3;4;5;6;7;8;9;10;12;14;15;19;20;22;25;26;30;35;60;99,dispatch present; not full runtime certification
rolling,BRDiff-400,BR 与 400 之差,aligned time series,C,aligned previous value + where + window sum + arithmetic,K1;K2,有数学组合路径；roll sum全空NaN，部分窗口有效；0分母NaN；多字段joint min_periods不能改变源端各分量缺失处理。,/Users/chenjunming/Desktop/KevinGit/PyFinance/MetricsFactory/rolling_metrics_cal.py,cal_BRDiff,726,3;4;5;6;7;8;9;10;12;14;15;19;20;22;25;26;30;35;60;99,dispatch present; not full runtime certification
rolling,BRDiff-40,BR 与 40 之差,aligned time series,C,aligned previous value + where + window sum + arithmetic,K1;K2,有数学组合路径；roll sum全空NaN，部分窗口有效；0分母NaN；多字段joint min_periods不能改变源端各分量缺失处理。,/Users/chenjunming/Desktop/KevinGit/PyFinance/MetricsFactory/rolling_metrics_cal.py,cal_BRDiff,726,3;4;5;6;7;8;9;10;12;14;15;19;20;22;25;26;30;35;60;99,dispatch present; not full runtime certification
rolling,BIAS,乖离率,aligned time series,C,(close-CloseMA)/CloseMA*100 + rolling_mean,K1,均线口径与零分母结果需适配。,/Users/chenjunming/Desktop/KevinGit/PyFinance/MetricsFactory/rolling_metrics_cal.py,cal_BIAS,732,3;4;5;6;7;8;9;10;12;14;15;19;20;22;25;26;30;35;60;99,dispatch present; not full runtime certification
rolling,MABIAS-5,乖离率的移动均值,aligned time series,C,(close-CloseMA)/CloseMA*100 + rolling_mean,K1,均线口径与零分母结果需适配。,/Users/chenjunming/Desktop/KevinGit/PyFinance/MetricsFactory/rolling_metrics_cal.py,cal_MABIAS,740,3;4;5;6;7;8;9;10;12;14;15;19;20;22;25;26;30;35;60;99,dispatch present; not full runtime certification
rolling,MABIASDiff-5,乖离率移动均值 与 当前 BIAS 之差,aligned time series,C,(close-CloseMA)/CloseMA*100 + rolling_mean,K1,均线口径与零分母结果需适配。,/Users/chenjunming/Desktop/KevinGit/PyFinance/MetricsFactory/rolling_metrics_cal.py,cal_MABIAS,740,3;4;5;6;7;8;9;10;12;14;15;19;20;22;25;26;30;35;60;99,dispatch present; not full runtime certification
rolling,MABIAS-10,乖离率的移动均值,aligned time series,C,(close-CloseMA)/CloseMA*100 + rolling_mean,K1,均线口径与零分母结果需适配。,/Users/chenjunming/Desktop/KevinGit/PyFinance/MetricsFactory/rolling_metrics_cal.py,cal_MABIAS,740,3;4;5;6;7;8;9;10;12;14;15;19;20;22;25;26;30;35;60;99,dispatch present; not full runtime certification
rolling,MABIASDiff-10,乖离率移动均值 与 当前 BIAS 之差,aligned time series,C,(close-CloseMA)/CloseMA*100 + rolling_mean,K1,均线口径与零分母结果需适配。,/Users/chenjunming/Desktop/KevinGit/PyFinance/MetricsFactory/rolling_metrics_cal.py,cal_MABIAS,740,3;4;5;6;7;8;9;10;12;14;15;19;20;22;25;26;30;35;60;99,dispatch present; not full runtime certification
rolling,TR,真实波动范围,aligned time series,C,aligned differences + masked maxima + rolling sums + rolling_mean,K1;K2,"TR为fmax(H-L,abs(H-prevC),abs(L-prevC))；PDI/MDI严格大于并以sum平滑，ADX是abs差比再简单均线。",/Users/chenjunming/Desktop/KevinGit/PyFinance/MetricsFactory/rolling_metrics_cal.py,cal_TR,748,0,dispatch present; not full runtime certification
rolling,PDI,正向动向,aligned time series,C,aligned differences + masked maxima + rolling sums + rolling_mean,K1;K2,"TR为fmax(H-L,abs(H-prevC),abs(L-prevC))；PDI/MDI严格大于并以sum平滑，ADX是abs差比再简单均线。",/Users/chenjunming/Desktop/KevinGit/PyFinance/MetricsFactory/rolling_metrics_cal.py,cal_PDI,786,3;4;5;6;7;8;9;10;12;14;15;19;20;22;25;26;30;35;60;99,dispatch present; not full runtime certification
rolling,MDI,反向动向,aligned time series,C,aligned differences + masked maxima + rolling sums + rolling_mean,K1;K2,"TR为fmax(H-L,abs(H-prevC),abs(L-prevC))；PDI/MDI严格大于并以sum平滑，ADX是abs差比再简单均线。",/Users/chenjunming/Desktop/KevinGit/PyFinance/MetricsFactory/rolling_metrics_cal.py,cal_MDI,806,3;4;5;6;7;8;9;10;12;14;15;19;20;22;25;26;30;35;60;99,dispatch present; not full runtime certification
rolling,PDIMDIDiff,PDI 与 MDI 之差,aligned time series,C,aligned differences + masked maxima + rolling sums + rolling_mean,K1;K2,"TR为fmax(H-L,abs(H-prevC),abs(L-prevC))；PDI/MDI严格大于并以sum平滑，ADX是abs差比再简单均线。",/Users/chenjunming/Desktop/KevinGit/PyFinance/MetricsFactory/rolling_metrics_cal.py,cal_PDIMDIDiff,829,3;4;5;6;7;8;9;10;12;14;15;19;20;22;25;26;30;35;60;99,dispatch present; not full runtime certification
rolling,ADX-6,平均趋向指数,aligned time series,C,aligned differences + masked maxima + rolling sums + rolling_mean,K1;K2,"TR为fmax(H-L,abs(H-prevC),abs(L-prevC))；PDI/MDI严格大于并以sum平滑，ADX是abs差比再简单均线。",/Users/chenjunming/Desktop/KevinGit/PyFinance/MetricsFactory/rolling_metrics_cal.py,cal_ADX,836,3;4;5;6;7;8;9;10;12;14;15;19;20;22;25;26;30;35;60;99,dispatch present; not full runtime certification
rolling,ADXR-6-6,平均趋向指数平滑值,aligned time series,G,rolling reductions + aligned shift of derived series,G2,数学已齐；现有lag裁短，派生滚动结果不能被rolling_apply捕获重绑，且body禁止嵌套滚动。需通用同轴shift或显式表达式捕获。,/Users/chenjunming/Desktop/KevinGit/PyFinance/MetricsFactory/rolling_metrics_cal.py,cal_ADXR,853,3;4;5;6;7;8;9;10;12;14;15;19;20;22;25;26;30;35;60;99,dispatch present; not full runtime certification
rolling,ADXRDiff-6-6,ADX的平滑值 与 ADX 之差,aligned time series,G,rolling reductions + aligned shift of derived series,G2,数学已齐；现有lag裁短，派生滚动结果不能被rolling_apply捕获重绑，且body禁止嵌套滚动。需通用同轴shift或显式表达式捕获。,/Users/chenjunming/Desktop/KevinGit/PyFinance/MetricsFactory/rolling_metrics_cal.py,cal_ADXR,853,3;4;5;6;7;8;9;10;12;14;15;19;20;22;25;26;30;35;60;99,dispatch present; not full runtime certification
rolling,ADXR-6-14,平均趋向指数平滑值,aligned time series,G,rolling reductions + aligned shift of derived series,G2,数学已齐；现有lag裁短，派生滚动结果不能被rolling_apply捕获重绑，且body禁止嵌套滚动。需通用同轴shift或显式表达式捕获。,/Users/chenjunming/Desktop/KevinGit/PyFinance/MetricsFactory/rolling_metrics_cal.py,cal_ADXR,853,3;4;5;6;7;8;9;10;12;14;15;19;20;22;25;26;30;35;60;99,dispatch present; not full runtime certification
rolling,ADXRDiff-6-14,ADX的平滑值 与 ADX 之差,aligned time series,G,rolling reductions + aligned shift of derived series,G2,数学已齐；现有lag裁短，派生滚动结果不能被rolling_apply捕获重绑，且body禁止嵌套滚动。需通用同轴shift或显式表达式捕获。,/Users/chenjunming/Desktop/KevinGit/PyFinance/MetricsFactory/rolling_metrics_cal.py,cal_ADXR,853,3;4;5;6;7;8;9;10;12;14;15;19;20;22;25;26;30;35;60;99,dispatch present; not full runtime certification
rolling,DKX,DKX 指标 (多空指标),aligned time series,C,B=(3*C+H+L+O)/6; window index-weighted sum / 210; rolling_mean,K1,底层DKX固定20，不随rolling_days变；可用cumulative_sum生成1..20权重，NaN贡献0且固定分母。非必须新WMA算子；全空窗口/预热契约仍待适配。,/Users/chenjunming/Desktop/KevinGit/PyFinance/MetricsFactory/rolling_metrics_cal.py,cal_DKX,869,3;4;5;6;7;8;9;10;12;14;15;19;20;22;25;26;30;35;60;99,dispatch present; not full runtime certification
rolling,DKXDiff,DKX 与 当前收盘价的差值,aligned time series,C,B=(3*C+H+L+O)/6; window index-weighted sum / 210; rolling_mean,K1,底层DKX固定20，不随rolling_days变；可用cumulative_sum生成1..20权重，NaN贡献0且固定分母。非必须新WMA算子；全空窗口/预热契约仍待适配。,/Users/chenjunming/Desktop/KevinGit/PyFinance/MetricsFactory/rolling_metrics_cal.py,cal_DKXDiff,878,3;4;5;6;7;8;9;10;12;14;15;19;20;22;25;26;30;35;60;99,dispatch present; not full runtime certification
rolling,MADKX-5,DKX 指标的移动平均,aligned time series,C,B=(3*C+H+L+O)/6; window index-weighted sum / 210; rolling_mean,K1,底层DKX固定20，不随rolling_days变；可用cumulative_sum生成1..20权重，NaN贡献0且固定分母。非必须新WMA算子；全空窗口/预热契约仍待适配。,/Users/chenjunming/Desktop/KevinGit/PyFinance/MetricsFactory/rolling_metrics_cal.py,cal_MADKX,883,3;4;5;6;7;8;9;10;12;14;15;19;20;22;25;26;30;35;60;99,dispatch present; not full runtime certification
rolling,MADKXDiff-5,DKX的移动平均 与 DKX 的差值,aligned time series,C,B=(3*C+H+L+O)/6; window index-weighted sum / 210; rolling_mean,K1,底层DKX固定20，不随rolling_days变；可用cumulative_sum生成1..20权重，NaN贡献0且固定分母。非必须新WMA算子；全空窗口/预热契约仍待适配。,/Users/chenjunming/Desktop/KevinGit/PyFinance/MetricsFactory/rolling_metrics_cal.py,cal_MADKX,883,3;4;5;6;7;8;9;10;12;14;15;19;20;22;25;26;30;35;60;99,dispatch present; not full runtime certification
rolling,MADKX-10,DKX 指标的移动平均,aligned time series,C,B=(3*C+H+L+O)/6; window index-weighted sum / 210; rolling_mean,K1,底层DKX固定20，不随rolling_days变；可用cumulative_sum生成1..20权重，NaN贡献0且固定分母。非必须新WMA算子；全空窗口/预热契约仍待适配。,/Users/chenjunming/Desktop/KevinGit/PyFinance/MetricsFactory/rolling_metrics_cal.py,cal_MADKX,883,3;4;5;6;7;8;9;10;12;14;15;19;20;22;25;26;30;35;60;99,dispatch present; not full runtime certification
rolling,MADKXDiff-10,DKX的移动平均 与 DKX 的差值,aligned time series,C,B=(3*C+H+L+O)/6; window index-weighted sum / 210; rolling_mean,K1,底层DKX固定20，不随rolling_days变；可用cumulative_sum生成1..20权重，NaN贡献0且固定分母。非必须新WMA算子；全空窗口/预热契约仍待适配。,/Users/chenjunming/Desktop/KevinGit/PyFinance/MetricsFactory/rolling_metrics_cal.py,cal_MADKX,883,3;4;5;6;7;8;9;10;12;14;15;19;20;22;25;26;30;35;60;99,dispatch present; not full runtime certification
rolling,MADKX-15,DKX 指标的移动平均,aligned time series,C,B=(3*C+H+L+O)/6; window index-weighted sum / 210; rolling_mean,K1,底层DKX固定20，不随rolling_days变；可用cumulative_sum生成1..20权重，NaN贡献0且固定分母。非必须新WMA算子；全空窗口/预热契约仍待适配。,/Users/chenjunming/Desktop/KevinGit/PyFinance/MetricsFactory/rolling_metrics_cal.py,cal_MADKX,883,3;4;5;6;7;8;9;10;12;14;15;19;20;22;25;26;30;35;60;99,dispatch present; not full runtime certification
rolling,MADKXDiff-15,DKX的移动平均 与 DKX 的差值,aligned time series,C,B=(3*C+H+L+O)/6; window index-weighted sum / 210; rolling_mean,K1,底层DKX固定20，不随rolling_days变；可用cumulative_sum生成1..20权重，NaN贡献0且固定分母。非必须新WMA算子；全空窗口/预热契约仍待适配。,/Users/chenjunming/Desktop/KevinGit/PyFinance/MetricsFactory/rolling_metrics_cal.py,cal_MADKX,883,3;4;5;6;7;8;9;10;12;14;15;19;20;22;25;26;30;35;60;99,dispatch present; not full runtime certification
fear,breadth_advancing_ratio,,dated series / panel,G,count(pct_chg>0) / active_count,G4,单组数值归约已有；当前interval DAG不绑定asset矩阵/稳定类别/分组广播，不能把逐组Python循环当成一体化原生图。输入表对齐及成员PIT属上游。,/Users/chenjunming/.codex/skills/metrics-factory/scripts/run_a_share_fear_indicators.py,calc_market_breadth,306,,conditional on available local inputs; source reviewed
fear,breadth_declining_ratio,,dated series / panel,G,count(pct_chg<0) / active_count,G4,单组数值归约已有；当前interval DAG不绑定asset矩阵/稳定类别/分组广播，不能把逐组Python循环当成一体化原生图。输入表对齐及成员PIT属上游。,/Users/chenjunming/.codex/skills/metrics-factory/scripts/run_a_share_fear_indicators.py,calc_market_breadth,306,,conditional on available local inputs; source reviewed
fear,breadth_up_down_ratio,,dated series / panel,G,count(pct_chg>0) / count(pct_chg<0),G4,单组数值归约已有；当前interval DAG不绑定asset矩阵/稳定类别/分组广播，不能把逐组Python循环当成一体化原生图。输入表对齐及成员PIT属上游。,/Users/chenjunming/.codex/skills/metrics-factory/scripts/run_a_share_fear_indicators.py,calc_market_breadth,306,,conditional on available local inputs; source reviewed
fear,breadth_down_volume_ratio,,dated series / panel,G,sum(amount where pct_chg<0) / sum(amount),G4,单组数值归约已有；当前interval DAG不绑定asset矩阵/稳定类别/分组广播，不能把逐组Python循环当成一体化原生图。输入表对齐及成员PIT属上游。,/Users/chenjunming/.codex/skills/metrics-factory/scripts/run_a_share_fear_indicators.py,calc_market_breadth,306,,conditional on available local inputs; source reviewed
fear,breadth_big_down_ratio,,dated series / panel,G,count(pct_chg<=-5%) / active_count,G4,单组数值归约已有；当前interval DAG不绑定asset矩阵/稳定类别/分组广播，不能把逐组Python循环当成一体化原生图。输入表对齐及成员PIT属上游。,/Users/chenjunming/.codex/skills/metrics-factory/scripts/run_a_share_fear_indicators.py,calc_market_breadth,306,,conditional on available local inputs; source reviewed
fear,breadth_median_pct_chg,,dated series / panel,G,median(pct_chg across active stocks),G4,单组数值归约已有；当前interval DAG不绑定asset矩阵/稳定类别/分组广播，不能把逐组Python循环当成一体化原生图。输入表对齐及成员PIT属上游。,/Users/chenjunming/.codex/skills/metrics-factory/scripts/run_a_share_fear_indicators.py,calc_market_breadth,306,,conditional on available local inputs; source reviewed
fear,breadth_cross_sectional_std,,dated series / panel,G,std(pct_chg across active stocks),G4,单组数值归约已有；当前interval DAG不绑定asset矩阵/稳定类别/分组广播，不能把逐组Python循环当成一体化原生图。输入表对齐及成员PIT属上游。,/Users/chenjunming/.codex/skills/metrics-factory/scripts/run_a_share_fear_indicators.py,calc_market_breadth,306,,conditional on available local inputs; source reviewed
fear,breadth_new_high_ratio,,dated series / panel,G,count(close>=rolling_high_N) / active_count,G4,单组数值归约已有；当前interval DAG不绑定asset矩阵/稳定类别/分组广播，不能把逐组Python循环当成一体化原生图。输入表对齐及成员PIT属上游。,/Users/chenjunming/.codex/skills/metrics-factory/scripts/run_a_share_fear_indicators.py,calc_market_breadth,306,,conditional on available local inputs; source reviewed
fear,breadth_new_low_ratio,,dated series / panel,G,count(close<=rolling_low_N) / active_count,G4,单组数值归约已有；当前interval DAG不绑定asset矩阵/稳定类别/分组广播，不能把逐组Python循环当成一体化原生图。输入表对齐及成员PIT属上游。,/Users/chenjunming/.codex/skills/metrics-factory/scripts/run_a_share_fear_indicators.py,calc_market_breadth,306,,conditional on available local inputs; source reviewed
fear,breadth_ma_above_ratio,,dated series / panel,G,count(close>=MA_N) / active_count,G4,单组数值归约已有；当前interval DAG不绑定asset矩阵/稳定类别/分组广播，不能把逐组Python循环当成一体化原生图。输入表对齐及成员PIT属上游。,/Users/chenjunming/.codex/skills/metrics-factory/scripts/run_a_share_fear_indicators.py,calc_market_breadth,306,,conditional on available local inputs; source reviewed
fear,daily_basic_limit_up_ratio,,dated series / panel,G,count(limit_status in up states) / active_count,G4,单组数值归约已有；当前interval DAG不绑定asset矩阵/稳定类别/分组广播，不能把逐组Python循环当成一体化原生图。输入表对齐及成员PIT属上游。,/Users/chenjunming/.codex/skills/metrics-factory/scripts/run_a_share_fear_indicators.py,calc_daily_basic,373,,conditional on available local inputs; source reviewed
fear,daily_basic_limit_down_ratio,,dated series / panel,G,count(limit_status in down states) / active_count,G4,单组数值归约已有；当前interval DAG不绑定asset矩阵/稳定类别/分组广播，不能把逐组Python循环当成一体化原生图。输入表对齐及成员PIT属上游。,/Users/chenjunming/.codex/skills/metrics-factory/scripts/run_a_share_fear_indicators.py,calc_daily_basic,373,,conditional on available local inputs; source reviewed
fear,daily_basic_turnover_median,,dated series / panel,G,median(turnover_rate across stocks),G4,单组数值归约已有；当前interval DAG不绑定asset矩阵/稳定类别/分组广播，不能把逐组Python循环当成一体化原生图。输入表对齐及成员PIT属上游。,/Users/chenjunming/.codex/skills/metrics-factory/scripts/run_a_share_fear_indicators.py,calc_daily_basic,373,,conditional on available local inputs; source reviewed
fear,daily_basic_volume_ratio_median,,dated series / panel,G,median(volume_ratio across stocks),G4,单组数值归约已有；当前interval DAG不绑定asset矩阵/稳定类别/分组广播，不能把逐组Python循环当成一体化原生图。输入表对齐及成员PIT属上游。,/Users/chenjunming/.codex/skills/metrics-factory/scripts/run_a_share_fear_indicators.py,calc_daily_basic,373,,conditional on available local inputs; source reviewed
fear,limit_up_count,,dated series / panel,G,count(limit_list_d.limit=U),G4,单组数值归约已有；当前interval DAG不绑定asset矩阵/稳定类别/分组广播，不能把逐组Python循环当成一体化原生图。输入表对齐及成员PIT属上游。,/Users/chenjunming/.codex/skills/metrics-factory/scripts/run_a_share_fear_indicators.py,calc_limit_stress,396,,conditional on available local inputs; source reviewed
fear,limit_down_count,,dated series / panel,G,count(limit_list_d.limit=D),G4,单组数值归约已有；当前interval DAG不绑定asset矩阵/稳定类别/分组广播，不能把逐组Python循环当成一体化原生图。输入表对齐及成员PIT属上游。,/Users/chenjunming/.codex/skills/metrics-factory/scripts/run_a_share_fear_indicators.py,calc_limit_stress,396,,conditional on available local inputs; source reviewed
fear,failed_board_count,,dated series / panel,G,count(limit_list_d.limit=Z),G4,单组数值归约已有；当前interval DAG不绑定asset矩阵/稳定类别/分组广播，不能把逐组Python循环当成一体化原生图。输入表对齐及成员PIT属上游。,/Users/chenjunming/.codex/skills/metrics-factory/scripts/run_a_share_fear_indicators.py,calc_limit_stress,396,,conditional on available local inputs; source reviewed
fear,failed_board_rate,,dated series / panel,G,failed_board_count / (limit_up_count + failed_board_count),G4,单组数值归约已有；当前interval DAG不绑定asset矩阵/稳定类别/分组广播，不能把逐组Python循环当成一体化原生图。输入表对齐及成员PIT属上游。,/Users/chenjunming/.codex/skills/metrics-factory/scripts/run_a_share_fear_indicators.py,calc_limit_stress,396,,conditional on available local inputs; source reviewed
fear,limit_down_to_up_ratio,,dated series / panel,G,limit_down_count / limit_up_count,G4,单组数值归约已有；当前interval DAG不绑定asset矩阵/稳定类别/分组广播，不能把逐组Python循环当成一体化原生图。输入表对齐及成员PIT属上游。,/Users/chenjunming/.codex/skills/metrics-factory/scripts/run_a_share_fear_indicators.py,calc_limit_stress,396,,conditional on available local inputs; source reviewed
fear,limit_down_value_ratio,,dated series / panel,G,sum(float_mv of limit-down stocks) / total_circ_mv,G4,单组数值归约已有；当前interval DAG不绑定asset矩阵/稳定类别/分组广播，不能把逐组Python循环当成一体化原生图。输入表对齐及成员PIT属上游。,/Users/chenjunming/.codex/skills/metrics-factory/scripts/run_a_share_fear_indicators.py,calc_limit_stress,396,,conditional on available local inputs; source reviewed
fear,tdx_down_ratio,,dated series / panel,C,down_num / (up_num + down_num),,输入已完成同日/同标的对齐、单位规范化后，现有算术/归约可表达；不是原始表到最终结果的替代实现。,/Users/chenjunming/.codex/skills/metrics-factory/scripts/run_a_share_fear_indicators.py,calc_tdx_stress,433,,conditional on available local inputs; source reviewed
fear,tdx_limit_down_ratio,,dated series / panel,C,limit_down_num / (up_num + down_num),,输入已完成同日/同标的对齐、单位规范化后，现有算术/归约可表达；不是原始表到最终结果的替代实现。,/Users/chenjunming/.codex/skills/metrics-factory/scripts/run_a_share_fear_indicators.py,calc_tdx_stress,433,,conditional on available local inputs; source reviewed
fear,tdx_main_net_amount_rate,,dated series / panel,C,bm_net / (amount * 10000),,输入已完成同日/同标的对齐、单位规范化后，现有算术/归约可表达；不是原始表到最终结果的替代实现。,/Users/chenjunming/.codex/skills/metrics-factory/scripts/run_a_share_fear_indicators.py,calc_tdx_stress,433,,conditional on available local inputs; source reviewed
fear,tdx_main_buy_net_amount_rate,,dated series / panel,C,bm_buy_net / (amount * 10000),,输入已完成同日/同标的对齐、单位规范化后，现有算术/归约可表达；不是原始表到最终结果的替代实现。,/Users/chenjunming/.codex/skills/metrics-factory/scripts/run_a_share_fear_indicators.py,calc_tdx_stress,433,,conditional on available local inputs; source reviewed
fear,realized_volatility,,dated series / panel,C,"aligned log returns -> rolling_std(ddof=1,minp)*sqrt(ann)",,数学足够；收益首行对齐、min_periods计数与dropna(close)轴保留需按源端。,/Users/chenjunming/.codex/skills/metrics-factory/scripts/run_a_share_fear_indicators.py,calc_realized_stress,464,,conditional on available local inputs; source reviewed
fear,downside_volatility,,dated series / panel,C,"rolling_apply(std_where(log_r,log_r<0),window,minp) with negative valid-count gate",,这里是负收益子集std，区别于核心period DownsideVolatility；min_periods必须计负子集而非所有r。,/Users/chenjunming/.codex/skills/metrics-factory/scripts/run_a_share_fear_indicators.py,calc_realized_stress,464,,conditional on available local inputs; source reviewed
fear,max_drawdown,,dated series / panel,C,"rolling_apply(min_value(drawdown_series(close)),window,minp)",,每个窗口重置峰值，已有能力；源端事先dropna(close)，不可直接使用全样本累计回撤再rolling_min。,/Users/chenjunming/.codex/skills/metrics-factory/scripts/run_a_share_fear_indicators.py,calc_realized_stress,464,,conditional on available local inputs; source reviewed
fear,return_over_window,,dated series / panel,C,close / close.shift(window) - 1,K2,输入已完成同日/同标的对齐、单位规范化后，现有算术/归约可表达；不是原始表到最终结果的替代实现。 原始输入可用rolling_apply组合对齐shift；pct_change的缺失前填充行为取决于当前Pandas实现，必须冻结该契约；直接已有oi_chg时只透传。,/Users/chenjunming/.codex/skills/metrics-factory/scripts/run_a_share_fear_indicators.py,calc_realized_stress,464,,conditional on available local inputs; source reviewed
fear,margin_balance,,dated series / panel,G,sum(rzrqye) or sum(rzye+rqye),G4,单组数值归约已有；当前interval DAG不绑定asset矩阵/稳定类别/分组广播，不能把逐组Python循环当成一体化原生图。输入表对齐及成员PIT属上游。,/Users/chenjunming/.codex/skills/metrics-factory/scripts/run_a_share_fear_indicators.py,calc_margin_stress,499,,conditional on available local inputs; source reviewed
fear,margin_balance_change_pct,,dated series / panel,G,margin_balance / margin_balance.shift(1) - 1,G4;K2,单组数值归约已有；当前interval DAG不绑定asset矩阵/稳定类别/分组广播，不能把逐组Python循环当成一体化原生图。输入表对齐及成员PIT属上游。 原始输入可用rolling_apply组合对齐shift；pct_change的缺失前填充行为取决于当前Pandas实现，必须冻结该契约；直接已有oi_chg时只透传。,/Users/chenjunming/.codex/skills/metrics-factory/scripts/run_a_share_fear_indicators.py,calc_margin_stress,499,,conditional on available local inputs; source reviewed
fear,margin_repay_buy_ratio,,dated series / panel,G,sum(rzche) / sum(rzmre),G4,单组数值归约已有；当前interval DAG不绑定asset矩阵/稳定类别/分组广播，不能把逐组Python循环当成一体化原生图。输入表对齐及成员PIT属上游。,/Users/chenjunming/.codex/skills/metrics-factory/scripts/run_a_share_fear_indicators.py,calc_margin_stress,499,,conditional on available local inputs; source reviewed
fear,margin_short_sell_to_inventory,,dated series / panel,G,sum(rqmcl) / sum(rqyl),G4,单组数值归约已有；当前interval DAG不绑定asset矩阵/稳定类别/分组广播，不能把逐组Python循环当成一体化原生图。输入表对齐及成员PIT属上游。,/Users/chenjunming/.codex/skills/metrics-factory/scripts/run_a_share_fear_indicators.py,calc_margin_stress,499,,conditional on available local inputs; source reviewed
fear,margin_detail_balance,,dated series / panel,C,rzrqye or rzye+rqye by stock,,输入已完成同日/同标的对齐、单位规范化后，现有算术/归约可表达；不是原始表到最终结果的替代实现。,/Users/chenjunming/.codex/skills/metrics-factory/scripts/run_a_share_fear_indicators.py,calc_margin_stress,499,,conditional on available local inputs; source reviewed
fear,margin_detail_repay_buy_ratio,,dated series / panel,C,rzche / rzmre by stock,,输入已完成同日/同标的对齐、单位规范化后，现有算术/归约可表达；不是原始表到最终结果的替代实现。,/Users/chenjunming/.codex/skills/metrics-factory/scripts/run_a_share_fear_indicators.py,calc_margin_stress,499,,conditional on available local inputs; source reviewed
fear,north_money,,dated series / panel,D,north_money from moneyflow_hsgt,,输入已完成同日/同标的对齐、单位规范化后，现有算术/归约可表达；不是原始表到最终结果的替代实现。,/Users/chenjunming/.codex/skills/metrics-factory/scripts/run_a_share_fear_indicators.py,calc_flow_stress,551,,conditional on available local inputs; source reviewed
fear,north_money_5d_sum,,dated series / panel,C,"rolling_apply(sum_where(x,finite_mask(x)),window,1)",,已有滚动子图可组合；全部缺失窗口NaN；专用rolling_sum只是后续性能选择。,/Users/chenjunming/.codex/skills/metrics-factory/scripts/run_a_share_fear_indicators.py,calc_flow_stress,551,,conditional on available local inputs; source reviewed
fear,north_money_20d_sum,,dated series / panel,C,"rolling_apply(sum_where(x,finite_mask(x)),window,1)",,已有滚动子图可组合；全部缺失窗口NaN；专用rolling_sum只是后续性能选择。,/Users/chenjunming/.codex/skills/metrics-factory/scripts/run_a_share_fear_indicators.py,calc_flow_stress,551,,conditional on available local inputs; source reviewed
fear,north_outflow_streak,,dated series / panel,C,"index - cumulative_max(where(x<0,0,index)); index=cumulative_sum(ones)",,可组合当前连续天数；max_consecutive_true仅是区间最大长度，不能同名替换；缺失重置0。,/Users/chenjunming/.codex/skills/metrics-factory/scripts/run_a_share_fear_indicators.py,calc_flow_stress,551,,conditional on available local inputs; source reviewed
fear,market_main_net_amount,,dated series / panel,D,net_amount from moneyflow_mkt_dc,,输入已完成同日/同标的对齐、单位规范化后，现有算术/归约可表达；不是原始表到最终结果的替代实现。,/Users/chenjunming/.codex/skills/metrics-factory/scripts/run_a_share_fear_indicators.py,calc_flow_stress,551,,conditional on available local inputs; source reviewed
fear,market_main_net_amount_rate,,dated series / panel,D,net_amount_rate from moneyflow_mkt_dc,,输入已完成同日/同标的对齐、单位规范化后，现有算术/归约可表达；不是原始表到最终结果的替代实现。,/Users/chenjunming/.codex/skills/metrics-factory/scripts/run_a_share_fear_indicators.py,calc_flow_stress,551,,conditional on available local inputs; source reviewed
fear,industry_main_net_amount,,dated series / panel,D,net_amount from industry/concept moneyflow sources,,输入已完成同日/同标的对齐、单位规范化后，现有算术/归约可表达；不是原始表到最终结果的替代实现。,/Users/chenjunming/.codex/skills/metrics-factory/scripts/run_a_share_fear_indicators.py,calc_flow_stress,551,,conditional on available local inputs; source reviewed
fear,industry_main_net_amount_rate,,dated series / panel,D,net_amount_rate from industry/concept moneyflow sources,,输入已完成同日/同标的对齐、单位规范化后，现有算术/归约可表达；不是原始表到最终结果的替代实现。,/Users/chenjunming/.codex/skills/metrics-factory/scripts/run_a_share_fear_indicators.py,calc_flow_stress,551,,conditional on available local inputs; source reviewed
fear,etf_share_change_pct,,dated series / panel,C,share / share.shift(1) - 1,K2,输入已完成同日/同标的对齐、单位规范化后，现有算术/归约可表达；不是原始表到最终结果的替代实现。 原始输入可用rolling_apply组合对齐shift；pct_change的缺失前填充行为取决于当前Pandas实现，必须冻结该契约；直接已有oi_chg时只透传。,/Users/chenjunming/.codex/skills/metrics-factory/scripts/run_a_share_fear_indicators.py,calc_etf_flow_stress,589,,conditional on available local inputs; source reviewed
fear,etf_size_change_pct,,dated series / panel,C,total_size / total_size.shift(1) - 1,K2,输入已完成同日/同标的对齐、单位规范化后，现有算术/归约可表达；不是原始表到最终结果的替代实现。 原始输入可用rolling_apply组合对齐shift；pct_change的缺失前填充行为取决于当前Pandas实现，必须冻结该契约；直接已有oi_chg时只透传。,/Users/chenjunming/.codex/skills/metrics-factory/scripts/run_a_share_fear_indicators.py,calc_etf_flow_stress,589,,conditional on available local inputs; source reviewed
fear,futures_basis,,dated series / panel,C,futures_close / spot_index_close - 1,,输入已完成同日/同标的对齐、单位规范化后，现有算术/归约可表达；不是原始表到最终结果的替代实现。,/Users/chenjunming/.codex/skills/metrics-factory/scripts/run_a_share_fear_indicators.py,calc_futures_basis,616,,conditional on available local inputs; source reviewed
fear,futures_oi_change,,dated series / panel,C,oi_chg or oi.diff by future contract,K2,输入已完成同日/同标的对齐、单位规范化后，现有算术/归约可表达；不是原始表到最终结果的替代实现。 原始输入可用rolling_apply组合对齐shift；pct_change的缺失前填充行为取决于当前Pandas实现，必须冻结该契约；直接已有oi_chg时只透传。,/Users/chenjunming/.codex/skills/metrics-factory/scripts/run_a_share_fear_indicators.py,calc_futures_basis,616,,conditional on available local inputs; source reviewed
fear,option_put_call_volume_ratio,,dated series / panel,G,sum(put.vol) / sum(call.vol),G4,单组数值归约已有；当前interval DAG不绑定asset矩阵/稳定类别/分组广播，不能把逐组Python循环当成一体化原生图。输入表对齐及成员PIT属上游。,/Users/chenjunming/.codex/skills/metrics-factory/scripts/run_a_share_fear_indicators.py,calc_option_sentiment,800,,conditional on available local inputs; source reviewed
fear,option_put_call_amount_ratio,,dated series / panel,G,sum(put.amount) / sum(call.amount),G4,单组数值归约已有；当前interval DAG不绑定asset矩阵/稳定类别/分组广播，不能把逐组Python循环当成一体化原生图。输入表对齐及成员PIT属上游。,/Users/chenjunming/.codex/skills/metrics-factory/scripts/run_a_share_fear_indicators.py,calc_option_sentiment,800,,conditional on available local inputs; source reviewed
fear,option_put_call_oi_ratio,,dated series / panel,G,sum(put.oi) / sum(call.oi),G4,单组数值归约已有；当前interval DAG不绑定asset矩阵/稳定类别/分组广播，不能把逐组Python循环当成一体化原生图。输入表对齐及成员PIT属上游。,/Users/chenjunming/.codex/skills/metrics-factory/scripts/run_a_share_fear_indicators.py,calc_option_sentiment,800,,conditional on available local inputs; source reviewed
fear,option_put_otm_volume_share,,dated series / panel,G,sum(OTM put vol) / sum(all put vol),G4,单组数值归约已有；当前interval DAG不绑定asset矩阵/稳定类别/分组广播，不能把逐组Python循环当成一体化原生图。输入表对齐及成员PIT属上游。,/Users/chenjunming/.codex/skills/metrics-factory/scripts/run_a_share_fear_indicators.py,calc_option_sentiment,800,,conditional on available local inputs; source reviewed
fear,option_atm_iv,,dated series / panel,B,log/exp/sqrt/arithmetic + normal CDF + bounded root solve + selection/reduction,G4;G6,缺normal_cdf/erf与原生有界求根；BS价格和Delta是组合公式，IV反解是迭代内核。25delta需最近期限/最近delta选择及确定性并列规则。,/Users/chenjunming/.codex/skills/metrics-factory/scripts/run_a_share_fear_indicators.py,calc_option_sentiment,800,,conditional on available local inputs; source reviewed
fear,option_put_wing_iv_spread,,dated series / panel,B,log/exp/sqrt/arithmetic + normal CDF + bounded root solve + selection/reduction,G4;G6,缺normal_cdf/erf与原生有界求根；BS价格和Delta是组合公式，IV反解是迭代内核。25delta需最近期限/最近delta选择及确定性并列规则。,/Users/chenjunming/.codex/skills/metrics-factory/scripts/run_a_share_fear_indicators.py,calc_option_sentiment,800,,conditional on available local inputs; source reviewed
fear,option_call_wing_iv_spread,,dated series / panel,B,log/exp/sqrt/arithmetic + normal CDF + bounded root solve + selection/reduction,G4;G6,缺normal_cdf/erf与原生有界求根；BS价格和Delta是组合公式，IV反解是迭代内核。25delta需最近期限/最近delta选择及确定性并列规则。,/Users/chenjunming/.codex/skills/metrics-factory/scripts/run_a_share_fear_indicators.py,calc_option_sentiment,800,,conditional on available local inputs; source reviewed
fear,option_25d_put_call_skew,,dated series / panel,B,log/exp/sqrt/arithmetic + normal CDF + bounded root solve + selection/reduction,G4;G6,缺normal_cdf/erf与原生有界求根；BS价格和Delta是组合公式，IV反解是迭代内核。25delta需最近期限/最近delta选择及确定性并列规则。,/Users/chenjunming/.codex/skills/metrics-factory/scripts/run_a_share_fear_indicators.py,calc_option_sentiment,800,,conditional on available local inputs; source reviewed
fear,option_vix_like_30d,,dated series / panel,G,paired strike selection + sorted gather + deltaK weighted sum + maturity interpolation,G4;G5;G6,VIX公式不需要IV，但当前技能脚本先取成功IV样本再构造VIX，所以逐行复现还依赖IV求根。数学求和/线性插值已有，缺链路组织和排序选择；不建议新增整块VIX黑盒。,/Users/chenjunming/.codex/skills/metrics-factory/scripts/run_a_share_fear_indicators.py,calc_option_sentiment,800,,conditional on available local inputs; source reviewed
fear,option_vix_term_slope,,dated series / panel,G,paired strike selection + sorted gather + deltaK weighted sum + maturity interpolation,G4;G5;G6,VIX公式不需要IV，但当前技能脚本先取成功IV样本再构造VIX，所以逐行复现还依赖IV求根。数学求和/线性插值已有，缺链路组织和排序选择；不建议新增整块VIX黑盒。,/Users/chenjunming/.codex/skills/metrics-factory/scripts/run_a_share_fear_indicators.py,calc_option_sentiment,800,,conditional on available local inputs; source reviewed
crowding,stock_amount_share,,dated series / panel,G,stock_amount_yuan / total_A_share_amount_yuan,G4,单组数值归约已有；当前interval DAG不绑定asset矩阵/稳定类别/分组广播，不能把逐组Python循环当成一体化原生图。输入表对齐及成员PIT属上游。,/Users/chenjunming/.codex/skills/metrics-factory/scripts/run_a_share_crowding_indicators.py,calc_stock_and_market_trade,367,,conditional on available local inputs; source reviewed
crowding,stock_amount_to_circ_mv,,dated series / panel,C,daily.amount_yuan / daily_basic.circ_mv_yuan,,输入已完成同日/同标的对齐、单位规范化后，现有算术/归约可表达；不是原始表到最终结果的替代实现。,/Users/chenjunming/.codex/skills/metrics-factory/scripts/run_a_share_crowding_indicators.py,calc_stock_and_market_trade,367,,conditional on available local inputs; source reviewed
crowding,stock_amount_ma_ratio,,dated series / panel,C,"amount_yuan / rolling_mean(amount_yuan, N)",,输入已完成同日/同标的对齐、单位规范化后，现有算术/归约可表达；不是原始表到最终结果的替代实现。,/Users/chenjunming/.codex/skills/metrics-factory/scripts/run_a_share_crowding_indicators.py,calc_stock_and_market_trade,367,,conditional on available local inputs; source reviewed
crowding,stock_amihud_illiquidity,,dated series / panel,C,abs(return) / amount_yuan,,输入已完成同日/同标的对齐、单位规范化后，现有算术/归约可表达；不是原始表到最终结果的替代实现。,/Users/chenjunming/.codex/skills/metrics-factory/scripts/run_a_share_crowding_indicators.py,calc_stock_and_market_trade,367,,conditional on available local inputs; source reviewed
crowding,stock_return_over_window,,dated series / panel,C,close / close.shift(N) - 1,K2,输入已完成同日/同标的对齐、单位规范化后，现有算术/归约可表达；不是原始表到最终结果的替代实现。 原始输入可用rolling_apply组合对齐shift；pct_change的缺失前填充行为取决于当前Pandas实现，必须冻结该契约；直接已有oi_chg时只透传。,/Users/chenjunming/.codex/skills/metrics-factory/scripts/run_a_share_crowding_indicators.py,calc_stock_and_market_trade,367,,conditional on available local inputs; source reviewed
crowding,stock_turnover_rate,,dated series / panel,D,daily_basic.turnover_rate,,输入已完成同日/同标的对齐、单位规范化后，现有算术/归约可表达；不是原始表到最终结果的替代实现。,/Users/chenjunming/.codex/skills/metrics-factory/scripts/run_a_share_crowding_indicators.py,calc_stock_and_market_trade,367,,conditional on available local inputs; source reviewed
crowding,stock_turnover_rate_f,,dated series / panel,D,daily_basic.turnover_rate_f,,输入已完成同日/同标的对齐、单位规范化后，现有算术/归约可表达；不是原始表到最终结果的替代实现。,/Users/chenjunming/.codex/skills/metrics-factory/scripts/run_a_share_crowding_indicators.py,calc_stock_and_market_trade,367,,conditional on available local inputs; source reviewed
crowding,stock_volume_ratio,,dated series / panel,D,daily_basic.volume_ratio,,输入已完成同日/同标的对齐、单位规范化后，现有算术/归约可表达；不是原始表到最终结果的替代实现。,/Users/chenjunming/.codex/skills/metrics-factory/scripts/run_a_share_crowding_indicators.py,calc_stock_and_market_trade,367,,conditional on available local inputs; source reviewed
crowding,stock_pe_ttm_rolling_pctile,,dated series / panel,C,"rolling_apply(count(valid & x<=last_valid)/count(valid),window,minp)",,脚本比较的是窗口最后有限值；可用位置序列+max_value+value_at找到最后有限值。不缺rank原语；窗口末行NaN仍可输出。,/Users/chenjunming/.codex/skills/metrics-factory/scripts/run_a_share_crowding_indicators.py,calc_stock_and_market_trade,367,,conditional on available local inputs; source reviewed
crowding,stock_pb_rolling_pctile,,dated series / panel,C,"rolling_apply(count(valid & x<=last_valid)/count(valid),window,minp)",,脚本比较的是窗口最后有限值；可用位置序列+max_value+value_at找到最后有限值。不缺rank原语；窗口末行NaN仍可输出。,/Users/chenjunming/.codex/skills/metrics-factory/scripts/run_a_share_crowding_indicators.py,calc_stock_and_market_trade,367,,conditional on available local inputs; source reviewed
crowding,market_top_pct_amount_share,,dated series / panel,G,sum(amount_yuan of top p% stocks) / total_A_share_amount_yuan; quantile threshold + sum_where + tie count (or future top_k),G4,单组数值归约已有；当前interval DAG不绑定asset矩阵/稳定类别/分组广播，不能把逐组Python循环当成一体化原生图。输入表对齐及成员PIT属上游。 Top-K标量和可组合，不能仅因没有sort就判数学不可算。,/Users/chenjunming/.codex/skills/metrics-factory/scripts/run_a_share_crowding_indicators.py,calc_stock_and_market_trade,367,,conditional on available local inputs; source reviewed
crowding,market_top_n_amount_share,,dated series / panel,G,sum(amount_yuan of top N stocks) / total_A_share_amount_yuan; quantile threshold + sum_where + tie count (or future top_k),G4,单组数值归约已有；当前interval DAG不绑定asset矩阵/稳定类别/分组广播，不能把逐组Python循环当成一体化原生图。输入表对齐及成员PIT属上游。 Top-K标量和可组合，不能仅因没有sort就判数学不可算。,/Users/chenjunming/.codex/skills/metrics-factory/scripts/run_a_share_crowding_indicators.py,calc_stock_and_market_trade,367,,conditional on available local inputs; source reviewed
crowding,market_amount_hhi,,dated series / panel,G,sum((stock_amount_yuan / total_A_share_amount_yuan)^2),G4,单组数值归约已有；当前interval DAG不绑定asset矩阵/稳定类别/分组广播，不能把逐组Python循环当成一体化原生图。输入表对齐及成员PIT属上游。,/Users/chenjunming/.codex/skills/metrics-factory/scripts/run_a_share_crowding_indicators.py,calc_stock_and_market_trade,367,,conditional on available local inputs; source reviewed
crowding,market_turnover_rate,,dated series / panel,G,total_A_share_amount_yuan / total_circ_mv_yuan,G4,单组数值归约已有；当前interval DAG不绑定asset矩阵/稳定类别/分组广播，不能把逐组Python循环当成一体化原生图。输入表对齐及成员PIT属上游。,/Users/chenjunming/.codex/skills/metrics-factory/scripts/run_a_share_crowding_indicators.py,calc_stock_and_market_trade,367,,conditional on available local inputs; source reviewed
crowding,industry_amount_share,,dated series / panel,G,industry_amount_yuan / sum(industry_amount_yuan),G4,单组数值归约已有；当前interval DAG不绑定asset矩阵/稳定类别/分组广播，不能把逐组Python循环当成一体化原生图。输入表对齐及成员PIT属上游。,/Users/chenjunming/.codex/skills/metrics-factory/scripts/run_a_share_crowding_indicators.py,calc_direct_industry_crowding,461,,conditional on available local inputs; source reviewed
crowding,industry_amount_ma_ratio,,dated series / panel,C,"industry_amount_yuan / rolling_mean(industry_amount_yuan, 20)",,输入已完成同日/同标的对齐、单位规范化后，现有算术/归约可表达；不是原始表到最终结果的替代实现。,/Users/chenjunming/.codex/skills/metrics-factory/scripts/run_a_share_crowding_indicators.py,calc_direct_industry_crowding,461,,conditional on available local inputs; source reviewed
crowding,industry_turnover_rate,,dated series / panel,D,industry_or_board turnover_rate,,输入已完成同日/同标的对齐、单位规范化后，现有算术/归约可表达；不是原始表到最终结果的替代实现。,/Users/chenjunming/.codex/skills/metrics-factory/scripts/run_a_share_crowding_indicators.py,calc_direct_industry_crowding,461,,conditional on available local inputs; source reviewed
crowding,industry_relative_turnover,,dated series / panel,G,industry_turnover_rate / average_industry_turnover_rate,G4,单组数值归约已有；当前interval DAG不绑定asset矩阵/稳定类别/分组广播，不能把逐组Python循环当成一体化原生图。输入表对齐及成员PIT属上游。,/Users/chenjunming/.codex/skills/metrics-factory/scripts/run_a_share_crowding_indicators.py,calc_direct_industry_crowding,461,,conditional on available local inputs; source reviewed
crowding,industry_top3_amount_share,,dated series / panel,G,sum(amount_yuan of top 3 industries/boards) / total_industry_amount_yuan; quantile threshold + sum_where + tie count (or future top_k),G4,单组数值归约已有；当前interval DAG不绑定asset矩阵/稳定类别/分组广播，不能把逐组Python循环当成一体化原生图。输入表对齐及成员PIT属上游。 Top-K标量和可组合，不能仅因没有sort就判数学不可算。,/Users/chenjunming/.codex/skills/metrics-factory/scripts/run_a_share_crowding_indicators.py,calc_direct_industry_crowding,461,,conditional on available local inputs; source reviewed
crowding,industry_amount_hhi,,dated series / panel,G,sum((industry_amount_yuan / total_industry_amount_yuan)^2),G4,单组数值归约已有；当前interval DAG不绑定asset矩阵/稳定类别/分组广播，不能把逐组Python循环当成一体化原生图。输入表对齐及成员PIT属上游。,/Users/chenjunming/.codex/skills/metrics-factory/scripts/run_a_share_crowding_indicators.py,calc_direct_industry_crowding,461,,conditional on available local inputs; source reviewed
crowding,industry_stock_amount_hhi,,dated series / panel,G,sum((stock_amount_yuan / industry_stock_amount_yuan)^2),G4,单组数值归约已有；当前interval DAG不绑定asset矩阵/稳定类别/分组广播，不能把逐组Python循环当成一体化原生图。输入表对齐及成员PIT属上游。,/Users/chenjunming/.codex/skills/metrics-factory/scripts/run_a_share_crowding_indicators.py,calc_stock_to_industry_crowding,527,,conditional on available local inputs; source reviewed
crowding,industry_top5_stock_amount_share,,dated series / panel,G,sum(amount_yuan of top 5 stocks inside industry) / industry_stock_amount_yuan; quantile threshold + sum_where + tie count (or future top_k),G4,单组数值归约已有；当前interval DAG不绑定asset矩阵/稳定类别/分组广播，不能把逐组Python循环当成一体化原生图。输入表对齐及成员PIT属上游。 Top-K标量和可组合，不能仅因没有sort就判数学不可算。,/Users/chenjunming/.codex/skills/metrics-factory/scripts/run_a_share_crowding_indicators.py,calc_stock_to_industry_crowding,527,,conditional on available local inputs; source reviewed
crowding,industry_avg_turnover_rate_f,,dated series / panel,G,mean(stock turnover_rate_f inside industry),G4,单组数值归约已有；当前interval DAG不绑定asset矩阵/稳定类别/分组广播，不能把逐组Python循环当成一体化原生图。输入表对齐及成员PIT属上游。,/Users/chenjunming/.codex/skills/metrics-factory/scripts/run_a_share_crowding_indicators.py,calc_stock_to_industry_crowding,527,,conditional on available local inputs; source reviewed
crowding,stock_main_net_amount_rate,,dated series / panel,C,moneyflow.net_mf_amount / daily.amount_yuan,,输入已完成同日/同标的对齐、单位规范化后，现有算术/归约可表达；不是原始表到最终结果的替代实现。,/Users/chenjunming/.codex/skills/metrics-factory/scripts/run_a_share_crowding_indicators.py,calc_moneyflow_crowding,564,,conditional on available local inputs; source reviewed
crowding,market_main_net_amount_rate,,dated series / panel,D,moneyflow_mkt_dc.net_amount_rate,,输入已完成同日/同标的对齐、单位规范化后，现有算术/归约可表达；不是原始表到最终结果的替代实现。,/Users/chenjunming/.codex/skills/metrics-factory/scripts/run_a_share_crowding_indicators.py,calc_moneyflow_crowding,564,,conditional on available local inputs; source reviewed
crowding,industry_main_net_amount_rate,,dated series / panel,D,industry/concept net_amount_rate,,输入已完成同日/同标的对齐、单位规范化后，现有算术/归约可表达；不是原始表到最终结果的替代实现。,/Users/chenjunming/.codex/skills/metrics-factory/scripts/run_a_share_crowding_indicators.py,calc_moneyflow_crowding,564,,conditional on available local inputs; source reviewed
crowding,stock_margin_balance_to_circ_mv,,dated series / panel,C,margin_detail.rzrqye / circ_mv_yuan,,输入已完成同日/同标的对齐、单位规范化后，现有算术/归约可表达；不是原始表到最终结果的替代实现。,/Users/chenjunming/.codex/skills/metrics-factory/scripts/run_a_share_crowding_indicators.py,calc_leverage_crowding,598,,conditional on available local inputs; source reviewed
crowding,stock_margin_buy_to_amount,,dated series / panel,C,margin_detail.rzmre / daily.amount_yuan,,输入已完成同日/同标的对齐、单位规范化后，现有算术/归约可表达；不是原始表到最终结果的替代实现。,/Users/chenjunming/.codex/skills/metrics-factory/scripts/run_a_share_crowding_indicators.py,calc_leverage_crowding,598,,conditional on available local inputs; source reviewed
crowding,stock_margin_repay_buy_ratio,,dated series / panel,C,margin_detail.rzche / margin_detail.rzmre,,输入已完成同日/同标的对齐、单位规范化后，现有算术/归约可表达；不是原始表到最终结果的替代实现。,/Users/chenjunming/.codex/skills/metrics-factory/scripts/run_a_share_crowding_indicators.py,calc_leverage_crowding,598,,conditional on available local inputs; source reviewed
crowding,stock_short_balance_to_circ_mv,,dated series / panel,C,margin_detail.rqye / circ_mv_yuan,,输入已完成同日/同标的对齐、单位规范化后，现有算术/归约可表达；不是原始表到最终结果的替代实现。,/Users/chenjunming/.codex/skills/metrics-factory/scripts/run_a_share_crowding_indicators.py,calc_leverage_crowding,598,,conditional on available local inputs; source reviewed
crowding,stock_short_sell_to_volume,,dated series / panel,C,margin_detail.rqmcl / daily.volume_shares,,输入已完成同日/同标的对齐、单位规范化后，现有算术/归约可表达；不是原始表到最终结果的替代实现。,/Users/chenjunming/.codex/skills/metrics-factory/scripts/run_a_share_crowding_indicators.py,calc_leverage_crowding,598,,conditional on available local inputs; source reviewed
crowding,stock_short_volume_to_float_share,,dated series / panel,C,margin_detail.rqyl / float_share_count,,输入已完成同日/同标的对齐、单位规范化后，现有算术/归约可表达；不是原始表到最终结果的替代实现。,/Users/chenjunming/.codex/skills/metrics-factory/scripts/run_a_share_crowding_indicators.py,calc_leverage_crowding,598,,conditional on available local inputs; source reviewed
crowding,market_margin_balance_to_circ_mv,,dated series / panel,G,sum(margin.rzrqye or rzye+rqye) / total_circ_mv_yuan,G4,单组数值归约已有；当前interval DAG不绑定asset矩阵/稳定类别/分组广播，不能把逐组Python循环当成一体化原生图。输入表对齐及成员PIT属上游。,/Users/chenjunming/.codex/skills/metrics-factory/scripts/run_a_share_crowding_indicators.py,calc_leverage_crowding,598,,conditional on available local inputs; source reviewed
crowding,market_margin_buy_to_amount,,dated series / panel,G,sum(margin.rzmre) / total_A_share_amount_yuan,G4,单组数值归约已有；当前interval DAG不绑定asset矩阵/稳定类别/分组广播，不能把逐组Python循环当成一体化原生图。输入表对齐及成员PIT属上游。,/Users/chenjunming/.codex/skills/metrics-factory/scripts/run_a_share_crowding_indicators.py,calc_leverage_crowding,598,,conditional on available local inputs; source reviewed
crowding,market_margin_balance_change_pct,,dated series / panel,G,margin_balance / margin_balance.shift(1) - 1,G4;K2,单组数值归约已有；当前interval DAG不绑定asset矩阵/稳定类别/分组广播，不能把逐组Python循环当成一体化原生图。输入表对齐及成员PIT属上游。 原始输入可用rolling_apply组合对齐shift；pct_change的缺失前填充行为取决于当前Pandas实现，必须冻结该契约；直接已有oi_chg时只透传。,/Users/chenjunming/.codex/skills/metrics-factory/scripts/run_a_share_crowding_indicators.py,calc_leverage_crowding,598,,conditional on available local inputs; source reviewed
crowding,stock_slb_end_bal_to_float_share,,dated series / panel,C,slb_sec.end_bal / float_share_count,,输入已完成同日/同标的对齐、单位规范化后，现有算术/归约可表达；不是原始表到最终结果的替代实现。,/Users/chenjunming/.codex/skills/metrics-factory/scripts/run_a_share_crowding_indicators.py,calc_leverage_crowding,598,,conditional on available local inputs; source reviewed
crowding,stock_slb_lent_qty_to_float_share,,dated series / panel,C,slb_sec.lent_qnt / float_share_count,,输入已完成同日/同标的对齐、单位规范化后，现有算术/归约可表达；不是原始表到最终结果的替代实现。,/Users/chenjunming/.codex/skills/metrics-factory/scripts/run_a_share_crowding_indicators.py,calc_leverage_crowding,598,,conditional on available local inputs; source reviewed
crowding,stock_slb_fee_rate,,dated series / panel,D,slb_sec_detail.fee_rate,,输入已完成同日/同标的对齐、单位规范化后，现有算术/归约可表达；不是原始表到最终结果的替代实现。,/Users/chenjunming/.codex/skills/metrics-factory/scripts/run_a_share_crowding_indicators.py,calc_leverage_crowding,598,,conditional on available local inputs; source reviewed
crowding,stock_fund_holding_mkv_share,,dated series / panel,G,stock_fund_mkv / total_fund_stock_mkv,G4,单组数值归约已有；当前interval DAG不绑定asset矩阵/稳定类别/分组广播，不能把逐组Python循环当成一体化原生图。输入表对齐及成员PIT属上游。,/Users/chenjunming/.codex/skills/metrics-factory/scripts/run_a_share_crowding_indicators.py,calc_holding_crowding,686,,conditional on available local inputs; source reviewed
crowding,stock_fund_holder_count,,dated series / panel,G,count(distinct funds holding the stock),G4;G5,单组数值归约已有；当前interval DAG不绑定asset矩阵/稳定类别/分组广播，不能把逐组Python循环当成一体化原生图。输入表对齐及成员PIT属上游。 缺通用整数类别distinct_count/unique契约；去重不是浮点求和。,/Users/chenjunming/.codex/skills/metrics-factory/scripts/run_a_share_crowding_indicators.py,calc_holding_crowding,686,,conditional on available local inputs; source reviewed
crowding,stock_fund_float_ratio_sum,,dated series / panel,G,sum(fund_portfolio.stk_float_ratio by stock),G4,单组数值归约已有；当前interval DAG不绑定asset矩阵/稳定类别/分组广播，不能把逐组Python循环当成一体化原生图。输入表对齐及成员PIT属上游。,/Users/chenjunming/.codex/skills/metrics-factory/scripts/run_a_share_crowding_indicators.py,calc_holding_crowding,686,,conditional on available local inputs; source reviewed
crowding,stock_fund_holder_hhi,,dated series / panel,G,sum((fund_mkv_in_stock / stock_fund_mkv)^2),G4,单组数值归约已有；当前interval DAG不绑定asset矩阵/稳定类别/分组广播，不能把逐组Python循环当成一体化原生图。输入表对齐及成员PIT属上游。,/Users/chenjunming/.codex/skills/metrics-factory/scripts/run_a_share_crowding_indicators.py,calc_holding_crowding,686,,conditional on available local inputs; source reviewed
crowding,industry_fund_holding_mkv_share,,dated series / panel,G,industry_fund_mkv / total_fund_stock_mkv,G4,单组数值归约已有；当前interval DAG不绑定asset矩阵/稳定类别/分组广播，不能把逐组Python循环当成一体化原生图。输入表对齐及成员PIT属上游。,/Users/chenjunming/.codex/skills/metrics-factory/scripts/run_a_share_crowding_indicators.py,calc_holding_crowding,686,,conditional on available local inputs; source reviewed
crowding,stock_northbound_hold_ratio,,dated series / panel,D,hk_hold.ratio,,输入已完成同日/同标的对齐、单位规范化后，现有算术/归约可表达；不是原始表到最终结果的替代实现。,/Users/chenjunming/.codex/skills/metrics-factory/scripts/run_a_share_crowding_indicators.py,calc_holding_crowding,686,,conditional on available local inputs; source reviewed
crowding,stock_northbound_hold_change_pct,,dated series / panel,C,"hk_hold.vol / hk_hold.vol.shift(1) - 1, or ratio pct_change if vol absent",K2,输入已完成同日/同标的对齐、单位规范化后，现有算术/归约可表达；不是原始表到最终结果的替代实现。 原始输入可用rolling_apply组合对齐shift；pct_change的缺失前填充行为取决于当前Pandas实现，必须冻结该契约；直接已有oi_chg时只透传。,/Users/chenjunming/.codex/skills/metrics-factory/scripts/run_a_share_crowding_indicators.py,calc_holding_crowding,686,,conditional on available local inputs; source reviewed
crowding,industry_northbound_hold_ratio,,dated series / panel,G,mean(stock_northbound_hold_ratio inside industry),G4,单组数值归约已有；当前interval DAG不绑定asset矩阵/稳定类别/分组广播，不能把逐组Python循环当成一体化原生图。输入表对齐及成员PIT属上游。,/Users/chenjunming/.codex/skills/metrics-factory/scripts/run_a_share_crowding_indicators.py,calc_holding_crowding,686,,conditional on available local inputs; source reviewed
crowding,stock_top10_float_holder_ratio,,dated series / panel,G,sum(top10 hold_float_ratio); quantile threshold + sum_where + tie count (or future top_k),G4,单组数值归约已有；当前interval DAG不绑定asset矩阵/稳定类别/分组广播，不能把逐组Python循环当成一体化原生图。输入表对齐及成员PIT属上游。 Top-K标量和可组合，不能仅因没有sort就判数学不可算。,/Users/chenjunming/.codex/skills/metrics-factory/scripts/run_a_share_crowding_indicators.py,calc_holding_crowding,686,,conditional on available local inputs; source reviewed
crowding,stock_top10_float_holder_hhi,,dated series / panel,G,sum((holder hold_float_ratio / sum_top10_hold_float_ratio)^2); quantile threshold + sum_where + tie count (or future top_k),G4,单组数值归约已有；当前interval DAG不绑定asset矩阵/稳定类别/分组广播，不能把逐组Python循环当成一体化原生图。输入表对齐及成员PIT属上游。 Top-K标量和可组合，不能仅因没有sort就判数学不可算。,/Users/chenjunming/.codex/skills/metrics-factory/scripts/run_a_share_crowding_indicators.py,calc_holding_crowding,686,,conditional on available local inputs; source reviewed
crowding,stock_holder_num_change_pct,,dated series / panel,C,holder_num / holder_num.shift(1) - 1,K2,输入已完成同日/同标的对齐、单位规范化后，现有算术/归约可表达；不是原始表到最终结果的替代实现。 原始输入可用rolling_apply组合对齐shift；pct_change的缺失前填充行为取决于当前Pandas实现，必须冻结该契约；直接已有oi_chg时只透传。,/Users/chenjunming/.codex/skills/metrics-factory/scripts/run_a_share_crowding_indicators.py,calc_holding_crowding,686,,conditional on available local inputs; source reviewed
crowding,etf_share_change_pct,,dated series / panel,C,share / share.shift(1) - 1,K2,输入已完成同日/同标的对齐、单位规范化后，现有算术/归约可表达；不是原始表到最终结果的替代实现。 原始输入可用rolling_apply组合对齐shift；pct_change的缺失前填充行为取决于当前Pandas实现，必须冻结该契约；直接已有oi_chg时只透传。,/Users/chenjunming/.codex/skills/metrics-factory/scripts/run_a_share_crowding_indicators.py,calc_etf_crowding,747,,conditional on available local inputs; source reviewed
crowding,etf_size_change_pct,,dated series / panel,C,total_size / total_size.shift(1) - 1,K2,输入已完成同日/同标的对齐、单位规范化后，现有算术/归约可表达；不是原始表到最终结果的替代实现。 原始输入可用rolling_apply组合对齐shift；pct_change的缺失前填充行为取决于当前Pandas实现，必须冻结该契约；直接已有oi_chg时只透传。,/Users/chenjunming/.codex/skills/metrics-factory/scripts/run_a_share_crowding_indicators.py,calc_etf_crowding,747,,conditional on available local inputs; source reviewed
crowding,etf_amount_share,,dated series / panel,G,etf_amount_yuan / total_A_share_amount_yuan,G4,单组数值归约已有；当前interval DAG不绑定asset矩阵/稳定类别/分组广播，不能把逐组Python循环当成一体化原生图。输入表对齐及成员PIT属上游。,/Users/chenjunming/.codex/skills/metrics-factory/scripts/run_a_share_crowding_indicators.py,calc_etf_crowding,747,,conditional on available local inputs; source reviewed
crowding,etf_amount_ma_ratio,,dated series / panel,C,"etf_amount_yuan / rolling_mean(etf_amount_yuan, N)",,输入已完成同日/同标的对齐、单位规范化后，现有算术/归约可表达；不是原始表到最终结果的替代实现。,/Users/chenjunming/.codex/skills/metrics-factory/scripts/run_a_share_crowding_indicators.py,calc_etf_crowding,747,,conditional on available local inputs; source reviewed
crowding,futures_oi_rolling_pctile,,dated series / panel,C,"rolling_apply(count(valid & x<=last_valid)/count(valid),window,minp)",,脚本比较的是窗口最后有限值；可用位置序列+max_value+value_at找到最后有限值。不缺rank原语；窗口末行NaN仍可输出。,/Users/chenjunming/.codex/skills/metrics-factory/scripts/run_a_share_crowding_indicators.py,calc_futures_crowding,785,,conditional on available local inputs; source reviewed
crowding,futures_oi_volume_ratio,,dated series / panel,C,fut_daily.oi / fut_daily.vol,,输入已完成同日/同标的对齐、单位规范化后，现有算术/归约可表达；不是原始表到最终结果的替代实现。,/Users/chenjunming/.codex/skills/metrics-factory/scripts/run_a_share_crowding_indicators.py,calc_futures_crowding,785,,conditional on available local inputs; source reviewed
crowding,futures_oi_change_pct,,dated series / panel,C,oi / oi.shift(1) - 1,K2,输入已完成同日/同标的对齐、单位规范化后，现有算术/归约可表达；不是原始表到最终结果的替代实现。 原始输入可用rolling_apply组合对齐shift；pct_change的缺失前填充行为取决于当前Pandas实现，必须冻结该契约；直接已有oi_chg时只透传。,/Users/chenjunming/.codex/skills/metrics-factory/scripts/run_a_share_crowding_indicators.py,calc_futures_crowding,785,,conditional on available local inputs; source reviewed
crowding,futures_long_hhi,,dated series / panel,G,HHI(broker long_hld),G4,单组数值归约已有；当前interval DAG不绑定asset矩阵/稳定类别/分组广播，不能把逐组Python循环当成一体化原生图。输入表对齐及成员PIT属上游。,/Users/chenjunming/.codex/skills/metrics-factory/scripts/run_a_share_crowding_indicators.py,calc_futures_crowding,785,,conditional on available local inputs; source reviewed
crowding,futures_short_hhi,,dated series / panel,G,HHI(broker short_hld),G4,单组数值归约已有；当前interval DAG不绑定asset矩阵/稳定类别/分组广播，不能把逐组Python循环当成一体化原生图。输入表对齐及成员PIT属上游。,/Users/chenjunming/.codex/skills/metrics-factory/scripts/run_a_share_crowding_indicators.py,calc_futures_crowding,785,,conditional on available local inputs; source reviewed
crowding,futures_top5_long_share,,dated series / panel,G,sum(top5 long_hld) / sum(long_hld); quantile threshold + sum_where + tie count (or future top_k),G4,单组数值归约已有；当前interval DAG不绑定asset矩阵/稳定类别/分组广播，不能把逐组Python循环当成一体化原生图。输入表对齐及成员PIT属上游。 Top-K标量和可组合，不能仅因没有sort就判数学不可算。,/Users/chenjunming/.codex/skills/metrics-factory/scripts/run_a_share_crowding_indicators.py,calc_futures_crowding,785,,conditional on available local inputs; source reviewed
crowding,futures_top5_short_share,,dated series / panel,G,sum(top5 short_hld) / sum(short_hld); quantile threshold + sum_where + tie count (or future top_k),G4,单组数值归约已有；当前interval DAG不绑定asset矩阵/稳定类别/分组广播，不能把逐组Python循环当成一体化原生图。输入表对齐及成员PIT属上游。 Top-K标量和可组合，不能仅因没有sort就判数学不可算。,/Users/chenjunming/.codex/skills/metrics-factory/scripts/run_a_share_crowding_indicators.py,calc_futures_crowding,785,,conditional on available local inputs; source reviewed
crowding,futures_long_short_imbalance,,dated series / panel,G,(sum(long_hld)-sum(short_hld))/(sum(long_hld)+sum(short_hld)),G4,单组数值归约已有；当前interval DAG不绑定asset矩阵/稳定类别/分组广播，不能把逐组Python循环当成一体化原生图。输入表对齐及成员PIT属上游。,/Users/chenjunming/.codex/skills/metrics-factory/scripts/run_a_share_crowding_indicators.py,calc_futures_crowding,785,,conditional on available local inputs; source reviewed
crowding,option_put_call_oi_ratio,,dated series / panel,G,sum(put oi) / sum(call oi),G4,单组数值归约已有；当前interval DAG不绑定asset矩阵/稳定类别/分组广播，不能把逐组Python循环当成一体化原生图。输入表对齐及成员PIT属上游。,/Users/chenjunming/.codex/skills/metrics-factory/scripts/run_a_share_crowding_indicators.py,calc_option_crowding,837,,conditional on available local inputs; source reviewed
crowding,option_put_call_volume_ratio,,dated series / panel,G,sum(put vol) / sum(call vol),G4,单组数值归约已有；当前interval DAG不绑定asset矩阵/稳定类别/分组广播，不能把逐组Python循环当成一体化原生图。输入表对齐及成员PIT属上游。,/Users/chenjunming/.codex/skills/metrics-factory/scripts/run_a_share_crowding_indicators.py,calc_option_crowding,837,,conditional on available local inputs; source reviewed
crowding,option_strike_oi_hhi,,dated series / panel,G,HHI(open_interest by exercise_price),G4;G5,单组数值归约已有；当前interval DAG不绑定asset矩阵/稳定类别/分组广播，不能把逐组Python循环当成一体化原生图。输入表对齐及成员PIT属上游。 先按strike合计OI，再HHI；不能直接对所有合约OI平方求和。,/Users/chenjunming/.codex/skills/metrics-factory/scripts/run_a_share_crowding_indicators.py,calc_option_crowding,837,,conditional on available local inputs; source reviewed
crowding,option_volume_to_underlying_volume,,dated series / panel,G,sum(option vol) / underlying ETF vol,G4,单组数值归约已有；当前interval DAG不绑定asset矩阵/稳定类别/分组广播，不能把逐组Python循环当成一体化原生图。输入表对齐及成员PIT属上游。,/Users/chenjunming/.codex/skills/metrics-factory/scripts/run_a_share_crowding_indicators.py,calc_option_crowding,837,,conditional on available local inputs; source reviewed
crowding,attention_rank_inverse,,dated series / panel,C,1 / hot_rank,,输入已完成同日/同标的对齐、单位规范化后，现有算术/归约可表达；不是原始表到最终结果的替代实现。,/Users/chenjunming/.codex/skills/metrics-factory/scripts/run_a_share_crowding_indicators.py,calc_attention_and_speculation,875,,conditional on available local inputs; source reviewed
crowding,attention_hot_score,,dated series / panel,D,hot score from ranking source,,输入已完成同日/同标的对齐、单位规范化后，现有算术/归约可表达；不是原始表到最终结果的替代实现。,/Users/chenjunming/.codex/skills/metrics-factory/scripts/run_a_share_crowding_indicators.py,calc_attention_and_speculation,875,,conditional on available local inputs; source reviewed
crowding,dragon_tiger_net_buy_to_amount,,dated series / panel,C,top_list.net_amount / top_list.amount,,输入已完成同日/同标的对齐、单位规范化后，现有算术/归约可表达；不是原始表到最终结果的替代实现。,/Users/chenjunming/.codex/skills/metrics-factory/scripts/run_a_share_crowding_indicators.py,calc_attention_and_speculation,875,,conditional on available local inputs; source reviewed
crowding,dragon_tiger_inst_net_buy_to_amount,,dated series / panel,G,sum(top_inst.net_buy) / daily.amount_yuan,G4,单组数值归约已有；当前interval DAG不绑定asset矩阵/稳定类别/分组广播，不能把逐组Python循环当成一体化原生图。输入表对齐及成员PIT属上游。,/Users/chenjunming/.codex/skills/metrics-factory/scripts/run_a_share_crowding_indicators.py,calc_attention_and_speculation,875,,conditional on available local inputs; source reviewed
unwired, 相对历史收益指标 ReturnZScore_2m,当前平均收益相对近2个月收益的 Z 分数,not specified by executable dispatch,U,收益率Z分数 = (当前平均收益 - 近2个月平均收益) / 近2个月标准差,,配置存在但核心入口未接线，不计入当前可执行指标；无cal_*真值，不能声称等价替代。,/Users/chenjunming/Desktop/KevinGit/PyFinance/MetricsFactory/metrics_cal_config.py,log_return_relative_metrics_dict,,,not wired
unwired,ReturnZScore_6m,当前平均收益相对近半年收益的 Z 分数,not specified by executable dispatch,U,收益率Z分数 = (当前平均收益 - 近半年平均收益) / 近半年标准差,,配置存在但核心入口未接线，不计入当前可执行指标；无cal_*真值，不能声称等价替代。,/Users/chenjunming/Desktop/KevinGit/PyFinance/MetricsFactory/metrics_cal_config.py,log_return_relative_metrics_dict,,,not wired
unwired,ReturnZScore_1y,当前平均收益相对近1年收益的 Z 分数,not specified by executable dispatch,U,收益率Z分数 = (当前平均收益 - 近1年平均收益) / 近1年标准差,,配置存在但核心入口未接线，不计入当前可执行指标；无cal_*真值，不能声称等价替代。,/Users/chenjunming/Desktop/KevinGit/PyFinance/MetricsFactory/metrics_cal_config.py,log_return_relative_metrics_dict,,,not wired
unwired,ReturnZScore_2y,当前平均收益相对近2年收益的 Z 分数,not specified by executable dispatch,U,收益率Z分数 = (当前平均收益 - 近2年平均收益) / 近2年标准差,,配置存在但核心入口未接线，不计入当前可执行指标；无cal_*真值，不能声称等价替代。,/Users/chenjunming/Desktop/KevinGit/PyFinance/MetricsFactory/metrics_cal_config.py,log_return_relative_metrics_dict,,,not wired
unwired,ReturnPercentile_2m,当前收益率相对近2个月收益的分位数,not specified by executable dispatch,U,收益率分位数 = 当前收益率在近2个月的同类收益率中的分位数,,配置存在但核心入口未接线，不计入当前可执行指标；无cal_*真值，不能声称等价替代。 先定义历史样本、当前值和相等排名规则；已有比较+计数+rolling_apply可作组合。,/Users/chenjunming/Desktop/KevinGit/PyFinance/MetricsFactory/metrics_cal_config.py,log_return_relative_metrics_dict,,,not wired
unwired,ReturnPercentile_6m,当前收益率相对近6个月收益的分位数,not specified by executable dispatch,U,收益率分位数 = 当前收益率在近2个月的同类收益率中的分位数,,配置存在但核心入口未接线，不计入当前可执行指标；无cal_*真值，不能声称等价替代。 先定义历史样本、当前值和相等排名规则；已有比较+计数+rolling_apply可作组合。,/Users/chenjunming/Desktop/KevinGit/PyFinance/MetricsFactory/metrics_cal_config.py,log_return_relative_metrics_dict,,,not wired
unwired,ReturnPercentile_1y,当前收益率相对近1年收益的分位数,not specified by executable dispatch,U,收益率分位数 = 当前收益率在近1年的同类收益率中的分位数,,配置存在但核心入口未接线，不计入当前可执行指标；无cal_*真值，不能声称等价替代。 先定义历史样本、当前值和相等排名规则；已有比较+计数+rolling_apply可作组合。,/Users/chenjunming/Desktop/KevinGit/PyFinance/MetricsFactory/metrics_cal_config.py,log_return_relative_metrics_dict,,,not wired
unwired,ReturnPercentile_2y,当前收益率相对近2年收益的分位数,not specified by executable dispatch,U,收益率分位数 = 当前收益率在近2年的同类收益率中的分位数,,配置存在但核心入口未接线，不计入当前可执行指标；无cal_*真值，不能声称等价替代。 先定义历史样本、当前值和相等排名规则；已有比较+计数+rolling_apply可作组合。,/Users/chenjunming/Desktop/KevinGit/PyFinance/MetricsFactory/metrics_cal_config.py,log_return_relative_metrics_dict,,,not wired
unwired,AverageDeviationReturn_2m,相较近2月收益均线偏离率,not specified by executable dispatch,U,均线偏离率 = (当前收益率均值 - 近2月收益均值) / 近2月收益均值,,配置存在但核心入口未接线，不计入当前可执行指标；无cal_*真值，不能声称等价替代。,/Users/chenjunming/Desktop/KevinGit/PyFinance/MetricsFactory/metrics_cal_config.py,log_return_relative_metrics_dict,,,not wired
unwired,AverageDeviationReturn_6m,相较近6月收益均线偏离率,not specified by executable dispatch,U,均线偏离率 = (当前收益率均值 - 近6月收益均值) / 近6月收益均值,,配置存在但核心入口未接线，不计入当前可执行指标；无cal_*真值，不能声称等价替代。,/Users/chenjunming/Desktop/KevinGit/PyFinance/MetricsFactory/metrics_cal_config.py,log_return_relative_metrics_dict,,,not wired
unwired,AverageDeviationReturn_1y,相较近1年收益均线偏离率,not specified by executable dispatch,U,均线偏离率 = (当前收益率均值 - 近1年收益均值) / 近1年收益均值,,配置存在但核心入口未接线，不计入当前可执行指标；无cal_*真值，不能声称等价替代。,/Users/chenjunming/Desktop/KevinGit/PyFinance/MetricsFactory/metrics_cal_config.py,log_return_relative_metrics_dict,,,not wired
unwired,AverageDeviationReturn_2y,相较近2年收益均线偏离率,not specified by executable dispatch,U,均线偏离率 = (当前收益率均值 - 近2年收益均值) / 近2年收益均值,,配置存在但核心入口未接线，不计入当前可执行指标；无cal_*真值，不能声称等价替代。,/Users/chenjunming/Desktop/KevinGit/PyFinance/MetricsFactory/metrics_cal_config.py,log_return_relative_metrics_dict,,,not wired
unwired, 相对历史风险指标 VolatilityRollingRatio_2m,当前波动率相较近2个月波动率的滚动比率,not specified by executable dispatch,U,波动率滚动比率 = 当前波动率 / 近2个月波动率 (值 > 1 表示近期强于长期，< 1 则反之),,配置存在但核心入口未接线，不计入当前可执行指标；无cal_*真值，不能声称等价替代。,/Users/chenjunming/Desktop/KevinGit/PyFinance/MetricsFactory/metrics_cal_config.py,log_return_relative_metrics_dict,,,not wired
unwired,VolatilityRollingRatio_6m,当前波动率相较近6个月波动率的滚动比率,not specified by executable dispatch,U,波动率滚动比率 = 当前波动率 / 近6个月波动率 (值 > 1 表示近期强于长期，< 1 则反之),,配置存在但核心入口未接线，不计入当前可执行指标；无cal_*真值，不能声称等价替代。,/Users/chenjunming/Desktop/KevinGit/PyFinance/MetricsFactory/metrics_cal_config.py,log_return_relative_metrics_dict,,,not wired
unwired,VolatilityRollingRatio_1y,当前波动率相较近1年波动率的滚动比率,not specified by executable dispatch,U,波动率滚动比率 = 当前波动率 / 近1年波动率 (值 > 1 表示近期强于长期，< 1 则反之),,配置存在但核心入口未接线，不计入当前可执行指标；无cal_*真值，不能声称等价替代。,/Users/chenjunming/Desktop/KevinGit/PyFinance/MetricsFactory/metrics_cal_config.py,log_return_relative_metrics_dict,,,not wired
unwired,VolatilityRollingRatio_2y,当前波动率相较近2年波动率的滚动比率,not specified by executable dispatch,U,波动率滚动比率 = 当前波动率 / 近2年波动率 (值 > 1 表示近期强于长期，< 1 则反之),,配置存在但核心入口未接线，不计入当前可执行指标；无cal_*真值，不能声称等价替代。,/Users/chenjunming/Desktop/KevinGit/PyFinance/MetricsFactory/metrics_cal_config.py,log_return_relative_metrics_dict,,,not wired
unwired,VolatilityPercentile_2m,当前波动率相对近2个月波动率的分位数,not specified by executable dispatch,U,波动率分位数 = 当前收益率在近2个月的同类波动率中的分位数,,配置存在但核心入口未接线，不计入当前可执行指标；无cal_*真值，不能声称等价替代。 先定义历史样本、当前值和相等排名规则；已有比较+计数+rolling_apply可作组合。,/Users/chenjunming/Desktop/KevinGit/PyFinance/MetricsFactory/metrics_cal_config.py,log_return_relative_metrics_dict,,,not wired
unwired,VolatilityPercentile_6m,当前波动率相对近6个月波动率的分位数,not specified by executable dispatch,U,波动率分位数 = 当前收益率在近2个月的同类波动率中的分位数,,配置存在但核心入口未接线，不计入当前可执行指标；无cal_*真值，不能声称等价替代。 先定义历史样本、当前值和相等排名规则；已有比较+计数+rolling_apply可作组合。,/Users/chenjunming/Desktop/KevinGit/PyFinance/MetricsFactory/metrics_cal_config.py,log_return_relative_metrics_dict,,,not wired
unwired,VolatilityPercentile_1y,当前波动率相对近1年收波动率分位数,not specified by executable dispatch,U,波动率分位数 = 当前收益率在近1年的同类收波动中的分位数,,配置存在但核心入口未接线，不计入当前可执行指标；无cal_*真值，不能声称等价替代。 先定义历史样本、当前值和相等排名规则；已有比较+计数+rolling_apply可作组合。,/Users/chenjunming/Desktop/KevinGit/PyFinance/MetricsFactory/metrics_cal_config.py,log_return_relative_metrics_dict,,,not wired
unwired,VolatilityPercentile_2y,当前波动率相对近2年收波动率分位数,not specified by executable dispatch,U,波动率分位数 = 当前收益率在近2年的同类收波动中的分位数,,配置存在但核心入口未接线，不计入当前可执行指标；无cal_*真值，不能声称等价替代。 先定义历史样本、当前值和相等排名规则；已有比较+计数+rolling_apply可作组合。,/Users/chenjunming/Desktop/KevinGit/PyFinance/MetricsFactory/metrics_cal_config.py,log_return_relative_metrics_dict,,,not wired
unwired,BBI,BBI 指标 (多空指标),not specified by executable dispatch,U,BBI = (MA3 + MA6 + MA12 + MA24) / 4,,配置存在但核心入口未接线，不计入当前可执行指标；无cal_*真值，不能声称等价替代。,/Users/chenjunming/Desktop/KevinGit/PyFinance/MetricsFactory/metrics_cal_config.py,long_short_metrics,,,not wired
unwired,DMA,DMA 指标 (平均线差),not specified by executable dispatch,U,DMA = (MA短期 - MA长期) 的移动平均,,配置存在但核心入口未接线，不计入当前可执行指标；无cal_*真值，不能声称等价替代。,/Users/chenjunming/Desktop/KevinGit/PyFinance/MetricsFactory/metrics_cal_config.py,long_short_metrics,,,not wired
unwired,DIF,MACD 指标的 DIF 值 (快线-趋势变化),not specified by executable dispatch,U,DIF = EMA(短期) - EMA(长期),G1,配置存在但核心入口未接线，不计入当前可执行指标；无cal_*真值，不能声称等价替代。 按配置意图需EMA契约。,/Users/chenjunming/Desktop/KevinGit/PyFinance/MetricsFactory/metrics_cal_config.py,long_short_metrics,,,not wired
unwired,DEA,MACD 指标的 DEA 值 (慢线-趋势平滑),not specified by executable dispatch,U,DEA = DIF 的指数移动平均值,G1,配置存在但核心入口未接线，不计入当前可执行指标；无cal_*真值，不能声称等价替代。 按配置意图需EMA契约。,/Users/chenjunming/Desktop/KevinGit/PyFinance/MetricsFactory/metrics_cal_config.py,long_short_metrics,,,not wired
unwired,MACD,MACD 值 (快线-慢线),not specified by executable dispatch,U,MACD = 2 (DIF - DEA),G1,配置存在但核心入口未接线，不计入当前可执行指标；无cal_*真值，不能声称等价替代。 按配置意图需EMA契约。,/Users/chenjunming/Desktop/KevinGit/PyFinance/MetricsFactory/metrics_cal_config.py,long_short_metrics,,,not wired
unwired,ADXSlop-6,ADX 的斜率,not specified by executable dispatch,U,ADX 的斜率,,配置存在但核心入口未接线，不计入当前可执行指标；无cal_*真值，不能声称等价替代。 ADX如何定义斜率窗口/自变量尚需明确；现有回归基本能力已在。,/Users/chenjunming/Desktop/KevinGit/PyFinance/MetricsFactory/metrics_cal_config.py,long_short_metrics,,,not wired
