source_id,source_commit,source_path,qualified_symbol,line,source_file_sha256,decorators,proposed_phase,native_mapping_status,production_call_path_status,speed_gate_status,memory_gate_status
backend/agent/series_summary.py::series_summary,9b99048d188017816358f581a86b27df1c388161,backend/agent/series_summary.py,series_summary,30,f7cdb54b59d271843f2d45fa1add29033698a55dd39f20dd7c61964f9a827e8a,"njit(SUMMARY_SIGNATURE, cache=True, nogil=True)",M2,pending_assessment,pending_trace,pending_baseline,pending_baseline
backend/auto_class_numba.py::robust_standardize_kernel,9b99048d188017816358f581a86b27df1c388161,backend/auto_class_numba.py,robust_standardize_kernel,42,c22329bce7b7d466211154ec827cb6e68f032f9315a595de244e26389557a5eb,"njit(_F2(_F2), cache=False, nogil=True)",M5,pending_assessment,pending_trace,pending_baseline,pending_baseline
backend/auto_class_numba.py::winsorize_returns_kernel,9b99048d188017816358f581a86b27df1c388161,backend/auto_class_numba.py,winsorize_returns_kernel,87,c22329bce7b7d466211154ec827cb6e68f032f9315a595de244e26389557a5eb,"njit(types.Tuple((_F2, _I1, _F1))(_F2, float64), cache=False, nogil=True)",M5,pending_assessment,pending_trace,pending_baseline,pending_baseline
backend/auto_class_numba.py::correlation_matrix_kernel,9b99048d188017816358f581a86b27df1c388161,backend/auto_class_numba.py,correlation_matrix_kernel,146,c22329bce7b7d466211154ec827cb6e68f032f9315a595de244e26389557a5eb,"njit(_F2(_F2), cache=False, nogil=True)",M5,pending_assessment,pending_trace,pending_baseline,pending_baseline
backend/auto_class_numba.py::corr_to_distance_kernel,9b99048d188017816358f581a86b27df1c388161,backend/auto_class_numba.py,corr_to_distance_kernel,184,c22329bce7b7d466211154ec827cb6e68f032f9315a595de244e26389557a5eb,"njit(_F2(_F2), cache=False, nogil=True)",M5,pending_assessment,pending_trace,pending_baseline,pending_baseline
backend/auto_class_numba.py::euclidean_distance_kernel,9b99048d188017816358f581a86b27df1c388161,backend/auto_class_numba.py,euclidean_distance_kernel,204,c22329bce7b7d466211154ec827cb6e68f032f9315a595de244e26389557a5eb,"njit(_F2(_F2), cache=False, nogil=True)",M5,pending_assessment,pending_trace,pending_baseline,pending_baseline
backend/auto_class_numba.py::pca_features_kernel,9b99048d188017816358f581a86b27df1c388161,backend/auto_class_numba.py,pca_features_kernel,220,c22329bce7b7d466211154ec827cb6e68f032f9315a595de244e26389557a5eb,"njit(_F2(_F2, int64), cache=False, nogil=True)",M5,pending_assessment,pending_trace,pending_baseline,pending_baseline
backend/auto_class_numba.py::correlation_eigenvalues_kernel,9b99048d188017816358f581a86b27df1c388161,backend/auto_class_numba.py,correlation_eigenvalues_kernel,261,c22329bce7b7d466211154ec827cb6e68f032f9315a595de244e26389557a5eb,"njit(_F1(_F2), cache=False, nogil=True)",M5,pending_assessment,pending_trace,pending_baseline,pending_baseline
backend/auto_class_numba.py::agglomerative_linkage_kernel,9b99048d188017816358f581a86b27df1c388161,backend/auto_class_numba.py,agglomerative_linkage_kernel,282,c22329bce7b7d466211154ec827cb6e68f032f9315a595de244e26389557a5eb,"njit(_F2(_F2, int64), cache=False, nogil=True)",M5,pending_assessment,pending_trace,pending_baseline,pending_baseline
backend/auto_class_numba.py::cut_linkage_kernel,9b99048d188017816358f581a86b27df1c388161,backend/auto_class_numba.py,cut_linkage_kernel,364,c22329bce7b7d466211154ec827cb6e68f032f9315a595de244e26389557a5eb,"njit(_I1(_F2, int64, int64), cache=False, nogil=True)",M5,pending_assessment,pending_trace,pending_baseline,pending_baseline
backend/auto_class_numba.py::kmeans_kernel,9b99048d188017816358f581a86b27df1c388161,backend/auto_class_numba.py,kmeans_kernel,415,c22329bce7b7d466211154ec827cb6e68f032f9315a595de244e26389557a5eb,"njit(_I1(_F2, int64, int64, int64), cache=False, nogil=True)",M5,pending_assessment,pending_trace,pending_baseline,pending_baseline
backend/auto_class_numba.py::kmedoids_kernel,9b99048d188017816358f581a86b27df1c388161,backend/auto_class_numba.py,kmedoids_kernel,509,c22329bce7b7d466211154ec827cb6e68f032f9315a595de244e26389557a5eb,"njit(types.Tuple((_I1, _I1))(_F2, int64, int64, int64), cache=False, nogil=True)",M5,pending_assessment,pending_trace,pending_baseline,pending_baseline
backend/auto_class_numba.py::denoise_correlation_kernel,9b99048d188017816358f581a86b27df1c388161,backend/auto_class_numba.py,denoise_correlation_kernel,581,c22329bce7b7d466211154ec827cb6e68f032f9315a595de244e26389557a5eb,"njit(_F2(_F2, int64), cache=False, nogil=True)",M5,pending_assessment,pending_trace,pending_baseline,pending_baseline
backend/auto_class_numba.py::spectral_labels_kernel,9b99048d188017816358f581a86b27df1c388161,backend/auto_class_numba.py,spectral_labels_kernel,649,c22329bce7b7d466211154ec827cb6e68f032f9315a595de244e26389557a5eb,"njit(_I1(_F2, int64, int64, int64), cache=False, nogil=True)",M5,pending_assessment,pending_trace,pending_baseline,pending_baseline
backend/auto_class_numba.py::gmm_kernel,9b99048d188017816358f581a86b27df1c388161,backend/auto_class_numba.py,gmm_kernel,730,c22329bce7b7d466211154ec827cb6e68f032f9315a595de244e26389557a5eb,"njit(types.Tuple((_I1, _F2))(_F2, int64, int64, int64), cache=False, nogil=True)",M5,pending_assessment,pending_trace,pending_baseline,pending_baseline
backend/auto_class_numba.py::affinity_from_distance_kernel,9b99048d188017816358f581a86b27df1c388161,backend/auto_class_numba.py,affinity_from_distance_kernel,879,c22329bce7b7d466211154ec827cb6e68f032f9315a595de244e26389557a5eb,"njit(_F2(_F2, _I1, int64), cache=False, nogil=True)",M5,pending_assessment,pending_trace,pending_baseline,pending_baseline
backend/auto_class_numba.py::mean_offdiagonal_kernel,9b99048d188017816358f581a86b27df1c388161,backend/auto_class_numba.py,mean_offdiagonal_kernel,925,c22329bce7b7d466211154ec827cb6e68f032f9315a595de244e26389557a5eb,"njit(float64(_F2), cache=False, nogil=True)",M5,pending_assessment,pending_trace,pending_baseline,pending_baseline
backend/auto_class_numba.py::capacity_assign_kernel,9b99048d188017816358f581a86b27df1c388161,backend/auto_class_numba.py,capacity_assign_kernel,943,c22329bce7b7d466211154ec827cb6e68f032f9315a595de244e26389557a5eb,"njit(_I1(_F2, _I1, int64, int64, int64, float64), cache=False, nogil=True)",M5,pending_assessment,pending_trace,pending_baseline,pending_baseline
backend/auto_class_numba.py::silhouette_kernel,9b99048d188017816358f581a86b27df1c388161,backend/auto_class_numba.py,silhouette_kernel,1033,c22329bce7b7d466211154ec827cb6e68f032f9315a595de244e26389557a5eb,"njit(types.Tuple((float64, _F1))(_F2, _I1, int64), cache=False, nogil=True)",M5,pending_assessment,pending_trace,pending_baseline,pending_baseline
backend/auto_class_numba.py::intra_class_mean_corr_kernel,9b99048d188017816358f581a86b27df1c388161,backend/auto_class_numba.py,intra_class_mean_corr_kernel,1089,c22329bce7b7d466211154ec827cb6e68f032f9315a595de244e26389557a5eb,"njit(_F1(_F2, _I1, int64), cache=False, nogil=True)",M5,pending_assessment,pending_trace,pending_baseline,pending_baseline
backend/auto_class_numba.py::cross_class_corr_kernel,9b99048d188017816358f581a86b27df1c388161,backend/auto_class_numba.py,cross_class_corr_kernel,1113,c22329bce7b7d466211154ec827cb6e68f032f9315a595de244e26389557a5eb,"njit(_F2(_F2, _I1, int64), cache=False, nogil=True)",M5,pending_assessment,pending_trace,pending_baseline,pending_baseline
backend/auto_class_numba.py::intra_class_weights_kernel,9b99048d188017816358f581a86b27df1c388161,backend/auto_class_numba.py,intra_class_weights_kernel,1140,c22329bce7b7d466211154ec827cb6e68f032f9315a595de244e26389557a5eb,"njit(_F1(_F2, _I1, _F2, int64, int64), cache=False, nogil=True)",M5,pending_assessment,pending_trace,pending_baseline,pending_baseline
backend/auto_class_numba.py::apply_weight_caps_kernel,9b99048d188017816358f581a86b27df1c388161,backend/auto_class_numba.py,apply_weight_caps_kernel,1203,c22329bce7b7d466211154ec827cb6e68f032f9315a595de244e26389557a5eb,"njit(types.Tuple((_F1, _F1))(_F1, _F1, _I1, int64), cache=False, nogil=True)",M5,pending_assessment,pending_trace,pending_baseline,pending_baseline
backend/auto_class_numba.py::allocate_block_clusters_kernel,9b99048d188017816358f581a86b27df1c388161,backend/auto_class_numba.py,allocate_block_clusters_kernel,1313,c22329bce7b7d466211154ec827cb6e68f032f9315a595de244e26389557a5eb,"njit(_I1(_I1, int64, int64), cache=False, nogil=True)",M5,pending_assessment,pending_trace,pending_baseline,pending_baseline
backend/auto_class_numba.py::finite_rows_kernel,9b99048d188017816358f581a86b27df1c388161,backend/auto_class_numba.py,finite_rows_kernel,1375,c22329bce7b7d466211154ec827cb6e68f032f9315a595de244e26389557a5eb,"njit(_U1(_F2), cache=False, nogil=True)",M5,pending_assessment,pending_trace,pending_baseline,pending_baseline
backend/backtest_numba.py::uniform_weights_kernel,9b99048d188017816358f581a86b27df1c388161,backend/backtest_numba.py,uniform_weights_kernel,30,97629774a6c5c4e0814c6eaebc885ed66eda56d0fc911ebdfb33126b7c858481,"njit(float64[:](int64), cache=False)",M8,pending_assessment,pending_trace,pending_baseline,pending_baseline
backend/backtest_numba.py::cumulative_returns_kernel,9b99048d188017816358f581a86b27df1c388161,backend/backtest_numba.py,cumulative_returns_kernel,41,97629774a6c5c4e0814c6eaebc885ed66eda56d0fc911ebdfb33126b7c858481,"njit(float64[:](float64[:, ::1]), cache=False)",M8,pending_assessment,pending_trace,pending_baseline,pending_baseline
backend/backtest_numba.py::annual_metrics_kernel,9b99048d188017816358f581a86b27df1c388161,backend/backtest_numba.py,annual_metrics_kernel,61,97629774a6c5c4e0814c6eaebc885ed66eda56d0fc911ebdfb33126b7c858481,"njit(_ANNUAL_RESULT(float64[:, ::1], int64[::1], float64), cache=False)",M8,pending_assessment,pending_trace,pending_baseline,pending_baseline
backend/backtest_numba.py::portfolio_segment_path_kernel,9b99048d188017816358f581a86b27df1c388161,backend/backtest_numba.py,portfolio_segment_path_kernel,176,97629774a6c5c4e0814c6eaebc885ed66eda56d0fc911ebdfb33126b7c858481,"njit(_PATH_RESULT(float64[:, ::1], float64[::1], int64, int64, float64, float64), cache=False)",M8,pending_assessment,pending_trace,pending_baseline,pending_baseline
backend/backtest_numba.py::portfolio_metrics_kernel,9b99048d188017816358f581a86b27df1c388161,backend/backtest_numba.py,portfolio_metrics_kernel,225,97629774a6c5c4e0814c6eaebc885ed66eda56d0fc911ebdfb33126b7c858481,"njit(float64[:](float64[::1], float64), cache=False)",M8,pending_assessment,pending_trace,pending_baseline,pending_baseline
backend/business_numeric_numba.py::grouped_numeric_controls_kernel,9b99048d188017816358f581a86b27df1c388161,backend/business_numeric_numba.py,grouped_numeric_controls_kernel,62,160c384eeb326865a22e148b90e68bee443676236619a2a6da42554258cac3d9,"njit(_GROUPED_RESULT(_F8_1D, _I8_1D, _F8_1D, _F8_1D), cache=False, nogil=True)",M8,pending_assessment,pending_trace,pending_baseline,pending_baseline
backend/business_numeric_numba.py::trade_allocation_summary_kernel,9b99048d188017816358f581a86b27df1c388161,backend/business_numeric_numba.py,trade_allocation_summary_kernel,112,160c384eeb326865a22e148b90e68bee443676236619a2a6da42554258cac3d9,"njit(_ALLOCATION_RESULT(types.float64, types.float64, _F8_1D, types.float64), cache=False, nogil=True)",M8,pending_assessment,pending_trace,pending_baseline,pending_baseline
backend/business_numeric_numba.py::ledger_summary_kernel,9b99048d188017816358f581a86b27df1c388161,backend/business_numeric_numba.py,ledger_summary_kernel,158,160c384eeb326865a22e148b90e68bee443676236619a2a6da42554258cac3d9,"njit(_LEDGER_RESULT(_F8_1D, _F8_1D, _I8_1D, _I8_1D, types.int64, _U1_1D, types.float64, types.float64, types.float64), cache=False, nogil=True)",M8,pending_assessment,pending_trace,pending_baseline,pending_baseline
backend/cal_indicators/builtin_batch_kernel.py::_mean,9b99048d188017816358f581a86b27df1c388161,backend/cal_indicators/builtin_batch_kernel.py,_mean,60,7e48a8df368123f740de1f0992f68925c8b185715742d2218f78fbc352d6b386,"njit(cache=True, nogil=True, inline='always')",M2,pending_assessment,pending_trace,pending_baseline,pending_baseline
backend/cal_indicators/builtin_batch_kernel.py::_sample_std,9b99048d188017816358f581a86b27df1c388161,backend/cal_indicators/builtin_batch_kernel.py,_sample_std,68,7e48a8df368123f740de1f0992f68925c8b185715742d2218f78fbc352d6b386,"njit(cache=True, nogil=True, inline='always')",M2,pending_assessment,pending_trace,pending_baseline,pending_baseline
backend/cal_indicators/builtin_batch_kernel.py::_quantile_sorted,9b99048d188017816358f581a86b27df1c388161,backend/cal_indicators/builtin_batch_kernel.py,_quantile_sorted,80,7e48a8df368123f740de1f0992f68925c8b185715742d2218f78fbc352d6b386,"njit(cache=True, nogil=True, inline='always')",M2,pending_assessment,pending_trace,pending_baseline,pending_baseline
backend/cal_indicators/builtin_batch_kernel.py::_linear_fit,9b99048d188017816358f581a86b27df1c388161,backend/cal_indicators/builtin_batch_kernel.py,_linear_fit,94,7e48a8df368123f740de1f0992f68925c8b185715742d2218f78fbc352d6b386,"njit(cache=True, nogil=True)",M2,pending_assessment,pending_trace,pending_baseline,pending_baseline
backend/cal_indicators/builtin_batch_kernel.py::_compute_metric,9b99048d188017816358f581a86b27df1c388161,backend/cal_indicators/builtin_batch_kernel.py,_compute_metric,120,7e48a8df368123f740de1f0992f68925c8b185715742d2218f78fbc352d6b386,"njit(cache=True, nogil=True)",M2,pending_assessment,pending_trace,pending_baseline,pending_baseline
backend/cal_indicators/builtin_batch_kernel.py::_compute_product,9b99048d188017816358f581a86b27df1c388161,backend/cal_indicators/builtin_batch_kernel.py,_compute_product,368,7e48a8df368123f740de1f0992f68925c8b185715742d2218f78fbc352d6b386,"njit(cache=True, nogil=True, inline='always')",M2,pending_assessment,pending_trace,pending_baseline,pending_baseline
backend/cal_indicators/builtin_batch_kernel.py::compute_builtin_batch_serial,9b99048d188017816358f581a86b27df1c388161,backend/cal_indicators/builtin_batch_kernel.py,compute_builtin_batch_serial,434,7e48a8df368123f740de1f0992f68925c8b185715742d2218f78fbc352d6b386,"njit([_BATCH_SIGNATURE, _READONLY_BATCH_SIGNATURE], cache=True, nogil=True)",M2,pending_assessment,pending_trace,pending_baseline,pending_baseline
backend/cal_indicators/builtin_batch_kernel.py::compute_builtin_batch_parallel,9b99048d188017816358f581a86b27df1c388161,backend/cal_indicators/builtin_batch_kernel.py,compute_builtin_batch_parallel,466,7e48a8df368123f740de1f0992f68925c8b185715742d2218f78fbc352d6b386,"njit([_BATCH_SIGNATURE, _READONLY_BATCH_SIGNATURE], cache=True, nogil=True, parallel=True)",M2,pending_assessment,pending_trace,pending_baseline,pending_baseline
backend/cal_indicators/drawdown_interval.py::last_drawdown_interval_kernel,9b99048d188017816358f581a86b27df1c388161,backend/cal_indicators/drawdown_interval.py,last_drawdown_interval_kernel,22,3f59b9bc6551d3d049bc3a5d2e9f65196fac2ad5ec1a3d2030bbb5bb4f2bb898,"numba.njit(_INTERVAL(_F1), nogil=True, cache=False)",M2,pending_assessment,pending_trace,pending_baseline,pending_baseline
backend/cal_indicators/drawdown_interval.py::interval_start_kernel,9b99048d188017816358f581a86b27df1c388161,backend/cal_indicators/drawdown_interval.py,interval_start_kernel,46,3f59b9bc6551d3d049bc3a5d2e9f65196fac2ad5ec1a3d2030bbb5bb4f2bb898,"numba.njit(types.float64(_INTERVAL), nogil=True, cache=False)",M2,pending_assessment,pending_trace,pending_baseline,pending_baseline
backend/cal_indicators/drawdown_interval.py::interval_trough_kernel,9b99048d188017816358f581a86b27df1c388161,backend/cal_indicators/drawdown_interval.py,interval_trough_kernel,51,3f59b9bc6551d3d049bc3a5d2e9f65196fac2ad5ec1a3d2030bbb5bb4f2bb898,"numba.njit(types.float64(_INTERVAL), nogil=True, cache=False)",M2,pending_assessment,pending_trace,pending_baseline,pending_baseline
backend/cal_indicators/drawdown_interval.py::interval_recovery_kernel,9b99048d188017816358f581a86b27df1c388161,backend/cal_indicators/drawdown_interval.py,interval_recovery_kernel,56,3f59b9bc6551d3d049bc3a5d2e9f65196fac2ad5ec1a3d2030bbb5bb4f2bb898,"numba.njit(types.float64(_INTERVAL), nogil=True, cache=False)",M2,pending_assessment,pending_trace,pending_baseline,pending_baseline
backend/cal_indicators/drawdown_interval.py::days_between_kernel,9b99048d188017816358f581a86b27df1c388161,backend/cal_indicators/drawdown_interval.py,days_between_kernel,61,3f59b9bc6551d3d049bc3a5d2e9f65196fac2ad5ec1a3d2030bbb5bb4f2bb898,"numba.njit(types.float64(types.float64, types.float64), nogil=True, cache=False)",M2,pending_assessment,pending_trace,pending_baseline,pending_baseline
backend/cal_indicators/numba_finance_math.py::add,9b99048d188017816358f581a86b27df1c388161,backend/cal_indicators/numba_finance_math.py,add,12,220c72e9fd1aa482cedd610567339c5a6cf2a01aa9a09bb0f8eb8b80ab657804,"vectorize(['float64(float64, float64)'], nopython=True, target='cpu')",M2,pending_assessment,pending_trace,pending_baseline,pending_baseline
backend/cal_indicators/numba_finance_math.py::subtract,9b99048d188017816358f581a86b27df1c388161,backend/cal_indicators/numba_finance_math.py,subtract,20,220c72e9fd1aa482cedd610567339c5a6cf2a01aa9a09bb0f8eb8b80ab657804,"vectorize(['float64(float64, float64)'], nopython=True, target='cpu')",M2,pending_assessment,pending_trace,pending_baseline,pending_baseline
backend/cal_indicators/numba_finance_math.py::multiply,9b99048d188017816358f581a86b27df1c388161,backend/cal_indicators/numba_finance_math.py,multiply,28,220c72e9fd1aa482cedd610567339c5a6cf2a01aa9a09bb0f8eb8b80ab657804,"vectorize(['float64(float64, float64)'], nopython=True, target='cpu')",M2,pending_assessment,pending_trace,pending_baseline,pending_baseline
backend/cal_indicators/numba_finance_math.py::divide,9b99048d188017816358f581a86b27df1c388161,backend/cal_indicators/numba_finance_math.py,divide,36,220c72e9fd1aa482cedd610567339c5a6cf2a01aa9a09bb0f8eb8b80ab657804,"vectorize(['float64(float64, float64)'], nopython=True, target='cpu')",M2,pending_assessment,pending_trace,pending_baseline,pending_baseline
backend/cal_indicators/numba_finance_math.py::negate,9b99048d188017816358f581a86b27df1c388161,backend/cal_indicators/numba_finance_math.py,negate,46,220c72e9fd1aa482cedd610567339c5a6cf2a01aa9a09bb0f8eb8b80ab657804,"vectorize(['float64(float64)'], nopython=True, target='cpu')",M2,pending_assessment,pending_trace,pending_baseline,pending_baseline
backend/cal_indicators/numba_finance_math.py::absolute,9b99048d188017816358f581a86b27df1c388161,backend/cal_indicators/numba_finance_math.py,absolute,54,220c72e9fd1aa482cedd610567339c5a6cf2a01aa9a09bb0f8eb8b80ab657804,"vectorize(['float64(float64)'], nopython=True, target='cpu')",M2,pending_assessment,pending_trace,pending_baseline,pending_baseline
backend/cal_indicators/numba_finance_math.py::power,9b99048d188017816358f581a86b27df1c388161,backend/cal_indicators/numba_finance_math.py,power,62,220c72e9fd1aa482cedd610567339c5a6cf2a01aa9a09bb0f8eb8b80ab657804,"vectorize(['float64(float64, float64)'], nopython=True, target='cpu')",M2,pending_assessment,pending_trace,pending_baseline,pending_baseline
backend/cal_indicators/numba_finance_math.py::maximum,9b99048d188017816358f581a86b27df1c388161,backend/cal_indicators/numba_finance_math.py,maximum,70,220c72e9fd1aa482cedd610567339c5a6cf2a01aa9a09bb0f8eb8b80ab657804,"vectorize(['float64(float64, float64)'], nopython=True, target='cpu')",M2,pending_assessment,pending_trace,pending_baseline,pending_baseline
backend/cal_indicators/numba_finance_math.py::minimum,9b99048d188017816358f581a86b27df1c388161,backend/cal_indicators/numba_finance_math.py,minimum,78,220c72e9fd1aa482cedd610567339c5a6cf2a01aa9a09bb0f8eb8b80ab657804,"vectorize(['float64(float64, float64)'], nopython=True, target='cpu')",M2,pending_assessment,pending_trace,pending_baseline,pending_baseline
backend/cal_indicators/numba_finance_math.py::clip,9b99048d188017816358f581a86b27df1c388161,backend/cal_indicators/numba_finance_math.py,clip,86,220c72e9fd1aa482cedd610567339c5a6cf2a01aa9a09bb0f8eb8b80ab657804,"njit('float64(float64, float64, float64)', nogil=True, fastmath=True)",M2,pending_assessment,pending_trace,pending_baseline,pending_baseline
backend/cal_indicators/numba_finance_math.py::reciprocal,9b99048d188017816358f581a86b27df1c388161,backend/cal_indicators/numba_finance_math.py,reciprocal,100,220c72e9fd1aa482cedd610567339c5a6cf2a01aa9a09bb0f8eb8b80ab657804,"vectorize(['float64(float64)'], nopython=True, target='cpu')",M2,pending_assessment,pending_trace,pending_baseline,pending_baseline
backend/cal_indicators/numba_finance_math.py::sequence_sum,9b99048d188017816358f581a86b27df1c388161,backend/cal_indicators/numba_finance_math.py,sequence_sum,110,220c72e9fd1aa482cedd610567339c5a6cf2a01aa9a09bb0f8eb8b80ab657804,"njit('float64(float64[:])', nogil=True, fastmath=True, cache=True)",M2,pending_assessment,pending_trace,pending_baseline,pending_baseline
backend/cal_indicators/numba_finance_math.py::sequence_cumsum,9b99048d188017816358f581a86b27df1c388161,backend/cal_indicators/numba_finance_math.py,sequence_cumsum,121,220c72e9fd1aa482cedd610567339c5a6cf2a01aa9a09bb0f8eb8b80ab657804,"njit('float64[:](float64[:])', nogil=True, fastmath=True, cache=True)",M2,pending_assessment,pending_trace,pending_baseline,pending_baseline
backend/cal_indicators/numba_finance_math.py::sequence_prod,9b99048d188017816358f581a86b27df1c388161,backend/cal_indicators/numba_finance_math.py,sequence_prod,135,220c72e9fd1aa482cedd610567339c5a6cf2a01aa9a09bb0f8eb8b80ab657804,"njit('float64(float64[:])', nogil=True, fastmath=True, cache=True)",M2,pending_assessment,pending_trace,pending_baseline,pending_baseline
backend/cal_indicators/numba_finance_math.py::sequence_cumprod,9b99048d188017816358f581a86b27df1c388161,backend/cal_indicators/numba_finance_math.py,sequence_cumprod,146,220c72e9fd1aa482cedd610567339c5a6cf2a01aa9a09bb0f8eb8b80ab657804,"njit('float64[:](float64[:])', nogil=True, fastmath=True, cache=True)",M2,pending_assessment,pending_trace,pending_baseline,pending_baseline
backend/cal_indicators/numba_finance_math.py::sequence_mean,9b99048d188017816358f581a86b27df1c388161,backend/cal_indicators/numba_finance_math.py,sequence_mean,160,220c72e9fd1aa482cedd610567339c5a6cf2a01aa9a09bb0f8eb8b80ab657804,"njit('float64(float64[:])', nogil=True, fastmath=True, cache=True)",M2,pending_assessment,pending_trace,pending_baseline,pending_baseline
backend/cal_indicators/numba_finance_math.py::sequence_mean_variance_std,9b99048d188017816358f581a86b27df1c388161,backend/cal_indicators/numba_finance_math.py,sequence_mean_variance_std,171,220c72e9fd1aa482cedd610567339c5a6cf2a01aa9a09bb0f8eb8b80ab657804,"njit('UniTuple(float64, 3)(float64[:], int64)', nogil=True, fastmath=True, cache=True)",M2,pending_assessment,pending_trace,pending_baseline,pending_baseline
backend/cal_indicators/numba_finance_math.py::sequence_variance,9b99048d188017816358f581a86b27df1c388161,backend/cal_indicators/numba_finance_math.py,sequence_variance,201,220c72e9fd1aa482cedd610567339c5a6cf2a01aa9a09bb0f8eb8b80ab657804,"njit('float64(float64[:], int64)', nogil=True, fastmath=True, cache=True)",M2,pending_assessment,pending_trace,pending_baseline,pending_baseline
backend/cal_indicators/numba_finance_math.py::sequence_std,9b99048d188017816358f581a86b27df1c388161,backend/cal_indicators/numba_finance_math.py,sequence_std,212,220c72e9fd1aa482cedd610567339c5a6cf2a01aa9a09bb0f8eb8b80ab657804,"njit('float64(float64[:], int64)', nogil=True, fastmath=True, cache=True)",M2,pending_assessment,pending_trace,pending_baseline,pending_baseline
backend/cal_indicators/numba_finance_math.py::sequence_min,9b99048d188017816358f581a86b27df1c388161,backend/cal_indicators/numba_finance_math.py,sequence_min,223,220c72e9fd1aa482cedd610567339c5a6cf2a01aa9a09bb0f8eb8b80ab657804,"njit('float64(float64[:])', nogil=True, fastmath=True, cache=True)",M2,pending_assessment,pending_trace,pending_baseline,pending_baseline
backend/cal_indicators/numba_finance_math.py::sequence_max,9b99048d188017816358f581a86b27df1c388161,backend/cal_indicators/numba_finance_math.py,sequence_max,238,220c72e9fd1aa482cedd610567339c5a6cf2a01aa9a09bb0f8eb8b80ab657804,"njit('float64(float64[:])', nogil=True, fastmath=True, cache=True)",M2,pending_assessment,pending_trace,pending_baseline,pending_baseline
backend/cal_indicators/numba_finance_math.py::sequence_add,9b99048d188017816358f581a86b27df1c388161,backend/cal_indicators/numba_finance_math.py,sequence_add,253,220c72e9fd1aa482cedd610567339c5a6cf2a01aa9a09bb0f8eb8b80ab657804,"njit('float64[:](float64[:], float64[:])', nogil=True, fastmath=True)",M2,pending_assessment,pending_trace,pending_baseline,pending_baseline
backend/cal_indicators/numba_finance_math.py::sequence_subtract,9b99048d188017816358f581a86b27df1c388161,backend/cal_indicators/numba_finance_math.py,sequence_subtract,267,220c72e9fd1aa482cedd610567339c5a6cf2a01aa9a09bb0f8eb8b80ab657804,"njit('float64[:](float64[:], float64[:])', nogil=True, fastmath=True)",M2,pending_assessment,pending_trace,pending_baseline,pending_baseline
backend/cal_indicators/numba_finance_math.py::sequence_multiply,9b99048d188017816358f581a86b27df1c388161,backend/cal_indicators/numba_finance_math.py,sequence_multiply,281,220c72e9fd1aa482cedd610567339c5a6cf2a01aa9a09bb0f8eb8b80ab657804,"njit('float64[:](float64[:], float64[:])', nogil=True, fastmath=True)",M2,pending_assessment,pending_trace,pending_baseline,pending_baseline
backend/cal_indicators/numba_finance_math.py::sequence_divide,9b99048d188017816358f581a86b27df1c388161,backend/cal_indicators/numba_finance_math.py,sequence_divide,295,220c72e9fd1aa482cedd610567339c5a6cf2a01aa9a09bb0f8eb8b80ab657804,"njit('float64[:](float64[:], float64[:])', nogil=True, fastmath=True)",M2,pending_assessment,pending_trace,pending_baseline,pending_baseline
backend/cal_indicators/numba_finance_math.py::cumulative_simple_returns,9b99048d188017816358f581a86b27df1c388161,backend/cal_indicators/numba_finance_math.py,cumulative_simple_returns,312,220c72e9fd1aa482cedd610567339c5a6cf2a01aa9a09bb0f8eb8b80ab657804,"njit('float64[:](float64[:])', nogil=True, fastmath=True, cache=True)",M2,pending_assessment,pending_trace,pending_baseline,pending_baseline
backend/cal_indicators/numba_finance_math.py::sequence_geometric_mean,9b99048d188017816358f581a86b27df1c388161,backend/cal_indicators/numba_finance_math.py,sequence_geometric_mean,326,220c72e9fd1aa482cedd610567339c5a6cf2a01aa9a09bb0f8eb8b80ab657804,"njit('float64(float64[:])', nogil=True, fastmath=True)",M2,pending_assessment,pending_trace,pending_baseline,pending_baseline
backend/cal_indicators/numba_finance_math.py::cumulative_net_value,9b99048d188017816358f581a86b27df1c388161,backend/cal_indicators/numba_finance_math.py,cumulative_net_value,342,220c72e9fd1aa482cedd610567339c5a6cf2a01aa9a09bb0f8eb8b80ab657804,"njit('float64[:](float64, float64[:])', nogil=True, fastmath=True)",M2,pending_assessment,pending_trace,pending_baseline,pending_baseline
backend/cal_indicators/numba_finance_math.py::sequence_compound_annual_growth_rate,9b99048d188017816358f581a86b27df1c388161,backend/cal_indicators/numba_finance_math.py,sequence_compound_annual_growth_rate,357,220c72e9fd1aa482cedd610567339c5a6cf2a01aa9a09bb0f8eb8b80ab657804,"njit('float64(float64[:], float64)', nogil=True, fastmath=True)",M2,pending_assessment,pending_trace,pending_baseline,pending_baseline
backend/cal_indicators/numba_finance_math.py::sequence_drawdown,9b99048d188017816358f581a86b27df1c388161,backend/cal_indicators/numba_finance_math.py,sequence_drawdown,375,220c72e9fd1aa482cedd610567339c5a6cf2a01aa9a09bb0f8eb8b80ab657804,"njit('float64[:](float64[:])', nogil=True, fastmath=True)",M2,pending_assessment,pending_trace,pending_baseline,pending_baseline
backend/cal_indicators/numba_finance_math.py::max_drawdown_rate_and_recovery_days,9b99048d188017816358f581a86b27df1c388161,backend/cal_indicators/numba_finance_math.py,max_drawdown_rate_and_recovery_days,395,220c72e9fd1aa482cedd610567339c5a6cf2a01aa9a09bb0f8eb8b80ab657804,"njit('UniTuple(float64, 2)(float64[:])', nogil=True, fastmath=True)",M2,pending_assessment,pending_trace,pending_baseline,pending_baseline
backend/cal_indicators/numba_finance_math.py::sequence_excess_return,9b99048d188017816358f581a86b27df1c388161,backend/cal_indicators/numba_finance_math.py,sequence_excess_return,449,220c72e9fd1aa482cedd610567339c5a6cf2a01aa9a09bb0f8eb8b80ab657804,"njit('float64[:](float64[:], float64[:])', nogil=True, fastmath=True)",M2,pending_assessment,pending_trace,pending_baseline,pending_baseline
backend/cal_indicators/primitive_access.py::value_at_kernel,9b99048d188017816358f581a86b27df1c388161,backend/cal_indicators/primitive_access.py,value_at_kernel,17,0b810508b81ffef295210a74ddfd3535110951a2ca6ecebd1ab34a494976ec11,"numba.njit(types.float64(_F1, types.float64), cache=False, nogil=True)",M2,pending_assessment,pending_trace,pending_baseline,pending_baseline
backend/cal_indicators/primitive_access.py::require_positive_kernel,9b99048d188017816358f581a86b27df1c388161,backend/cal_indicators/primitive_access.py,require_positive_kernel,25,0b810508b81ffef295210a74ddfd3535110951a2ca6ecebd1ab34a494976ec11,"numba.njit(types.float64(types.float64), cache=False, nogil=True)",M2,pending_assessment,pending_trace,pending_baseline,pending_baseline
backend/cal_indicators/primitive_access.py::require_nonnegative_kernel,9b99048d188017816358f581a86b27df1c388161,backend/cal_indicators/primitive_access.py,require_nonnegative_kernel,32,0b810508b81ffef295210a74ddfd3535110951a2ca6ecebd1ab34a494976ec11,"numba.njit(types.float64(types.float64), cache=False, nogil=True)",M2,pending_assessment,pending_trace,pending_baseline,pending_baseline
backend/cal_indicators/primitive_access.py::finite_mask_kernel,9b99048d188017816358f581a86b27df1c388161,backend/cal_indicators/primitive_access.py,finite_mask_kernel,39,0b810508b81ffef295210a74ddfd3535110951a2ca6ecebd1ab34a494976ec11,"numba.njit(types.uint8[::1](_F1), cache=False, nogil=True)",M2,pending_assessment,pending_trace,pending_baseline,pending_baseline
backend/cal_indicators/regression_state.py::_fit_kernel,9b99048d188017816358f581a86b27df1c388161,backend/cal_indicators/regression_state.py,_fit_kernel,19,e98d6db49b0f371a4104f414016448413f5f7b514b83061486d76ed9319dd45b,"numba.njit(_FIT(_F1, _F1, types.boolean), cache=False, nogil=True)",M2,pending_assessment,pending_trace,pending_baseline,pending_baseline
backend/cal_indicators/regression_state.py::linear_fit_pair_kernel,9b99048d188017816358f581a86b27df1c388161,backend/cal_indicators/regression_state.py,linear_fit_pair_kernel,56,e98d6db49b0f371a4104f414016448413f5f7b514b83061486d76ed9319dd45b,"numba.njit(_FIT(_F1, _F1), cache=False, nogil=True)",M2,pending_assessment,pending_trace,pending_baseline,pending_baseline
backend/cal_indicators/regression_state.py::linear_fit_time_kernel,9b99048d188017816358f581a86b27df1c388161,backend/cal_indicators/regression_state.py,linear_fit_time_kernel,61,e98d6db49b0f371a4104f414016448413f5f7b514b83061486d76ed9319dd45b,"numba.njit(_FIT(_F1), cache=False, nogil=True)",M2,pending_assessment,pending_trace,pending_baseline,pending_baseline
backend/cal_indicators/regression_state.py::fit_slope_kernel,9b99048d188017816358f581a86b27df1c388161,backend/cal_indicators/regression_state.py,fit_slope_kernel,67,e98d6db49b0f371a4104f414016448413f5f7b514b83061486d76ed9319dd45b,"numba.njit(types.float64(_FIT), cache=False, nogil=True)",M2,pending_assessment,pending_trace,pending_baseline,pending_baseline
backend/cal_indicators/regression_state.py::fit_intercept_kernel,9b99048d188017816358f581a86b27df1c388161,backend/cal_indicators/regression_state.py,fit_intercept_kernel,72,e98d6db49b0f371a4104f414016448413f5f7b514b83061486d76ed9319dd45b,"numba.njit(types.float64(_FIT), cache=False, nogil=True)",M2,pending_assessment,pending_trace,pending_baseline,pending_baseline
backend/cal_indicators/regression_state.py::fit_residual_sum_squares_kernel,9b99048d188017816358f581a86b27df1c388161,backend/cal_indicators/regression_state.py,fit_residual_sum_squares_kernel,77,e98d6db49b0f371a4104f414016448413f5f7b514b83061486d76ed9319dd45b,"numba.njit(types.float64(_FIT), cache=False, nogil=True)",M2,pending_assessment,pending_trace,pending_baseline,pending_baseline
backend/cal_indicators/regression_state.py::fit_total_sum_squares_kernel,9b99048d188017816358f581a86b27df1c388161,backend/cal_indicators/regression_state.py,fit_total_sum_squares_kernel,82,e98d6db49b0f371a4104f414016448413f5f7b514b83061486d76ed9319dd45b,"numba.njit(types.float64(_FIT), cache=False, nogil=True)",M2,pending_assessment,pending_trace,pending_baseline,pending_baseline
backend/cal_indicators/regression_state.py::fit_observation_count_kernel,9b99048d188017816358f581a86b27df1c388161,backend/cal_indicators/regression_state.py,fit_observation_count_kernel,87,e98d6db49b0f371a4104f414016448413f5f7b514b83061486d76ed9319dd45b,"numba.njit(types.float64(_FIT), cache=False, nogil=True)",M2,pending_assessment,pending_trace,pending_baseline,pending_baseline
backend/cal_indicators/typed_dsl.py::_finite_scalar_kernel,9b99048d188017816358f581a86b27df1c388161,backend/cal_indicators/typed_dsl.py,_finite_scalar_kernel,84,a32c73e44d1c15f75ec72046338422d92bdb674c3ed9eadf5c424b93aae9ee52,"njit(uint8(float64), cache=False, nogil=True)",M2,pending_assessment,pending_trace,pending_baseline,pending_baseline
backend/cal_indicators/typed_dsl.py::_finite_1d_kernel,9b99048d188017816358f581a86b27df1c388161,backend/cal_indicators/typed_dsl.py,_finite_1d_kernel,89,a32c73e44d1c15f75ec72046338422d92bdb674c3ed9eadf5c424b93aae9ee52,"njit(uint8(_F1), cache=False, nogil=True)",M2,pending_assessment,pending_trace,pending_baseline,pending_baseline
backend/cal_indicators/typed_dsl.py::_finite_2d_kernel,9b99048d188017816358f581a86b27df1c388161,backend/cal_indicators/typed_dsl.py,_finite_2d_kernel,97,a32c73e44d1c15f75ec72046338422d92bdb674c3ed9eadf5c424b93aae9ee52,"njit(uint8(_F2), cache=False, nogil=True)",M2,pending_assessment,pending_trace,pending_baseline,pending_baseline
backend/cal_indicators/typed_dsl.py::_binary_mask_1d_kernel,9b99048d188017816358f581a86b27df1c388161,backend/cal_indicators/typed_dsl.py,_binary_mask_1d_kernel,106,a32c73e44d1c15f75ec72046338422d92bdb674c3ed9eadf5c424b93aae9ee52,"njit(uint8(_U1), cache=False, nogil=True)",M2,pending_assessment,pending_trace,pending_baseline,pending_baseline
backend/cal_indicators/typed_dsl.py::_binary_mask_2d_kernel,9b99048d188017816358f581a86b27df1c388161,backend/cal_indicators/typed_dsl.py,_binary_mask_2d_kernel,114,a32c73e44d1c15f75ec72046338422d92bdb674c3ed9eadf5c424b93aae9ee52,"njit(uint8(_U2), cache=False, nogil=True)",M2,pending_assessment,pending_trace,pending_baseline,pending_baseline
backend/cal_indicators/typed_dsl.py::_weight_vector_sum_kernel,9b99048d188017816358f581a86b27df1c388161,backend/cal_indicators/typed_dsl.py,_weight_vector_sum_kernel,123,a32c73e44d1c15f75ec72046338422d92bdb674c3ed9eadf5c424b93aae9ee52,"njit(uint8(_F1, float64), cache=False, nogil=True)",M2,pending_assessment,pending_trace,pending_baseline,pending_baseline
backend/cal_indicators/typed_dsl.py::_weight_path_sum_kernel,9b99048d188017816358f581a86b27df1c388161,backend/cal_indicators/typed_dsl.py,_weight_path_sum_kernel,131,a32c73e44d1c15f75ec72046338422d92bdb674c3ed9eadf5c424b93aae9ee52,"njit(uint8(_F2, float64), cache=False, nogil=True)",M2,pending_assessment,pending_trace,pending_baseline,pending_baseline
backend/cal_indicators/typed_numba_kernels.py::_binary_value,9b99048d188017816358f581a86b27df1c388161,backend/cal_indicators/typed_numba_kernels.py,_binary_value,136,757251922914384fb4fdb295036ad2550179107d4ca14e88b211cca521e104fb,"njit(cache=True, nogil=True, inline='always')",M2,pending_assessment,pending_trace,pending_baseline,pending_baseline
backend/cal_indicators/typed_numba_kernels.py::binary_scalar,9b99048d188017816358f581a86b27df1c388161,backend/cal_indicators/typed_numba_kernels.py,binary_scalar,158,757251922914384fb4fdb295036ad2550179107d4ca14e88b211cca521e104fb,"njit(cache=True, nogil=True)",M2,pending_assessment,pending_trace,pending_baseline,pending_baseline
backend/cal_indicators/typed_numba_kernels.py::binary_1d,9b99048d188017816358f581a86b27df1c388161,backend/cal_indicators/typed_numba_kernels.py,binary_1d,163,757251922914384fb4fdb295036ad2550179107d4ca14e88b211cca521e104fb,"njit(cache=True, nogil=True)",M2,pending_assessment,pending_trace,pending_baseline,pending_baseline
backend/cal_indicators/typed_numba_kernels.py::binary_1d_right_scalar,9b99048d188017816358f581a86b27df1c388161,backend/cal_indicators/typed_numba_kernels.py,binary_1d_right_scalar,176,757251922914384fb4fdb295036ad2550179107d4ca14e88b211cca521e104fb,"njit(cache=True, nogil=True)",M2,pending_assessment,pending_trace,pending_baseline,pending_baseline
backend/cal_indicators/typed_numba_kernels.py::binary_1d_left_scalar,9b99048d188017816358f581a86b27df1c388161,backend/cal_indicators/typed_numba_kernels.py,binary_1d_left_scalar,187,757251922914384fb4fdb295036ad2550179107d4ca14e88b211cca521e104fb,"njit(cache=True, nogil=True)",M2,pending_assessment,pending_trace,pending_baseline,pending_baseline
backend/cal_indicators/typed_numba_kernels.py::binary_2d,9b99048d188017816358f581a86b27df1c388161,backend/cal_indicators/typed_numba_kernels.py,binary_2d,198,757251922914384fb4fdb295036ad2550179107d4ca14e88b211cca521e104fb,"njit(cache=True, nogil=True)",M2,pending_assessment,pending_trace,pending_baseline,pending_baseline
backend/cal_indicators/typed_numba_kernels.py::binary_2d_right_scalar,9b99048d188017816358f581a86b27df1c388161,backend/cal_indicators/typed_numba_kernels.py,binary_2d_right_scalar,211,757251922914384fb4fdb295036ad2550179107d4ca14e88b211cca521e104fb,"njit(cache=True, nogil=True)",M2,pending_assessment,pending_trace,pending_baseline,pending_baseline
backend/cal_indicators/typed_numba_kernels.py::binary_2d_left_scalar,9b99048d188017816358f581a86b27df1c388161,backend/cal_indicators/typed_numba_kernels.py,binary_2d_left_scalar,220,757251922914384fb4fdb295036ad2550179107d4ca14e88b211cca521e104fb,"njit(cache=True, nogil=True)",M2,pending_assessment,pending_trace,pending_baseline,pending_baseline
backend/cal_indicators/typed_numba_kernels.py::_series_safe_divide_value,9b99048d188017816358f581a86b27df1c388161,backend/cal_indicators/typed_numba_kernels.py,_series_safe_divide_value,229,757251922914384fb4fdb295036ad2550179107d4ca14e88b211cca521e104fb,"njit(cache=True, nogil=True, inline='always')",M2,pending_assessment,pending_trace,pending_baseline,pending_baseline
backend/cal_indicators/typed_numba_kernels.py::series_safe_divide_1d,9b99048d188017816358f581a86b27df1c388161,backend/cal_indicators/typed_numba_kernels.py,series_safe_divide_1d,238,757251922914384fb4fdb295036ad2550179107d4ca14e88b211cca521e104fb,"njit(cache=True, nogil=True)",M2,pending_assessment,pending_trace,pending_baseline,pending_baseline
backend/cal_indicators/typed_numba_kernels.py::series_safe_divide_1d_right_scalar,9b99048d188017816358f581a86b27df1c388161,backend/cal_indicators/typed_numba_kernels.py,series_safe_divide_1d_right_scalar,248,757251922914384fb4fdb295036ad2550179107d4ca14e88b211cca521e104fb,"njit(cache=True, nogil=True)",M2,pending_assessment,pending_trace,pending_baseline,pending_baseline
backend/cal_indicators/typed_numba_kernels.py::series_safe_divide_1d_left_scalar,9b99048d188017816358f581a86b27df1c388161,backend/cal_indicators/typed_numba_kernels.py,series_safe_divide_1d_left_scalar,259,757251922914384fb4fdb295036ad2550179107d4ca14e88b211cca521e104fb,"njit(cache=True, nogil=True)",M2,pending_assessment,pending_trace,pending_baseline,pending_baseline
backend/cal_indicators/typed_numba_kernels.py::series_safe_divide_2d,9b99048d188017816358f581a86b27df1c388161,backend/cal_indicators/typed_numba_kernels.py,series_safe_divide_2d,270,757251922914384fb4fdb295036ad2550179107d4ca14e88b211cca521e104fb,"njit(cache=True, nogil=True)",M2,pending_assessment,pending_trace,pending_baseline,pending_baseline
backend/cal_indicators/typed_numba_kernels.py::series_safe_divide_2d_right_scalar,9b99048d188017816358f581a86b27df1c388161,backend/cal_indicators/typed_numba_kernels.py,series_safe_divide_2d_right_scalar,284,757251922914384fb4fdb295036ad2550179107d4ca14e88b211cca521e104fb,"njit(cache=True, nogil=True)",M2,pending_assessment,pending_trace,pending_baseline,pending_baseline
backend/cal_indicators/typed_numba_kernels.py::series_safe_divide_2d_left_scalar,9b99048d188017816358f581a86b27df1c388161,backend/cal_indicators/typed_numba_kernels.py,series_safe_divide_2d_left_scalar,299,757251922914384fb4fdb295036ad2550179107d4ca14e88b211cca521e104fb,"njit(cache=True, nogil=True)",M2,pending_assessment,pending_trace,pending_baseline,pending_baseline
backend/cal_indicators/typed_numba_kernels.py::_normal_ppf_value,9b99048d188017816358f581a86b27df1c388161,backend/cal_indicators/typed_numba_kernels.py,_normal_ppf_value,314,757251922914384fb4fdb295036ad2550179107d4ca14e88b211cca521e104fb,"njit(cache=True, nogil=True, inline='always')",M2,pending_assessment,pending_trace,pending_baseline,pending_baseline
backend/cal_indicators/typed_numba_kernels.py::_unary_value,9b99048d188017816358f581a86b27df1c388161,backend/cal_indicators/typed_numba_kernels.py,_unary_value,340,757251922914384fb4fdb295036ad2550179107d4ca14e88b211cca521e104fb,"njit(cache=True, nogil=True, inline='always')",M2,pending_assessment,pending_trace,pending_baseline,pending_baseline
backend/cal_indicators/typed_numba_kernels.py::unary_scalar,9b99048d188017816358f581a86b27df1c388161,backend/cal_indicators/typed_numba_kernels.py,unary_scalar,374,757251922914384fb4fdb295036ad2550179107d4ca14e88b211cca521e104fb,"njit(cache=True, nogil=True)",M2,pending_assessment,pending_trace,pending_baseline,pending_baseline
backend/cal_indicators/typed_numba_kernels.py::unary_1d,9b99048d188017816358f581a86b27df1c388161,backend/cal_indicators/typed_numba_kernels.py,unary_1d,379,757251922914384fb4fdb295036ad2550179107d4ca14e88b211cca521e104fb,"njit(cache=True, nogil=True)",M2,pending_assessment,pending_trace,pending_baseline,pending_baseline
backend/cal_indicators/typed_numba_kernels.py::unary_2d,9b99048d188017816358f581a86b27df1c388161,backend/cal_indicators/typed_numba_kernels.py,unary_2d,390,757251922914384fb4fdb295036ad2550179107d4ca14e88b211cca521e104fb,"njit(cache=True, nogil=True)",M2,pending_assessment,pending_trace,pending_baseline,pending_baseline
backend/cal_indicators/typed_numba_kernels.py::clip_scalar,9b99048d188017816358f581a86b27df1c388161,backend/cal_indicators/typed_numba_kernels.py,clip_scalar,399,757251922914384fb4fdb295036ad2550179107d4ca14e88b211cca521e104fb,"njit(cache=True, nogil=True)",M2,pending_assessment,pending_trace,pending_baseline,pending_baseline
backend/cal_indicators/typed_numba_kernels.py::clip_1d,9b99048d188017816358f581a86b27df1c388161,backend/cal_indicators/typed_numba_kernels.py,clip_1d,406,757251922914384fb4fdb295036ad2550179107d4ca14e88b211cca521e104fb,"njit(cache=True, nogil=True)",M2,pending_assessment,pending_trace,pending_baseline,pending_baseline
backend/cal_indicators/typed_numba_kernels.py::clip_2d,9b99048d188017816358f581a86b27df1c388161,backend/cal_indicators/typed_numba_kernels.py,clip_2d,416,757251922914384fb4fdb295036ad2550179107d4ca14e88b211cca521e104fb,"njit(cache=True, nogil=True)",M2,pending_assessment,pending_trace,pending_baseline,pending_baseline
backend/cal_indicators/typed_numba_kernels.py::_comparison_value,9b99048d188017816358f581a86b27df1c388161,backend/cal_indicators/typed_numba_kernels.py,_comparison_value,427,757251922914384fb4fdb295036ad2550179107d4ca14e88b211cca521e104fb,"njit(cache=True, nogil=True, inline='always')",M2,pending_assessment,pending_trace,pending_baseline,pending_baseline
backend/cal_indicators/typed_numba_kernels.py::comparison_scalar,9b99048d188017816358f581a86b27df1c388161,backend/cal_indicators/typed_numba_kernels.py,comparison_scalar,442,757251922914384fb4fdb295036ad2550179107d4ca14e88b211cca521e104fb,"njit(cache=True, nogil=True)",M2,pending_assessment,pending_trace,pending_baseline,pending_baseline
backend/cal_indicators/typed_numba_kernels.py::comparison_1d,9b99048d188017816358f581a86b27df1c388161,backend/cal_indicators/typed_numba_kernels.py,comparison_1d,447,757251922914384fb4fdb295036ad2550179107d4ca14e88b211cca521e104fb,"njit(cache=True, nogil=True)",M2,pending_assessment,pending_trace,pending_baseline,pending_baseline
backend/cal_indicators/typed_numba_kernels.py::comparison_1d_right_scalar,9b99048d188017816358f581a86b27df1c388161,backend/cal_indicators/typed_numba_kernels.py,comparison_1d_right_scalar,455,757251922914384fb4fdb295036ad2550179107d4ca14e88b211cca521e104fb,"njit(cache=True, nogil=True)",M2,pending_assessment,pending_trace,pending_baseline,pending_baseline
backend/cal_indicators/typed_numba_kernels.py::comparison_1d_left_scalar,9b99048d188017816358f581a86b27df1c388161,backend/cal_indicators/typed_numba_kernels.py,comparison_1d_left_scalar,463,757251922914384fb4fdb295036ad2550179107d4ca14e88b211cca521e104fb,"njit(cache=True, nogil=True)",M2,pending_assessment,pending_trace,pending_baseline,pending_baseline
backend/cal_indicators/typed_numba_kernels.py::comparison_2d,9b99048d188017816358f581a86b27df1c388161,backend/cal_indicators/typed_numba_kernels.py,comparison_2d,471,757251922914384fb4fdb295036ad2550179107d4ca14e88b211cca521e104fb,"njit(cache=True, nogil=True)",M2,pending_assessment,pending_trace,pending_baseline,pending_baseline
backend/cal_indicators/typed_numba_kernels.py::comparison_2d_right_scalar,9b99048d188017816358f581a86b27df1c388161,backend/cal_indicators/typed_numba_kernels.py,comparison_2d_right_scalar,480,757251922914384fb4fdb295036ad2550179107d4ca14e88b211cca521e104fb,"njit(cache=True, nogil=True)",M2,pending_assessment,pending_trace,pending_baseline,pending_baseline
backend/cal_indicators/typed_numba_kernels.py::comparison_2d_left_scalar,9b99048d188017816358f581a86b27df1c388161,backend/cal_indicators/typed_numba_kernels.py,comparison_2d_left_scalar,489,757251922914384fb4fdb295036ad2550179107d4ca14e88b211cca521e104fb,"njit(cache=True, nogil=True)",M2,pending_assessment,pending_trace,pending_baseline,pending_baseline
backend/cal_indicators/typed_numba_kernels.py::logical_scalar,9b99048d188017816358f581a86b27df1c388161,backend/cal_indicators/typed_numba_kernels.py,logical_scalar,498,757251922914384fb4fdb295036ad2550179107d4ca14e88b211cca521e104fb,"njit(cache=True, nogil=True)",M2,pending_assessment,pending_trace,pending_baseline,pending_baseline
backend/cal_indicators/typed_numba_kernels.py::logical_1d,9b99048d188017816358f581a86b27df1c388161,backend/cal_indicators/typed_numba_kernels.py,logical_1d,503,757251922914384fb4fdb295036ad2550179107d4ca14e88b211cca521e104fb,"njit(cache=True, nogil=True)",M2,pending_assessment,pending_trace,pending_baseline,pending_baseline
backend/cal_indicators/typed_numba_kernels.py::logical_2d,9b99048d188017816358f581a86b27df1c388161,backend/cal_indicators/typed_numba_kernels.py,logical_2d,511,757251922914384fb4fdb295036ad2550179107d4ca14e88b211cca521e104fb,"njit(cache=True, nogil=True)",M2,pending_assessment,pending_trace,pending_baseline,pending_baseline
backend/cal_indicators/typed_numba_kernels.py::logical_not_scalar,9b99048d188017816358f581a86b27df1c388161,backend/cal_indicators/typed_numba_kernels.py,logical_not_scalar,520,757251922914384fb4fdb295036ad2550179107d4ca14e88b211cca521e104fb,"njit(cache=True, nogil=True)",M2,pending_assessment,pending_trace,pending_baseline,pending_baseline
backend/cal_indicators/typed_numba_kernels.py::logical_not_1d,9b99048d188017816358f581a86b27df1c388161,backend/cal_indicators/typed_numba_kernels.py,logical_not_1d,525,757251922914384fb4fdb295036ad2550179107d4ca14e88b211cca521e104fb,"njit(cache=True, nogil=True)",M2,pending_assessment,pending_trace,pending_baseline,pending_baseline
backend/cal_indicators/typed_numba_kernels.py::logical_not_2d,9b99048d188017816358f581a86b27df1c388161,backend/cal_indicators/typed_numba_kernels.py,logical_not_2d,533,757251922914384fb4fdb295036ad2550179107d4ca14e88b211cca521e104fb,"njit(cache=True, nogil=True)",M2,pending_assessment,pending_trace,pending_baseline,pending_baseline
backend/cal_indicators/typed_numba_kernels.py::where_scalar,9b99048d188017816358f581a86b27df1c388161,backend/cal_indicators/typed_numba_kernels.py,where_scalar,542,757251922914384fb4fdb295036ad2550179107d4ca14e88b211cca521e104fb,"njit(cache=True, nogil=True)",M2,pending_assessment,pending_trace,pending_baseline,pending_baseline
backend/cal_indicators/typed_numba_kernels.py::where_1d,9b99048d188017816358f581a86b27df1c388161,backend/cal_indicators/typed_numba_kernels.py,where_1d,547,757251922914384fb4fdb295036ad2550179107d4ca14e88b211cca521e104fb,"njit(cache=True, nogil=True)",M2,pending_assessment,pending_trace,pending_baseline,pending_baseline
backend/cal_indicators/typed_numba_kernels.py::where_1d_false_scalar,9b99048d188017816358f581a86b27df1c388161,backend/cal_indicators/typed_numba_kernels.py,where_1d_false_scalar,555,757251922914384fb4fdb295036ad2550179107d4ca14e88b211cca521e104fb,"njit(cache=True, nogil=True)",M2,pending_assessment,pending_trace,pending_baseline,pending_baseline
backend/cal_indicators/typed_numba_kernels.py::where_1d_true_scalar,9b99048d188017816358f581a86b27df1c388161,backend/cal_indicators/typed_numba_kernels.py,where_1d_true_scalar,563,757251922914384fb4fdb295036ad2550179107d4ca14e88b211cca521e104fb,"njit(cache=True, nogil=True)",M2,pending_assessment,pending_trace,pending_baseline,pending_baseline
backend/cal_indicators/typed_numba_kernels.py::where_2d,9b99048d188017816358f581a86b27df1c388161,backend/cal_indicators/typed_numba_kernels.py,where_2d,571,757251922914384fb4fdb295036ad2550179107d4ca14e88b211cca521e104fb,"njit(cache=True, nogil=True)",M2,pending_assessment,pending_trace,pending_baseline,pending_baseline
backend/cal_indicators/typed_numba_kernels.py::where_2d_false_scalar,9b99048d188017816358f581a86b27df1c388161,backend/cal_indicators/typed_numba_kernels.py,where_2d_false_scalar,580,757251922914384fb4fdb295036ad2550179107d4ca14e88b211cca521e104fb,"njit(cache=True, nogil=True)",M2,pending_assessment,pending_trace,pending_baseline,pending_baseline
backend/cal_indicators/typed_numba_kernels.py::where_2d_true_scalar,9b99048d188017816358f581a86b27df1c388161,backend/cal_indicators/typed_numba_kernels.py,where_2d_true_scalar,589,757251922914384fb4fdb295036ad2550179107d4ca14e88b211cca521e104fb,"njit(cache=True, nogil=True)",M2,pending_assessment,pending_trace,pending_baseline,pending_baseline
backend/cal_indicators/typed_numba_kernels.py::_validate_nonempty,9b99048d188017816358f581a86b27df1c388161,backend/cal_indicators/typed_numba_kernels.py,_validate_nonempty,598,757251922914384fb4fdb295036ad2550179107d4ca14e88b211cca521e104fb,"njit(cache=True, nogil=True, inline='always')",M2,pending_assessment,pending_trace,pending_baseline,pending_baseline
backend/cal_indicators/typed_numba_kernels.py::reduce_1d,9b99048d188017816358f581a86b27df1c388161,backend/cal_indicators/typed_numba_kernels.py,reduce_1d,604,757251922914384fb4fdb295036ad2550179107d4ca14e88b211cca521e104fb,"njit(cache=True, nogil=True)",M2,pending_assessment,pending_trace,pending_baseline,pending_baseline
backend/cal_indicators/typed_numba_kernels.py::reduce_2d,9b99048d188017816358f581a86b27df1c388161,backend/cal_indicators/typed_numba_kernels.py,reduce_2d,675,757251922914384fb4fdb295036ad2550179107d4ca14e88b211cca521e104fb,"njit(cache=True, nogil=True)",M2,pending_assessment,pending_trace,pending_baseline,pending_baseline
backend/cal_indicators/typed_numba_kernels.py::reduce_1d_parameter,9b99048d188017816358f581a86b27df1c388161,backend/cal_indicators/typed_numba_kernels.py,reduce_1d_parameter,681,757251922914384fb4fdb295036ad2550179107d4ca14e88b211cca521e104fb,"njit(cache=True, nogil=True)",M2,pending_assessment,pending_trace,pending_baseline,pending_baseline
backend/cal_indicators/typed_numba_kernels.py::reduce_2d_parameter,9b99048d188017816358f581a86b27df1c388161,backend/cal_indicators/typed_numba_kernels.py,reduce_2d_parameter,689,757251922914384fb4fdb295036ad2550179107d4ca14e88b211cca521e104fb,"njit(cache=True, nogil=True)",M2,pending_assessment,pending_trace,pending_baseline,pending_baseline
backend/cal_indicators/typed_numba_kernels.py::quantile_1d,9b99048d188017816358f581a86b27df1c388161,backend/cal_indicators/typed_numba_kernels.py,quantile_1d,697,757251922914384fb4fdb295036ad2550179107d4ca14e88b211cca521e104fb,"njit(cache=True, nogil=True)",M2,pending_assessment,pending_trace,pending_baseline,pending_baseline
backend/cal_indicators/typed_numba_kernels.py::quantile_2d,9b99048d188017816358f581a86b27df1c388161,backend/cal_indicators/typed_numba_kernels.py,quantile_2d,711,757251922914384fb4fdb295036ad2550179107d4ca14e88b211cca521e104fb,"njit(cache=True, nogil=True)",M2,pending_assessment,pending_trace,pending_baseline,pending_baseline
backend/cal_indicators/typed_numba_kernels.py::scan_1d,9b99048d188017816358f581a86b27df1c388161,backend/cal_indicators/typed_numba_kernels.py,scan_1d,716,757251922914384fb4fdb295036ad2550179107d4ca14e88b211cca521e104fb,"njit(cache=True, nogil=True)",M2,pending_assessment,pending_trace,pending_baseline,pending_baseline
backend/cal_indicators/typed_numba_kernels.py::drawdown_series_1d,9b99048d188017816358f581a86b27df1c388161,backend/cal_indicators/typed_numba_kernels.py,drawdown_series_1d,743,757251922914384fb4fdb295036ad2550179107d4ca14e88b211cca521e104fb,"njit(cache=True, nogil=True)",M2,pending_assessment,pending_trace,pending_baseline,pending_baseline
backend/cal_indicators/typed_numba_kernels.py::new_high_mask_1d,9b99048d188017816358f581a86b27df1c388161,backend/cal_indicators/typed_numba_kernels.py,new_high_mask_1d,762,757251922914384fb4fdb295036ad2550179107d4ca14e88b211cca521e104fb,"njit(cache=True, nogil=True)",M2,pending_assessment,pending_trace,pending_baseline,pending_baseline
backend/cal_indicators/typed_numba_kernels.py::first_1d,9b99048d188017816358f581a86b27df1c388161,backend/cal_indicators/typed_numba_kernels.py,first_1d,781,757251922914384fb4fdb295036ad2550179107d4ca14e88b211cca521e104fb,"njit(cache=True, nogil=True)",M2,pending_assessment,pending_trace,pending_baseline,pending_baseline
backend/cal_indicators/typed_numba_kernels.py::last_1d,9b99048d188017816358f581a86b27df1c388161,backend/cal_indicators/typed_numba_kernels.py,last_1d,787,757251922914384fb4fdb295036ad2550179107d4ca14e88b211cca521e104fb,"njit(cache=True, nogil=True)",M2,pending_assessment,pending_trace,pending_baseline,pending_baseline
backend/cal_indicators/typed_numba_kernels.py::length_1d,9b99048d188017816358f581a86b27df1c388161,backend/cal_indicators/typed_numba_kernels.py,length_1d,793,757251922914384fb4fdb295036ad2550179107d4ca14e88b211cca521e104fb,"njit(cache=True, nogil=True)",M2,pending_assessment,pending_trace,pending_baseline,pending_baseline
backend/cal_indicators/typed_numba_kernels.py::lag_1d,9b99048d188017816358f581a86b27df1c388161,backend/cal_indicators/typed_numba_kernels.py,lag_1d,798,757251922914384fb4fdb295036ad2550179107d4ca14e88b211cca521e104fb,"njit(cache=True, nogil=True)",M2,pending_assessment,pending_trace,pending_baseline,pending_baseline
backend/cal_indicators/typed_numba_kernels.py::lag_1d_parameter,9b99048d188017816358f581a86b27df1c388161,backend/cal_indicators/typed_numba_kernels.py,lag_1d_parameter,805,757251922914384fb4fdb295036ad2550179107d4ca14e88b211cca521e104fb,"njit(cache=True, nogil=True)",M2,pending_assessment,pending_trace,pending_baseline,pending_baseline
backend/cal_indicators/typed_numba_kernels.py::difference_1d,9b99048d188017816358f581a86b27df1c388161,backend/cal_indicators/typed_numba_kernels.py,difference_1d,813,757251922914384fb4fdb295036ad2550179107d4ca14e88b211cca521e104fb,"njit(cache=True, nogil=True)",M2,pending_assessment,pending_trace,pending_baseline,pending_baseline
backend/cal_indicators/typed_numba_kernels.py::difference_1d_parameter,9b99048d188017816358f581a86b27df1c388161,backend/cal_indicators/typed_numba_kernels.py,difference_1d_parameter,823,757251922914384fb4fdb295036ad2550179107d4ca14e88b211cca521e104fb,"njit(cache=True, nogil=True)",M2,pending_assessment,pending_trace,pending_baseline,pending_baseline
backend/cal_indicators/typed_numba_kernels.py::_integer_parameter,9b99048d188017816358f581a86b27df1c388161,backend/cal_indicators/typed_numba_kernels.py,_integer_parameter,831,757251922914384fb4fdb295036ad2550179107d4ca14e88b211cca521e104fb,"njit(cache=True, nogil=True, inline='always')",M2,pending_assessment,pending_trace,pending_baseline,pending_baseline
backend/cal_indicators/typed_numba_kernels.py::rolling_mean_1d,9b99048d188017816358f581a86b27df1c388161,backend/cal_indicators/typed_numba_kernels.py,rolling_mean_1d,840,757251922914384fb4fdb295036ad2550179107d4ca14e88b211cca521e104fb,"njit(cache=True, nogil=True)",M2,pending_assessment,pending_trace,pending_baseline,pending_baseline
backend/cal_indicators/typed_numba_kernels.py::_rolling_second_moment_1d,9b99048d188017816358f581a86b27df1c388161,backend/cal_indicators/typed_numba_kernels.py,_rolling_second_moment_1d,868,757251922914384fb4fdb295036ad2550179107d4ca14e88b211cca521e104fb,"njit(cache=True, nogil=True)",M2,pending_assessment,pending_trace,pending_baseline,pending_baseline
backend/cal_indicators/typed_numba_kernels.py::rolling_std_1d,9b99048d188017816358f581a86b27df1c388161,backend/cal_indicators/typed_numba_kernels.py,rolling_std_1d,908,757251922914384fb4fdb295036ad2550179107d4ca14e88b211cca521e104fb,"njit(cache=True, nogil=True)",M2,pending_assessment,pending_trace,pending_baseline,pending_baseline
backend/cal_indicators/typed_numba_kernels.py::rolling_variance_1d,9b99048d188017816358f581a86b27df1c388161,backend/cal_indicators/typed_numba_kernels.py,rolling_variance_1d,918,757251922914384fb4fdb295036ad2550179107d4ca14e88b211cca521e104fb,"njit(cache=True, nogil=True)",M2,pending_assessment,pending_trace,pending_baseline,pending_baseline
backend/cal_indicators/typed_numba_kernels.py::rolling_extreme_1d,9b99048d188017816358f581a86b27df1c388161,backend/cal_indicators/typed_numba_kernels.py,rolling_extreme_1d,928,757251922914384fb4fdb295036ad2550179107d4ca14e88b211cca521e104fb,"njit(cache=True, nogil=True)",M2,pending_assessment,pending_trace,pending_baseline,pending_baseline
backend/cal_indicators/typed_numba_kernels.py::rolling_min_1d,9b99048d188017816358f581a86b27df1c388161,backend/cal_indicators/typed_numba_kernels.py,rolling_min_1d,966,757251922914384fb4fdb295036ad2550179107d4ca14e88b211cca521e104fb,"njit(cache=True, nogil=True)",M2,pending_assessment,pending_trace,pending_baseline,pending_baseline
backend/cal_indicators/typed_numba_kernels.py::rolling_max_1d,9b99048d188017816358f581a86b27df1c388161,backend/cal_indicators/typed_numba_kernels.py,rolling_max_1d,975,757251922914384fb4fdb295036ad2550179107d4ca14e88b211cca521e104fb,"njit(cache=True, nogil=True)",M2,pending_assessment,pending_trace,pending_baseline,pending_baseline
backend/cal_indicators/typed_numba_kernels.py::recursive_smooth_1d,9b99048d188017816358f581a86b27df1c388161,backend/cal_indicators/typed_numba_kernels.py,recursive_smooth_1d,984,757251922914384fb4fdb295036ad2550179107d4ca14e88b211cca521e104fb,"njit(cache=True, nogil=True)",M2,pending_assessment,pending_trace,pending_baseline,pending_baseline
backend/cal_indicators/typed_numba_kernels.py::divide_or_default_1d,9b99048d188017816358f581a86b27df1c388161,backend/cal_indicators/typed_numba_kernels.py,divide_or_default_1d,1004,757251922914384fb4fdb295036ad2550179107d4ca14e88b211cca521e104fb,"njit(cache=True, nogil=True)",M2,pending_assessment,pending_trace,pending_baseline,pending_baseline
backend/cal_indicators/typed_numba_kernels.py::axis_reduce_asset,9b99048d188017816358f581a86b27df1c388161,backend/cal_indicators/typed_numba_kernels.py,axis_reduce_asset,1022,757251922914384fb4fdb295036ad2550179107d4ca14e88b211cca521e104fb,"njit(cache=True, nogil=True)",M2,pending_assessment,pending_trace,pending_baseline,pending_baseline
backend/cal_indicators/typed_numba_kernels.py::axis_reduce_time_fixed,9b99048d188017816358f581a86b27df1c388161,backend/cal_indicators/typed_numba_kernels.py,axis_reduce_time_fixed,1048,757251922914384fb4fdb295036ad2550179107d4ca14e88b211cca521e104fb,"njit(cache=True, nogil=True)",M2,pending_assessment,pending_trace,pending_baseline,pending_baseline
backend/cal_indicators/typed_numba_kernels.py::masked_reduce_1d,9b99048d188017816358f581a86b27df1c388161,backend/cal_indicators/typed_numba_kernels.py,masked_reduce_1d,1070,757251922914384fb4fdb295036ad2550179107d4ca14e88b211cca521e104fb,"njit(cache=True, nogil=True)",M2,pending_assessment,pending_trace,pending_baseline,pending_baseline
backend/cal_indicators/typed_numba_kernels.py::masked_reduce_2d,9b99048d188017816358f581a86b27df1c388161,backend/cal_indicators/typed_numba_kernels.py,masked_reduce_2d,1113,757251922914384fb4fdb295036ad2550179107d4ca14e88b211cca521e104fb,"njit(cache=True, nogil=True)",M2,pending_assessment,pending_trace,pending_baseline,pending_baseline
backend/cal_indicators/typed_numba_kernels.py::masked_quantile_1d,9b99048d188017816358f581a86b27df1c388161,backend/cal_indicators/typed_numba_kernels.py,masked_quantile_1d,1118,757251922914384fb4fdb295036ad2550179107d4ca14e88b211cca521e104fb,"njit(cache=True, nogil=True)",M2,pending_assessment,pending_trace,pending_baseline,pending_baseline
backend/cal_indicators/typed_numba_kernels.py::masked_quantile_2d,9b99048d188017816358f581a86b27df1c388161,backend/cal_indicators/typed_numba_kernels.py,masked_quantile_2d,1134,757251922914384fb4fdb295036ad2550179107d4ca14e88b211cca521e104fb,"njit(cache=True, nogil=True)",M2,pending_assessment,pending_trace,pending_baseline,pending_baseline
backend/cal_indicators/typed_numba_kernels.py::count_true_1d,9b99048d188017816358f581a86b27df1c388161,backend/cal_indicators/typed_numba_kernels.py,count_true_1d,1139,757251922914384fb4fdb295036ad2550179107d4ca14e88b211cca521e104fb,"njit(cache=True, nogil=True)",M2,pending_assessment,pending_trace,pending_baseline,pending_baseline
backend/cal_indicators/typed_numba_kernels.py::count_true_2d,9b99048d188017816358f581a86b27df1c388161,backend/cal_indicators/typed_numba_kernels.py,count_true_2d,1147,757251922914384fb4fdb295036ad2550179107d4ca14e88b211cca521e104fb,"njit(cache=True, nogil=True)",M2,pending_assessment,pending_trace,pending_baseline,pending_baseline
backend/cal_indicators/typed_numba_kernels.py::max_consecutive_true_1d,9b99048d188017816358f581a86b27df1c388161,backend/cal_indicators/typed_numba_kernels.py,max_consecutive_true_1d,1152,757251922914384fb4fdb295036ad2550179107d4ca14e88b211cca521e104fb,"njit(cache=True, nogil=True)",M2,pending_assessment,pending_trace,pending_baseline,pending_baseline
backend/cal_indicators/typed_numba_kernels.py::transpose_2d,9b99048d188017816358f581a86b27df1c388161,backend/cal_indicators/typed_numba_kernels.py,transpose_2d,1165,757251922914384fb4fdb295036ad2550179107d4ca14e88b211cca521e104fb,"njit(cache=True, nogil=True)",M2,pending_assessment,pending_trace,pending_baseline,pending_baseline
backend/cal_indicators/typed_numba_kernels.py::dot_1d,9b99048d188017816358f581a86b27df1c388161,backend/cal_indicators/typed_numba_kernels.py,dot_1d,1170,757251922914384fb4fdb295036ad2550179107d4ca14e88b211cca521e104fb,"njit(cache=True, nogil=True)",M2,pending_assessment,pending_trace,pending_baseline,pending_baseline
backend/cal_indicators/typed_numba_kernels.py::outer_1d,9b99048d188017816358f581a86b27df1c388161,backend/cal_indicators/typed_numba_kernels.py,outer_1d,1175,757251922914384fb4fdb295036ad2550179107d4ca14e88b211cca521e104fb,"njit(cache=True, nogil=True)",M2,pending_assessment,pending_trace,pending_baseline,pending_baseline
backend/cal_indicators/typed_numba_kernels.py::matmul_2d,9b99048d188017816358f581a86b27df1c388161,backend/cal_indicators/typed_numba_kernels.py,matmul_2d,1180,757251922914384fb4fdb295036ad2550179107d4ca14e88b211cca521e104fb,"njit(cache=True, nogil=True)",M2,pending_assessment,pending_trace,pending_baseline,pending_baseline
backend/cal_indicators/typed_numba_kernels.py::matvec_2d,9b99048d188017816358f581a86b27df1c388161,backend/cal_indicators/typed_numba_kernels.py,matvec_2d,1185,757251922914384fb4fdb295036ad2550179107d4ca14e88b211cca521e104fb,"njit(cache=True, nogil=True)",M2,pending_assessment,pending_trace,pending_baseline,pending_baseline
backend/cal_indicators/typed_numba_kernels.py::diag_1d,9b99048d188017816358f581a86b27df1c388161,backend/cal_indicators/typed_numba_kernels.py,diag_1d,1190,757251922914384fb4fdb295036ad2550179107d4ca14e88b211cca521e104fb,"njit(cache=True, nogil=True)",M2,pending_assessment,pending_trace,pending_baseline,pending_baseline
backend/cal_indicators/typed_numba_kernels.py::diag_2d,9b99048d188017816358f581a86b27df1c388161,backend/cal_indicators/typed_numba_kernels.py,diag_2d,1195,757251922914384fb4fdb295036ad2550179107d4ca14e88b211cca521e104fb,"njit(cache=True, nogil=True)",M2,pending_assessment,pending_trace,pending_baseline,pending_baseline
backend/cal_indicators/typed_numba_kernels.py::trace_2d,9b99048d188017816358f581a86b27df1c388161,backend/cal_indicators/typed_numba_kernels.py,trace_2d,1200,757251922914384fb4fdb295036ad2550179107d4ca14e88b211cca521e104fb,"njit(cache=True, nogil=True)",M2,pending_assessment,pending_trace,pending_baseline,pending_baseline
backend/cal_indicators/typed_numba_kernels.py::solve_2d,9b99048d188017816358f581a86b27df1c388161,backend/cal_indicators/typed_numba_kernels.py,solve_2d,1205,757251922914384fb4fdb295036ad2550179107d4ca14e88b211cca521e104fb,"njit(cache=True, nogil=True)",M2,pending_assessment,pending_trace,pending_baseline,pending_baseline
backend/cal_indicators/typed_numba_kernels.py::covariance_1d,9b99048d188017816358f581a86b27df1c388161,backend/cal_indicators/typed_numba_kernels.py,covariance_1d,1248,757251922914384fb4fdb295036ad2550179107d4ca14e88b211cca521e104fb,"njit(cache=True, nogil=True)",M2,pending_assessment,pending_trace,pending_baseline,pending_baseline
backend/cal_indicators/typed_numba_kernels.py::covariance_2d,9b99048d188017816358f581a86b27df1c388161,backend/cal_indicators/typed_numba_kernels.py,covariance_2d,1260,757251922914384fb4fdb295036ad2550179107d4ca14e88b211cca521e104fb,"njit(cache=True, nogil=True)",M2,pending_assessment,pending_trace,pending_baseline,pending_baseline
backend/cal_indicators/typed_numba_kernels.py::correlation_1d,9b99048d188017816358f581a86b27df1c388161,backend/cal_indicators/typed_numba_kernels.py,correlation_1d,1274,757251922914384fb4fdb295036ad2550179107d4ca14e88b211cca521e104fb,"njit(cache=True, nogil=True)",M2,pending_assessment,pending_trace,pending_baseline,pending_baseline
backend/cal_indicators/typed_numba_kernels.py::correlation_2d,9b99048d188017816358f581a86b27df1c388161,backend/cal_indicators/typed_numba_kernels.py,correlation_2d,1284,757251922914384fb4fdb295036ad2550179107d4ca14e88b211cca521e104fb,"njit(cache=True, nogil=True)",M2,pending_assessment,pending_trace,pending_baseline,pending_baseline
backend/cal_indicators/typed_numba_plan.py::_risk_free_scalars_kernel,9b99048d188017816358f581a86b27df1c388161,backend/cal_indicators/typed_numba_plan.py,_risk_free_scalars_kernel,747,d573cdc4e3fc0ac529d6c25e49ddd073a3d8e1968f39c6b2253871b6814973d5,"numba.njit(types.UniTuple(types.float64, 2)(types.float64), cache=False, nogil=True)",M2,pending_assessment,pending_trace,pending_baseline,pending_baseline
backend/causality/temporal_numba.py::perturb_available_tail,9b99048d188017816358f581a86b27df1c388161,backend/causality/temporal_numba.py,perturb_available_tail,11,98d9925b08776055c0e3d75f12c4df5d3cb7b22bcf17a6120909d150adf8ea64,"njit(F2(F2, I, int64, int64), cache=True)",M2,pending_assessment,pending_trace,pending_baseline,pending_baseline
backend/causality/temporal_numba.py::compare_available_prefix,9b99048d188017816358f581a86b27df1c388161,backend/causality/temporal_numba.py,compare_available_prefix,30,98d9925b08776055c0e3d75f12c4df5d3cb7b22bcf17a6120909d150adf8ea64,"njit(types.UniTuple(int64, 3)(F2, I, I, F2, I, I, int64, int64), cache=True)",M2,pending_assessment,pending_trace,pending_baseline,pending_baseline
backend/causality/temporal_numba.py::available_positions,9b99048d188017816358f581a86b27df1c388161,backend/causality/temporal_numba.py,available_positions,61,98d9925b08776055c0e3d75f12c4df5d3cb7b22bcf17a6120909d150adf8ea64,"njit(I(I, int64), cache=True)",M2,pending_assessment,pending_trace,pending_baseline,pending_baseline
backend/causality/temporal_numba.py::latest_relative_difference,9b99048d188017816358f581a86b27df1c388161,backend/causality/temporal_numba.py,latest_relative_difference,76,98d9925b08776055c0e3d75f12c4df5d3cb7b22bcf17a6120909d150adf8ea64,"njit(float64(F2, F2), cache=True)",M2,pending_assessment,pending_trace,pending_baseline,pending_baseline
backend/computation_graph/series_numba.py::causal_available_kernel,9b99048d188017816358f581a86b27df1c388161,backend/computation_graph/series_numba.py,causal_available_kernel,7,9b4c989633d8b94c8f9e6b4970f636dff8778ad9be507df5a734daf21c30f0b1,"njit(int64[::1](int64[::1]), cache=True)",M2,pending_assessment,pending_trace,pending_baseline,pending_baseline
backend/computation_graph/series_numba.py::valid_series_output_kernel,9b99048d188017816358f581a86b27df1c388161,backend/computation_graph/series_numba.py,valid_series_output_kernel,20,9b4c989633d8b94c8f9e6b4970f636dff8778ad9be507df5a734daf21c30f0b1,"njit(int64(float64[::1]), cache=True)",M2,pending_assessment,pending_trace,pending_baseline,pending_baseline
backend/computation_graph/series_numba.py::series_validity_counts_kernel,9b99048d188017816358f581a86b27df1c388161,backend/computation_graph/series_numba.py,series_validity_counts_kernel,31,9b4c989633d8b94c8f9e6b4970f636dff8778ad9be507df5a734daf21c30f0b1,"njit(types.UniTuple(int64, 2)(types.Array(float64, 1, 'A', readonly=True)), cache=True, nogil=True)",M2,pending_assessment,pending_trace,pending_baseline,pending_baseline
backend/computation_graph/smoothing_numba.py::butterworth_zero_phase_kernel,9b99048d188017816358f581a86b27df1c388161,backend/computation_graph/smoothing_numba.py,butterworth_zero_phase_kernel,14,457227bfcd4df85ce223d83a1ae8c1e55d0b9bab339dc4fcbaba9e35d2ca6fde,"njit(OUT(READ, int64), cache=True)",M2,pending_assessment,pending_trace,pending_baseline,pending_baseline
backend/computation_graph/smoothing_numba.py::savitzky_golay_centered_kernel,9b99048d188017816358f581a86b27df1c388161,backend/computation_graph/smoothing_numba.py,savitzky_golay_centered_kernel,67,457227bfcd4df85ce223d83a1ae8c1e55d0b9bab339dc4fcbaba9e35d2ca6fde,"njit(OUT(READ, int64, int64), cache=True)",M2,pending_assessment,pending_trace,pending_baseline,pending_baseline
backend/computation_graph/smoothing_numba.py::ehlers_error_correcting_kernel,9b99048d188017816358f581a86b27df1c388161,backend/computation_graph/smoothing_numba.py,ehlers_error_correcting_kernel,109,457227bfcd4df85ce223d83a1ae8c1e55d0b9bab339dc4fcbaba9e35d2ca6fde,"njit(OUT(READ, int64, int64), cache=True)",M2,pending_assessment,pending_trace,pending_baseline,pending_baseline
backend/computation_graph/smoothing_numba.py::smoothing_available_kernel,9b99048d188017816358f581a86b27df1c388161,backend/computation_graph/smoothing_numba.py,smoothing_available_kernel,143,457227bfcd4df85ce223d83a1ae8c1e55d0b9bab339dc4fcbaba9e35d2ca6fde,"njit(int64[::1](types.Array(int64, 1, 'A', readonly=True), int64), cache=True)",M2,pending_assessment,pending_trace,pending_baseline,pending_baseline
backend/custom_indicators/parallel_engine.py::_score_plan_matrix_kernel,9b99048d188017816358f581a86b27df1c388161,backend/custom_indicators/parallel_engine.py,_score_plan_matrix_kernel,57,8d5de931cd62f3597131f96b0e253a77b6c70cd9ad470deac2a142c4d9041d2c,"njit(_PLAN_SCORE_RESULT(float64[:, ::1], float64[::1], int8[::1]), cache=True, nogil=True)",M2,pending_assessment,pending_trace,pending_baseline,pending_baseline
backend/custom_indicators/parallel_engine.py::_score_matrix_serial,9b99048d188017816358f581a86b27df1c388161,backend/custom_indicators/parallel_engine.py,_score_matrix_serial,203,8d5de931cd62f3597131f96b0e253a77b6c70cd9ad470deac2a142c4d9041d2c,"njit(float64[:, ::1](float64[:, ::1], float64[::1], int8[::1], boolean[::1], float64[::1], float64[::1]), cache=True, nogil=True)",M2,pending_assessment,pending_trace,pending_baseline,pending_baseline
backend/custom_indicators/parallel_engine.py::_score_matrix_parallel,9b99048d188017816358f581a86b27df1c388161,backend/custom_indicators/parallel_engine.py,_score_matrix_parallel,243,8d5de931cd62f3597131f96b0e253a77b6c70cd9ad470deac2a142c4d9041d2c,"njit(float64[:, ::1](float64[:, ::1], float64[::1], int8[::1], boolean[::1], float64[::1], float64[::1]), cache=True, nogil=True, parallel=True)",M2,pending_assessment,pending_trace,pending_baseline,pending_baseline
backend/custom_indicators/portfolio_numba.py::strict_returns_kernel,9b99048d188017816358f581a86b27df1c388161,backend/custom_indicators/portfolio_numba.py,strict_returns_kernel,30,14c6204a6ada185191df700f3b347de80403ee0817dd66746261e8d89975c132,"njit(_F2(_F2), cache=False, nogil=True)",M8,pending_assessment,pending_trace,pending_baseline,pending_baseline
backend/custom_indicators/portfolio_numba.py::normalize_long_only_weights_kernel,9b99048d188017816358f581a86b27df1c388161,backend/custom_indicators/portfolio_numba.py,normalize_long_only_weights_kernel,47,14c6204a6ada185191df700f3b347de80403ee0817dd66746261e8d89975c132,"njit(_NORMALIZE_RESULT(_F1), cache=False, nogil=True)",M8,pending_assessment,pending_trace,pending_baseline,pending_baseline
backend/custom_indicators/portfolio_numba.py::validate_unit_weights_kernel,9b99048d188017816358f581a86b27df1c388161,backend/custom_indicators/portfolio_numba.py,validate_unit_weights_kernel,64,14c6204a6ada185191df700f3b347de80403ee0817dd66746261e8d89975c132,"njit(_NORMALIZE_RESULT(_F1, float64), cache=False, nogil=True)",M8,pending_assessment,pending_trace,pending_baseline,pending_baseline
backend/custom_indicators/portfolio_numba.py::equal_weights_kernel,9b99048d188017816358f581a86b27df1c388161,backend/custom_indicators/portfolio_numba.py,equal_weights_kernel,86,14c6204a6ada185191df700f3b347de80403ee0817dd66746261e8d89975c132,"njit(_F1(int64), cache=False, nogil=True)",M8,pending_assessment,pending_trace,pending_baseline,pending_baseline
backend/custom_indicators/portfolio_numba.py::portfolio_context_kernel,9b99048d188017816358f581a86b27df1c388161,backend/custom_indicators/portfolio_numba.py,portfolio_context_kernel,93,14c6204a6ada185191df700f3b347de80403ee0817dd66746261e8d89975c132,"njit(_CONTEXT_RESULT(_F2, _F2, float64), cache=False, nogil=True)",M8,pending_assessment,pending_trace,pending_baseline,pending_baseline
backend/custom_indicators/portfolio_numba.py::finite_series_close_kernel,9b99048d188017816358f581a86b27df1c388161,backend/custom_indicators/portfolio_numba.py,finite_series_close_kernel,121,14c6204a6ada185191df700f3b347de80403ee0817dd66746261e8d89975c132,"njit(uint8(_F1, _F1, float64, float64), cache=False, nogil=True)",M8,pending_assessment,pending_trace,pending_baseline,pending_baseline
backend/custom_indicators/portfolio_numba.py::portfolio_drift_backtest_kernel,9b99048d188017816358f581a86b27df1c388161,backend/custom_indicators/portfolio_numba.py,portfolio_drift_backtest_kernel,141,14c6204a6ada185191df700f3b347de80403ee0817dd66746261e8d89975c132,"njit(_BACKTEST_RESULT(_F2, _F2, _U1), cache=False, nogil=True)",M8,pending_assessment,pending_trace,pending_baseline,pending_baseline
backend/custom_indicators/portfolio_numba.py::_linear_quantile,9b99048d188017816358f581a86b27df1c388161,backend/custom_indicators/portfolio_numba.py,_linear_quantile,181,14c6204a6ada185191df700f3b347de80403ee0817dd66746261e8d89975c132,"njit(cache=False, nogil=True, inline='always')",M8,pending_assessment,pending_trace,pending_baseline,pending_baseline
backend/custom_indicators/portfolio_numba.py::portfolio_summary_kernel,9b99048d188017816358f581a86b27df1c388161,backend/custom_indicators/portfolio_numba.py,portfolio_summary_kernel,193,14c6204a6ada185191df700f3b347de80403ee0817dd66746261e8d89975c132,"njit(_SUMMARY_RESULT(_F1, float64, float64), cache=False, nogil=True)",M8,pending_assessment,pending_trace,pending_baseline,pending_baseline
backend/custom_indicators/portfolio_numba.py::portfolio_diagnosis_kernel,9b99048d188017816358f581a86b27df1c388161,backend/custom_indicators/portfolio_numba.py,portfolio_diagnosis_kernel,252,14c6204a6ada185191df700f3b347de80403ee0817dd66746261e8d89975c132,"njit(_DIAGNOSIS_RESULT(_F2, _F2, _F2, float64), cache=False, nogil=True)",M8,pending_assessment,pending_trace,pending_baseline,pending_baseline
backend/custom_indicators/portfolio_numba.py::turnover_path_kernel,9b99048d188017816358f581a86b27df1c388161,backend/custom_indicators/portfolio_numba.py,turnover_path_kernel,338,14c6204a6ada185191df700f3b347de80403ee0817dd66746261e8d89975c132,"njit(_F1(_F2), cache=False, nogil=True)",M8,pending_assessment,pending_trace,pending_baseline,pending_baseline
backend/custom_indicators/runtime_context.py::risk_free_context_kernel,9b99048d188017816358f581a86b27df1c388161,backend/custom_indicators/runtime_context.py,risk_free_context_kernel,17,1fcaf9956f1346ac672cb2460e9f373da7463e014f9a9f21fb62aa069b3f8940,"numba.njit(numba.types.UniTuple(numba.float64, 5)(numba.float64, numba.float64), cache=True, nogil=True)",M2,pending_assessment,pending_trace,pending_baseline,pending_baseline
backend/custom_indicators/runtime_context.py::aligned_return_series_kernel,9b99048d188017816358f581a86b27df1c388161,backend/custom_indicators/runtime_context.py,aligned_return_series_kernel,36,1fcaf9956f1346ac672cb2460e9f373da7463e014f9a9f21fb62aa069b3f8940,"numba.njit(numba.types.UniTuple(numba.float64[::1], 2)(numba.float64[::1]), cache=True, nogil=True)",M2,pending_assessment,pending_trace,pending_baseline,pending_baseline
backend/custom_indicators/service.py::_finite_result_kernel,9b99048d188017816358f581a86b27df1c388161,backend/custom_indicators/service.py,_finite_result_kernel,237,6c56981eb8cca0250c7914a635ba1a737d754a459d13aa6dd28f192f5b2db1a6,"numba.njit(numba.int8(numba.float64), cache=True, nogil=True)",M2,pending_assessment,pending_trace,pending_baseline,pending_baseline
backend/custom_indicators/snapshot_execution.py::last_finite_snapshot_value,9b99048d188017816358f581a86b27df1c388161,backend/custom_indicators/snapshot_execution.py,last_finite_snapshot_value,27,911eb7a5e282dabe397dce67f089896294cf4114bdfdead492913ea96807564e,"numba.njit(types.Tuple((types.float64, types.int64))(_F1, types.int64, types.int64), cache=False, nogil=True)",M2,pending_assessment,pending_trace,pending_baseline,pending_baseline
backend/data_sources/price_adjustment_numba.py::source_factor_kernel,9b99048d188017816358f581a86b27df1c388161,backend/data_sources/price_adjustment_numba.py,source_factor_kernel,41,78f230ceda3be6a97ae87156489a8fbf10cc3617805d08fa323899385086926d,"njit(_F1(_I1, _F1), cache=False, nogil=True)",M2,pending_assessment,pending_trace,pending_baseline,pending_baseline
backend/data_sources/price_adjustment_numba.py::pre_close_factor_kernel,9b99048d188017816358f581a86b27df1c388161,backend/data_sources/price_adjustment_numba.py,pre_close_factor_kernel,70,78f230ceda3be6a97ae87156489a8fbf10cc3617805d08fa323899385086926d,"njit(_F1(_I1, _F1, _F1), cache=False, nogil=True)",M2,pending_assessment,pending_trace,pending_baseline,pending_baseline
backend/data_sources/price_adjustment_numba.py::combine_factor_kernel,9b99048d188017816358f581a86b27df1c388161,backend/data_sources/price_adjustment_numba.py,combine_factor_kernel,103,78f230ceda3be6a97ae87156489a8fbf10cc3617805d08fa323899385086926d,"njit(_FACTOR_ORIGIN(_F1, _F1), cache=False, nogil=True)",M2,pending_assessment,pending_trace,pending_baseline,pending_baseline
backend/data_sources/price_adjustment_numba.py::scale_kernel,9b99048d188017816358f581a86b27df1c388161,backend/data_sources/price_adjustment_numba.py,scale_kernel,121,78f230ceda3be6a97ae87156489a8fbf10cc3617805d08fa323899385086926d,"njit(_F1(_F1, _F1), cache=False, nogil=True)",M2,pending_assessment,pending_trace,pending_baseline,pending_baseline
backend/data_sources/price_adjustment_numba.py::divergence_kernel,9b99048d188017816358f581a86b27df1c388161,backend/data_sources/price_adjustment_numba.py,divergence_kernel,133,78f230ceda3be6a97ae87156489a8fbf10cc3617805d08fa323899385086926d,"njit(_DIVERGENCE(_F1, _F1), cache=False, nogil=True)",M2,pending_assessment,pending_trace,pending_baseline,pending_baseline
backend/data_sources/price_adjustment_numba.py::factor_summary_kernel,9b99048d188017816358f581a86b27df1c388161,backend/data_sources/price_adjustment_numba.py,factor_summary_kernel,152,78f230ceda3be6a97ae87156489a8fbf10cc3617805d08fa323899385086926d,"njit(_SUMMARY(_I1, _I1, _F1), cache=False, nogil=True)",M2,pending_assessment,pending_trace,pending_baseline,pending_baseline
backend/data_sources/resolution_kernels.py::quality_flags,9b99048d188017816358f581a86b27df1c388161,backend/data_sources/resolution_kernels.py,quality_flags,8,57989fd7a7b1b52c5324840c9ea0195654a96ea2adadd3fe4461cf862c0efa15,"njit(types.int8[::1](types.float64[:, ::1], types.boolean[::1], types.float64[::1], types.float64[::1], types.boolean[::1], types.int64[::1], types.float64[::1], types.int64, types.float64), cache=True, nogil=True)",M2,pending_assessment,pending_trace,pending_baseline,pending_baseline
backend/data_sources/resolution_kernels.py::difference_flags,9b99048d188017816358f581a86b27df1c388161,backend/data_sources/resolution_kernels.py,difference_flags,34,57989fd7a7b1b52c5324840c9ea0195654a96ea2adadd3fe4461cf862c0efa15,"njit(types.boolean[::1](types.float64[::1], types.float64[::1], types.float64[::1], types.float64[::1]), cache=True, nogil=True)",M2,pending_assessment,pending_trace,pending_baseline,pending_baseline
backend/factor_research/attribution_kernels.py::return_availability_kernel,9b99048d188017816358f581a86b27df1c388161,backend/factor_research/attribution_kernels.py,return_availability_kernel,11,7ecc7e3f02480c0656fe2571bacd9ee6a991e8e889c6ad513163561e8aa0de4c,"njit(I2(I2), cache=True, nogil=True)",M8,pending_assessment,pending_trace,pending_baseline,pending_baseline
backend/factor_research/attribution_kernels.py::exposure_path_kernel,9b99048d188017816358f581a86b27df1c388161,backend/factor_research/attribution_kernels.py,exposure_path_kernel,22,7ecc7e3f02480c0656fe2571bacd9ee6a991e8e889c6ad513163561e8aa0de4c,"njit(types.Tuple((F3, F3, F2, F2))(F2, F2, F1, I2, I1, F2, F2, int64, int64, int64, int64, int64, int64), cache=True, nogil=True)",M8,pending_assessment,pending_trace,pending_baseline,pending_baseline
backend/factor_research/attribution_kernels.py::daily_contributions_kernel,9b99048d188017816358f581a86b27df1c388161,backend/factor_research/attribution_kernels.py,daily_contributions_kernel,67,7ecc7e3f02480c0656fe2571bacd9ee6a991e8e889c6ad513163561e8aa0de4c,"njit(types.Tuple((F3, F3, I2))(F2, F2, F1, F3, F3), cache=True, nogil=True)",M8,pending_assessment,pending_trace,pending_baseline,pending_baseline
backend/factor_research/attribution_kernels.py::link_contributions_kernel,9b99048d188017816358f581a86b27df1c388161,backend/factor_research/attribution_kernels.py,link_contributions_kernel,116,7ecc7e3f02480c0656fe2571bacd9ee6a991e8e889c6ad513163561e8aa0de4c,"njit(types.Tuple((F3, F2))(F2, F3, I2, int64, int64), cache=True, nogil=True)",M8,pending_assessment,pending_trace,pending_baseline,pending_baseline
backend/factor_research/numba_kernels.py::ranks_kernel,9b99048d188017816358f581a86b27df1c388161,backend/factor_research/numba_kernels.py,ranks_kernel,17,a4596194eb4de36092adb0f4d3d843326bfbbc7ad7790e87bfe62fbb6594a200,"njit(F1(F1), cache=True, nogil=True)",M8,pending_assessment,pending_trace,pending_baseline,pending_baseline
backend/factor_research/numba_kernels.py::correlation_kernel,9b99048d188017816358f581a86b27df1c388161,backend/factor_research/numba_kernels.py,correlation_kernel,33,a4596194eb4de36092adb0f4d3d843326bfbbc7ad7790e87bfe62fbb6594a200,"njit(float64(F1, F1), cache=True, nogil=True)",M8,pending_assessment,pending_trace,pending_baseline,pending_baseline
backend/factor_research/numba_kernels.py::features_kernel,9b99048d188017816358f581a86b27df1c388161,backend/factor_research/numba_kernels.py,features_kernel,60,a4596194eb4de36092adb0f4d3d843326bfbbc7ad7790e87bfe62fbb6594a200,"njit(F3(F2, I2, I1, I1, I2), cache=True, nogil=True)",M8,pending_assessment,pending_trace,pending_baseline,pending_baseline
backend/factor_research/numba_kernels.py::normalize_kernel,9b99048d188017816358f581a86b27df1c388161,backend/factor_research/numba_kernels.py,normalize_kernel,112,a4596194eb4de36092adb0f4d3d843326bfbbc7ad7790e87bfe62fbb6594a200,"njit(types.Tuple((F3, F2))(F3, I1, F1, int64), cache=True, nogil=True)",M8,pending_assessment,pending_trace,pending_baseline,pending_baseline
backend/factor_research/numba_kernels.py::labels_kernel,9b99048d188017816358f581a86b27df1c388161,backend/factor_research/numba_kernels.py,labels_kernel,171,a4596194eb4de36092adb0f4d3d843326bfbbc7ad7790e87bfe62fbb6594a200,"njit(F2(F2, I1, int64), cache=True, nogil=True)",M8,pending_assessment,pending_trace,pending_baseline,pending_baseline
backend/factor_research/numba_kernels.py::diagnostics_kernel,9b99048d188017816358f581a86b27df1c388161,backend/factor_research/numba_kernels.py,diagnostics_kernel,190,a4596194eb4de36092adb0f4d3d843326bfbbc7ad7790e87bfe62fbb6594a200,"njit(types.Tuple((F2, F2, F2, F2))(F3, F2, F2, int64), cache=True, nogil=True)",M8,pending_assessment,pending_trace,pending_baseline,pending_baseline
backend/factor_research/numba_kernels.py::mean_stats_kernel,9b99048d188017816358f581a86b27df1c388161,backend/factor_research/numba_kernels.py,mean_stats_kernel,234,a4596194eb4de36092adb0f4d3d843326bfbbc7ad7790e87bfe62fbb6594a200,"njit(F1(F1), cache=True, nogil=True)",M8,pending_assessment,pending_trace,pending_baseline,pending_baseline
backend/factor_research/numba_kernels.py::factor_correlation_kernel,9b99048d188017816358f581a86b27df1c388161,backend/factor_research/numba_kernels.py,factor_correlation_kernel,261,a4596194eb4de36092adb0f4d3d843326bfbbc7ad7790e87bfe62fbb6594a200,"njit(F2(F3, I1), cache=True, nogil=True)",M8,pending_assessment,pending_trace,pending_baseline,pending_baseline
backend/factor_research/numba_kernels.py::target_weights_kernel,9b99048d188017816358f581a86b27df1c388161,backend/factor_research/numba_kernels.py,target_weights_kernel,281,a4596194eb4de36092adb0f4d3d843326bfbbc7ad7790e87bfe62fbb6594a200,"njit(F2(F2, int64), cache=True, nogil=True)",M8,pending_assessment,pending_trace,pending_baseline,pending_baseline
backend/factor_research/numba_kernels.py::backtest_kernel,9b99048d188017816358f581a86b27df1c388161,backend/factor_research/numba_kernels.py,backtest_kernel,308,a4596194eb4de36092adb0f4d3d843326bfbbc7ad7790e87bfe62fbb6594a200,"njit(types.Tuple((F2, F2))(F2, F1, I1, F2, int64, float64), cache=True, nogil=True)",M8,pending_assessment,pending_trace,pending_baseline,pending_baseline
backend/factor_research/numba_kernels.py::performance_kernel,9b99048d188017816358f581a86b27df1c388161,backend/factor_research/numba_kernels.py,performance_kernel,369,a4596194eb4de36092adb0f4d3d843326bfbbc7ad7790e87bfe62fbb6594a200,"njit(F1(F2, int64, int64), cache=True, nogil=True)",M8,pending_assessment,pending_trace,pending_baseline,pending_baseline
backend/factor_research/numba_kernels.py::returns_kernel,9b99048d188017816358f581a86b27df1c388161,backend/factor_research/numba_kernels.py,returns_kernel,421,a4596194eb4de36092adb0f4d3d843326bfbbc7ad7790e87bfe62fbb6594a200,"njit(F2(F2), cache=True, nogil=True)",M8,pending_assessment,pending_trace,pending_baseline,pending_baseline
backend/factor_research/numba_kernels.py::simplex_kernel,9b99048d188017816358f581a86b27df1c388161,backend/factor_research/numba_kernels.py,simplex_kernel,432,a4596194eb4de36092adb0f4d3d843326bfbbc7ad7790e87bfe62fbb6594a200,"njit(F1(F1), cache=True, nogil=True)",M8,pending_assessment,pending_trace,pending_baseline,pending_baseline
backend/factor_research/numba_kernels.py::attribution_kernel,9b99048d188017816358f581a86b27df1c388161,backend/factor_research/numba_kernels.py,attribution_kernel,448,a4596194eb4de36092adb0f4d3d843326bfbbc7ad7790e87bfe62fbb6594a200,"njit(types.Tuple((F2, F2))(F2, F2, F1, int64, int64), cache=True, nogil=True)",M8,pending_assessment,pending_trace,pending_baseline,pending_baseline
backend/factor_research/numba_kernels.py::portfolio_profile_kernel,9b99048d188017816358f581a86b27df1c388161,backend/factor_research/numba_kernels.py,portfolio_profile_kernel,587,a4596194eb4de36092adb0f4d3d843326bfbbc7ad7790e87bfe62fbb6594a200,"njit(F2(F2, F1), cache=True, nogil=True)",M8,pending_assessment,pending_trace,pending_baseline,pending_baseline
backend/factor_research/numba_kernels.py::score_table_kernel,9b99048d188017816358f581a86b27df1c388161,backend/factor_research/numba_kernels.py,score_table_kernel,604,a4596194eb4de36092adb0f4d3d843326bfbbc7ad7790e87bfe62fbb6594a200,"njit(F2(F2, F2, F1, F1, int64), cache=True, nogil=True)",M8,pending_assessment,pending_trace,pending_baseline,pending_baseline
backend/factor_research/numba_kernels.py::drift_kernel,9b99048d188017816358f581a86b27df1c388161,backend/factor_research/numba_kernels.py,drift_kernel,626,a4596194eb4de36092adb0f4d3d843326bfbbc7ad7790e87bfe62fbb6594a200,"njit(F1(F1, F1), cache=True, nogil=True)",M8,pending_assessment,pending_trace,pending_baseline,pending_baseline
backend/factor_research/return_kernels.py::rolling_ic_kernel,9b99048d188017816358f581a86b27df1c388161,backend/factor_research/return_kernels.py,rolling_ic_kernel,11,0677db92ca7f73646fff6564a339401c3f0668cb2eb684c2fa9bade8a7f06957,"njit(F3(F2, I1, int64, int64), cache=True, nogil=True)",M8,pending_assessment,pending_trace,pending_baseline,pending_baseline
backend/factor_research/return_kernels.py::spread_targets_kernel,9b99048d188017816358f581a86b27df1c388161,backend/factor_research/return_kernels.py,spread_targets_kernel,30,0677db92ca7f73646fff6564a339401c3f0668cb2eb684c2fa9bade8a7f06957,"njit(F3(F2, int64), cache=True, nogil=True)",M8,pending_assessment,pending_trace,pending_baseline,pending_baseline
backend/factor_research/return_kernels.py::spread_returns_kernel,9b99048d188017816358f581a86b27df1c388161,backend/factor_research/return_kernels.py,spread_returns_kernel,58,0677db92ca7f73646fff6564a339401c3f0668cb2eb684c2fa9bade8a7f06957,"njit(types.Tuple((F2, F3))(F2, I1, F2, int64, float64), cache=True, nogil=True)",M8,pending_assessment,pending_trace,pending_baseline,pending_baseline
backend/factor_research/return_kernels.py::linear_quantile_kernel,9b99048d188017816358f581a86b27df1c388161,backend/factor_research/return_kernels.py,linear_quantile_kernel,121,0677db92ca7f73646fff6564a339401c3f0668cb2eb684c2fa9bade8a7f06957,"njit(float64(F1, float64), cache=True, nogil=True)",M8,pending_assessment,pending_trace,pending_baseline,pending_baseline
backend/factor_research/return_kernels.py::ff3_returns_kernel,9b99048d188017816358f581a86b27df1c388161,backend/factor_research/return_kernels.py,ff3_returns_kernel,132,0677db92ca7f73646fff6564a339401c3f0668cb2eb684c2fa9bade8a7f06957,"njit(types.Tuple((F2, F2, I2))(F2, F2, F1, I1, F3), cache=True, nogil=True)",M8,pending_assessment,pending_trace,pending_baseline,pending_baseline
backend/factor_research/return_kernels.py::return_diagnostics_kernel,9b99048d188017816358f581a86b27df1c388161,backend/factor_research/return_kernels.py,return_diagnostics_kernel,224,0677db92ca7f73646fff6564a339401c3f0668cb2eb684c2fa9bade8a7f06957,"njit(types.Tuple((F2, F2, F2))(F2), cache=True, nogil=True)",M8,pending_assessment,pending_trace,pending_baseline,pending_baseline
backend/fit_numba.py::finite_matrix_mask_kernel,9b99048d188017816358f581a86b27df1c388161,backend/fit_numba.py,finite_matrix_mask_kernel,29,0bc6637e03d9e1d5d7b973c215628e956ba7b310d0d5d5e3f1f02270bf7a3ee1,"njit(_U2(_F2), cache=False, nogil=True)",M4,pending_assessment,pending_trace,pending_baseline,pending_baseline
backend/fit_numba.py::returns_from_nav_kernel,9b99048d188017816358f581a86b27df1c388161,backend/fit_numba.py,returns_from_nav_kernel,41,0bc6637e03d9e1d5d7b973c215628e956ba7b310d0d5d5e3f1f02270bf7a3ee1,"njit(_F2(_F2), cache=False, nogil=True)",M4,pending_assessment,pending_trace,pending_baseline,pending_baseline
backend/fit_numba.py::normalize_weight_matrix_kernel,9b99048d188017816358f581a86b27df1c388161,backend/fit_numba.py,normalize_weight_matrix_kernel,57,0bc6637e03d9e1d5d7b973c215628e956ba7b310d0d5d5e3f1f02270bf7a3ee1,"njit(_WEIGHT_RESULT(_F2), cache=False, nogil=True)",M4,pending_assessment,pending_trace,pending_baseline,pending_baseline
backend/fit_numba.py::assemble_weight_matrix_kernel,9b99048d188017816358f581a86b27df1c388161,backend/fit_numba.py,assemble_weight_matrix_kernel,76,0bc6637e03d9e1d5d7b973c215628e956ba7b310d0d5d5e3f1f02270bf7a3ee1,"njit(_F2(int64[::1], int64[::1], _F1, int64, int64), cache=False, nogil=True)",M4,pending_assessment,pending_trace,pending_baseline,pending_baseline
backend/fit_numba.py::weighted_returns_kernel,9b99048d188017816358f581a86b27df1c388161,backend/fit_numba.py,weighted_returns_kernel,98,0bc6637e03d9e1d5d7b973c215628e956ba7b310d0d5d5e3f1f02270bf7a3ee1,"njit(_F2(_F2, _F2), cache=False, nogil=True)",M4,pending_assessment,pending_trace,pending_baseline,pending_baseline
backend/fit_numba.py::_mean,9b99048d188017816358f581a86b27df1c388161,backend/fit_numba.py,_mean,114,0bc6637e03d9e1d5d7b973c215628e956ba7b310d0d5d5e3f1f02270bf7a3ee1,"njit(cache=False, nogil=True, inline='always')",M4,pending_assessment,pending_trace,pending_baseline,pending_baseline
backend/fit_numba.py::_sample_std,9b99048d188017816358f581a86b27df1c388161,backend/fit_numba.py,_sample_std,124,0bc6637e03d9e1d5d7b973c215628e956ba7b310d0d5d5e3f1f02270bf7a3ee1,"njit(cache=False, nogil=True, inline='always')",M4,pending_assessment,pending_trace,pending_baseline,pending_baseline
backend/fit_numba.py::_linear_quantile,9b99048d188017816358f581a86b27df1c388161,backend/fit_numba.py,_linear_quantile,135,0bc6637e03d9e1d5d7b973c215628e956ba7b310d0d5d5e3f1f02270bf7a3ee1,"njit(cache=False, nogil=True, inline='always')",M4,pending_assessment,pending_trace,pending_baseline,pending_baseline
backend/fit_numba.py::_correlation,9b99048d188017816358f581a86b27df1c388161,backend/fit_numba.py,_correlation,149,0bc6637e03d9e1d5d7b973c215628e956ba7b310d0d5d5e3f1f02270bf7a3ee1,"njit(cache=False, nogil=True, inline='always')",M4,pending_assessment,pending_trace,pending_baseline,pending_baseline
backend/fit_numba.py::class_nav_corr_metrics_kernel,9b99048d188017816358f581a86b27df1c388161,backend/fit_numba.py,class_nav_corr_metrics_kernel,176,0bc6637e03d9e1d5d7b973c215628e956ba7b310d0d5d5e3f1f02270bf7a3ee1,"njit(_CLASS_RESULT(_F2, float64), cache=False, nogil=True)",M4,pending_assessment,pending_trace,pending_baseline,pending_baseline
backend/fit_numba.py::rolling_correlation_kernel,9b99048d188017816358f581a86b27df1c388161,backend/fit_numba.py,rolling_correlation_kernel,238,0bc6637e03d9e1d5d7b973c215628e956ba7b310d0d5d5e3f1f02270bf7a3ee1,"njit(_ROLLING_RESULT(_F2, int64, int64), cache=False, nogil=True)",M4,pending_assessment,pending_trace,pending_baseline,pending_baseline
backend/fit_numba.py::class_consistency_kernel,9b99048d188017816358f581a86b27df1c388161,backend/fit_numba.py,class_consistency_kernel,291,0bc6637e03d9e1d5d7b973c215628e956ba7b310d0d5d5e3f1f02270bf7a3ee1,"njit(_F1(_F2, float64), cache=False, nogil=True)",M4,pending_assessment,pending_trace,pending_baseline,pending_baseline
backend/frontier_moments.py::frontier_constraints_kernel,9b99048d188017816358f581a86b27df1c388161,backend/frontier_moments.py,frontier_constraints_kernel,38,1f793a25665642c387d1009db10051a90773408eb0bb2407a7182da95a256b39,"njit((V, M, M, M, V, V), cache=False, nogil=True)",M4,pending_assessment,pending_trace,pending_baseline,pending_baseline
backend/frontier_moments.py::phase_one_kernel,9b99048d188017816358f581a86b27df1c388161,backend/frontier_moments.py,phase_one_kernel,94,1f793a25665642c387d1009db10051a90773408eb0bb2407a7182da95a256b39,"njit((M, V, M, V, types.int64), cache=False, nogil=True)",M4,pending_assessment,pending_trace,pending_baseline,pending_baseline
backend/frontier_moments.py::frontier_moments_kernel,9b99048d188017816358f581a86b27df1c388161,backend/frontier_moments.py,frontier_moments_kernel,138,1f793a25665642c387d1009db10051a90773408eb0bb2407a7182da95a256b39,"njit((V, M, M, M, V, V, types.int64, types.int64), cache=False, nogil=True)",M4,pending_assessment,pending_trace,pending_baseline,pending_baseline
backend/frontier_moments.py::frontier_curve_indices_kernel,9b99048d188017816358f581a86b27df1c388161,backend/frontier_moments.py,frontier_curve_indices_kernel,259,1f793a25665642c387d1009db10051a90773408eb0bb2407a7182da95a256b39,"njit((M, I, types.float64), cache=False, nogil=True)",M4,pending_assessment,pending_trace,pending_baseline,pending_baseline
backend/frontier_sampling.py::integer_weights_kernel,9b99048d188017816358f581a86b27df1c388161,backend/frontier_sampling.py,integer_weights_kernel,11,35cfdd624df72e563c65b3df6aa1b45aa75df219f7b8b4f6914aec70b02cc311,"njit((F1, F2, U2, F1, F1, types.float64, types.int64), cache=False, nogil=True)",M4,pending_assessment,pending_trace,pending_baseline,pending_baseline
backend/frontier_sampling.py::return_bucket_indices_kernel,9b99048d188017816358f581a86b27df1c388161,backend/frontier_sampling.py,return_bucket_indices_kernel,158,35cfdd624df72e563c65b3df6aa1b45aa75df219f7b8b4f6914aec70b02cc311,"njit((F1, F1, types.int64, types.int64, types.int64), cache=False, nogil=True)",M4,pending_assessment,pending_trace,pending_baseline,pending_baseline
backend/historical_regimes/condition_numba.py::condition_compare_kernel,9b99048d188017816358f581a86b27df1c388161,backend/historical_regimes/condition_numba.py,condition_compare_kernel,18,a19a3cde8fd648411b91eeac1aa4e028c97980d390ea38389ca1d901f5cbd56e,"njit(I(RF, RF, float64, int64), cache=True)",M2,pending_assessment,pending_trace,pending_baseline,pending_baseline
backend/historical_regimes/condition_numba.py::condition_valid_kernel,9b99048d188017816358f581a86b27df1c388161,backend/historical_regimes/condition_numba.py,condition_valid_kernel,32,a19a3cde8fd648411b91eeac1aa4e028c97980d390ea38389ca1d901f5cbd56e,"njit(I(RF), cache=True)",M2,pending_assessment,pending_trace,pending_baseline,pending_baseline
backend/historical_regimes/condition_numba.py::condition_logic_kernel,9b99048d188017816358f581a86b27df1c388161,backend/historical_regimes/condition_numba.py,condition_logic_kernel,40,a19a3cde8fd648411b91eeac1aa4e028c97980d390ea38389ca1d901f5cbd56e,"njit(I(RI, RI, int64), cache=True)",M2,pending_assessment,pending_trace,pending_baseline,pending_baseline
backend/historical_regimes/condition_numba.py::select_state_kernel,9b99048d188017816358f581a86b27df1c388161,backend/historical_regimes/condition_numba.py,select_state_kernel,60,a19a3cde8fd648411b91eeac1aa4e028c97980d390ea38389ca1d901f5cbd56e,"njit(I(RI, RI, RI, int64, int64), cache=True)",M2,pending_assessment,pending_trace,pending_baseline,pending_baseline
backend/historical_regimes/condition_numba.py::continuous_state_kernel,9b99048d188017816358f581a86b27df1c388161,backend/historical_regimes/condition_numba.py,continuous_state_kernel,75,a19a3cde8fd648411b91eeac1aa4e028c97980d390ea38389ca1d901f5cbd56e,"njit(types.Tuple((I, F, F))(RI, RI, RF, int64, int64), cache=True)",M2,pending_assessment,pending_trace,pending_baseline,pending_baseline
backend/historical_regimes/manual_event_numba.py::_lower_bound,9b99048d188017816358f581a86b27df1c388161,backend/historical_regimes/manual_event_numba.py,_lower_bound,14,b2d7bf9ced8ea3fab523220580b87f020ad1e50b20f0d9812cb276a90810a7cd,"njit(int64(I, int64), cache=True, inline='always')",M2,pending_assessment,pending_trace,pending_baseline,pending_baseline
backend/historical_regimes/manual_event_numba.py::_upper_bound,9b99048d188017816358f581a86b27df1c388161,backend/historical_regimes/manual_event_numba.py,_upper_bound,26,b2d7bf9ced8ea3fab523220580b87f020ad1e50b20f0d9812cb276a90810a7cd,"njit(int64(I, int64), cache=True, inline='always')",M2,pending_assessment,pending_trace,pending_baseline,pending_baseline
backend/historical_regimes/manual_event_numba.py::manual_event_state_kernel,9b99048d188017816358f581a86b27df1c388161,backend/historical_regimes/manual_event_numba.py,manual_event_state_kernel,38,b2d7bf9ced8ea3fab523220580b87f020ad1e50b20f0d9812cb276a90810a7cd,"njit(STATE_RESULT(I, I, I), cache=True)",M2,pending_assessment,pending_trace,pending_baseline,pending_baseline
backend/historical_regimes/manual_event_numba.py::manual_event_summary_kernel,9b99048d188017816358f581a86b27df1c388161,backend/historical_regimes/manual_event_numba.py,manual_event_summary_kernel,70,b2d7bf9ced8ea3fab523220580b87f020ad1e50b20f0d9812cb276a90810a7cd,"njit(SUMMARY_RESULT(I, F, I, I), cache=True)",M2,pending_assessment,pending_trace,pending_baseline,pending_baseline
backend/historical_regimes/numba_kernels.py::relative_transform_kernel,9b99048d188017816358f581a86b27df1c388161,backend/historical_regimes/numba_kernels.py,relative_transform_kernel,33,6be805b1284912f39c79196489f81e03715c195526ecf4c868579077cbc186e3,"njit(_F1(_F1, _F1, int64), cache=True, nogil=True)",M5,pending_assessment,pending_trace,pending_baseline,pending_baseline
backend/historical_regimes/numba_kernels.py::formula_input_blocks_kernel,9b99048d188017816358f581a86b27df1c388161,backend/historical_regimes/numba_kernels.py,formula_input_blocks_kernel,56,6be805b1284912f39c79196489f81e03715c195526ecf4c868579077cbc186e3,"njit(_FORMULA_INPUT_BLOCKS_RESULT(_F2), cache=False, nogil=True)",M5,pending_assessment,pending_trace,pending_baseline,pending_baseline
backend/historical_regimes/numba_kernels.py::formula_align_block_kernel,9b99048d188017816358f581a86b27df1c388161,backend/historical_regimes/numba_kernels.py,formula_align_block_kernel,101,6be805b1284912f39c79196489f81e03715c195526ecf4c868579077cbc186e3,"njit(int64(_F1, int64, int64, _F1), cache=False, nogil=True)",M5,pending_assessment,pending_trace,pending_baseline,pending_baseline
backend/historical_regimes/numba_kernels.py::formula_missing_numeric_mask_kernel,9b99048d188017816358f581a86b27df1c388161,backend/historical_regimes/numba_kernels.py,formula_missing_numeric_mask_kernel,123,6be805b1284912f39c79196489f81e03715c195526ecf4c868579077cbc186e3,"njit(_FORMULA_MISSING_MASK_RESULT(_F1, _F2), cache=False, nogil=True)",M5,pending_assessment,pending_trace,pending_baseline,pending_baseline
backend/historical_regimes/numba_kernels.py::_finite_mean,9b99048d188017816358f581a86b27df1c388161,backend/historical_regimes/numba_kernels.py,_finite_mean,149,6be805b1284912f39c79196489f81e03715c195526ecf4c868579077cbc186e3,"njit(cache=True, nogil=True, inline='always')",M5,pending_assessment,pending_trace,pending_baseline,pending_baseline
backend/historical_regimes/numba_kernels.py::_finite_std,9b99048d188017816358f581a86b27df1c388161,backend/historical_regimes/numba_kernels.py,_finite_std,163,6be805b1284912f39c79196489f81e03715c195526ecf4c868579077cbc186e3,"njit(cache=True, nogil=True, inline='always')",M5,pending_assessment,pending_trace,pending_baseline,pending_baseline
backend/historical_regimes/numba_kernels.py::_one_sided_filter_impl,9b99048d188017816358f581a86b27df1c388161,backend/historical_regimes/numba_kernels.py,_one_sided_filter_impl,189,6be805b1284912f39c79196489f81e03715c195526ecf4c868579077cbc186e3,"njit(cache=True, nogil=True)",M5,pending_assessment,pending_trace,pending_baseline,pending_baseline
backend/historical_regimes/numba_kernels.py::feature_pipeline_kernel,9b99048d188017816358f581a86b27df1c388161,backend/historical_regimes/numba_kernels.py,feature_pipeline_kernel,291,6be805b1284912f39c79196489f81e03715c195526ecf4c868579077cbc186e3,"njit(_FEATURE_RETURN(_F1, int64, int64, int64, int64, int64, float64, float64, int64), cache=True, nogil=True)",M5,pending_assessment,pending_trace,pending_baseline,pending_baseline
backend/historical_regimes/numba_kernels.py::_confirm_codes_impl,9b99048d188017816358f581a86b27df1c388161,backend/historical_regimes/numba_kernels.py,_confirm_codes_impl,372,6be805b1284912f39c79196489f81e03715c195526ecf4c868579077cbc186e3,"njit(cache=True, nogil=True)",M5,pending_assessment,pending_trace,pending_baseline,pending_baseline
backend/historical_regimes/numba_kernels.py::trend_state_kernel,9b99048d188017816358f581a86b27df1c388161,backend/historical_regimes/numba_kernels.py,trend_state_kernel,447,6be805b1284912f39c79196489f81e03715c195526ecf4c868579077cbc186e3,"njit(_TREND_RETURN(_F1, _F1, float64, float64, float64, float64, int64, int64), cache=True, nogil=True)",M5,pending_assessment,pending_trace,pending_baseline,pending_baseline
backend/historical_regimes/numba_kernels.py::turning_point_kernel,9b99048d188017816358f581a86b27df1c388161,backend/historical_regimes/numba_kernels.py,turning_point_kernel,518,6be805b1284912f39c79196489f81e03715c195526ecf4c868579077cbc186e3,"njit(_TURNING_RETURN(_F1, int64, float64), cache=True, nogil=True)",M5,pending_assessment,pending_trace,pending_baseline,pending_baseline
backend/historical_regimes/numba_kernels.py::merrill_clock_kernel,9b99048d188017816358f581a86b27df1c388161,backend/historical_regimes/numba_kernels.py,merrill_clock_kernel,613,6be805b1284912f39c79196489f81e03715c195526ecf4c868579077cbc186e3,"njit(_MERRILL_RETURN(_F1, _F1, int64, int64, int64, float64, float64, int64, int64), cache=True, nogil=True)",M5,pending_assessment,pending_trace,pending_baseline,pending_baseline
backend/historical_regimes/numba_kernels.py::valid_rows_kernel,9b99048d188017816358f581a86b27df1c388161,backend/historical_regimes/numba_kernels.py,valid_rows_kernel,738,6be805b1284912f39c79196489f81e03715c195526ecf4c868579077cbc186e3,"njit(_I1(_F2), cache=True, nogil=True)",M5,pending_assessment,pending_trace,pending_baseline,pending_baseline
backend/historical_regimes/numba_kernels.py::standardize_fit_kernel,9b99048d188017816358f581a86b27df1c388161,backend/historical_regimes/numba_kernels.py,standardize_fit_kernel,752,6be805b1284912f39c79196489f81e03715c195526ecf4c868579077cbc186e3,"njit(_STANDARDIZE_RETURN(_F2), cache=True, nogil=True)",M5,pending_assessment,pending_trace,pending_baseline,pending_baseline
backend/historical_regimes/numba_kernels.py::apply_standardization_kernel,9b99048d188017816358f581a86b27df1c388161,backend/historical_regimes/numba_kernels.py,apply_standardization_kernel,781,6be805b1284912f39c79196489f81e03715c195526ecf4c868579077cbc186e3,"njit(_F2(_F2, _F1, _F1), cache=True, nogil=True)",M5,pending_assessment,pending_trace,pending_baseline,pending_baseline
backend/historical_regimes/numba_kernels.py::_logsumexp_vector,9b99048d188017816358f581a86b27df1c388161,backend/historical_regimes/numba_kernels.py,_logsumexp_vector,798,6be805b1284912f39c79196489f81e03715c195526ecf4c868579077cbc186e3,"njit(cache=True, nogil=True, inline='always')",M5,pending_assessment,pending_trace,pending_baseline,pending_baseline
backend/historical_regimes/numba_kernels.py::_gaussian_log_density_impl,9b99048d188017816358f581a86b27df1c388161,backend/historical_regimes/numba_kernels.py,_gaussian_log_density_impl,812,6be805b1284912f39c79196489f81e03715c195526ecf4c868579077cbc186e3,"njit(cache=True, nogil=True)",M5,pending_assessment,pending_trace,pending_baseline,pending_baseline
backend/historical_regimes/numba_kernels.py::initialize_gaussian_means_kernel,9b99048d188017816358f581a86b27df1c388161,backend/historical_regimes/numba_kernels.py,initialize_gaussian_means_kernel,841,6be805b1284912f39c79196489f81e03715c195526ecf4c868579077cbc186e3,"njit(_F2(_F2, int64, int64, int64, _F2), cache=True, nogil=True)",M5,pending_assessment,pending_trace,pending_baseline,pending_baseline
backend/historical_regimes/numba_kernels.py::gmm_fit_kernel,9b99048d188017816358f581a86b27df1c388161,backend/historical_regimes/numba_kernels.py,gmm_fit_kernel,904,6be805b1284912f39c79196489f81e03715c195526ecf4c868579077cbc186e3,"njit(_GMM_FIT_RETURN(_F2, int64, int64, _F2), cache=True, nogil=True)",M5,pending_assessment,pending_trace,pending_baseline,pending_baseline
backend/historical_regimes/numba_kernels.py::gmm_posterior_kernel,9b99048d188017816358f581a86b27df1c388161,backend/historical_regimes/numba_kernels.py,gmm_posterior_kernel,985,6be805b1284912f39c79196489f81e03715c195526ecf4c868579077cbc186e3,"njit(_F2(_F2, _F1, _F2, _F2), cache=True, nogil=True)",M5,pending_assessment,pending_trace,pending_baseline,pending_baseline
backend/historical_regimes/numba_kernels.py::markov_fit_kernel,9b99048d188017816358f581a86b27df1c388161,backend/historical_regimes/numba_kernels.py,markov_fit_kernel,1008,6be805b1284912f39c79196489f81e03715c195526ecf4c868579077cbc186e3,"njit(_HMM_FIT_RETURN(_F2, int64, int64, _F2), cache=True, nogil=True)",M5,pending_assessment,pending_trace,pending_baseline,pending_baseline
backend/historical_regimes/numba_kernels.py::hmm_fit_kernel,9b99048d188017816358f581a86b27df1c388161,backend/historical_regimes/numba_kernels.py,hmm_fit_kernel,1051,6be805b1284912f39c79196489f81e03715c195526ecf4c868579077cbc186e3,"njit(_HMM_FIT_RETURN(_F2, int64, int64, _F2), cache=True, nogil=True)",M5,pending_assessment,pending_trace,pending_baseline,pending_baseline
backend/historical_regimes/numba_kernels.py::hmm_smoothed_posterior_kernel,9b99048d188017816358f581a86b27df1c388161,backend/historical_regimes/numba_kernels.py,hmm_smoothed_posterior_kernel,1206,6be805b1284912f39c79196489f81e03715c195526ecf4c868579077cbc186e3,"njit(_F2(_F2, _F1, _F2, _F2, _F2), cache=True, nogil=True)",M5,pending_assessment,pending_trace,pending_baseline,pending_baseline
backend/historical_regimes/numba_kernels.py::hmm_filtered_posterior_kernel,9b99048d188017816358f581a86b27df1c388161,backend/historical_regimes/numba_kernels.py,hmm_filtered_posterior_kernel,1262,6be805b1284912f39c79196489f81e03715c195526ecf4c868579077cbc186e3,"njit(_F2(_F2, _F2, _F1, _F2, _F2, _F2), cache=True, nogil=True)",M5,pending_assessment,pending_trace,pending_baseline,pending_baseline
backend/historical_regimes/numba_kernels.py::markov_smoothed_posterior_kernel,9b99048d188017816358f581a86b27df1c388161,backend/historical_regimes/numba_kernels.py,markov_smoothed_posterior_kernel,1310,6be805b1284912f39c79196489f81e03715c195526ecf4c868579077cbc186e3,"njit(_F2(_F2, _F1, _F2, _F2, _F2), cache=True, nogil=True)",M5,pending_assessment,pending_trace,pending_baseline,pending_baseline
backend/historical_regimes/numba_kernels.py::markov_filtered_posterior_kernel,9b99048d188017816358f581a86b27df1c388161,backend/historical_regimes/numba_kernels.py,markov_filtered_posterior_kernel,1329,6be805b1284912f39c79196489f81e03715c195526ecf4c868579077cbc186e3,"njit(_F2(_F2, _F2, _F1, _F2, _F2, _F2), cache=True, nogil=True)",M5,pending_assessment,pending_trace,pending_baseline,pending_baseline
backend/historical_regimes/numba_kernels.py::posterior_assignment_kernel,9b99048d188017816358f581a86b27df1c388161,backend/historical_regimes/numba_kernels.py,posterior_assignment_kernel,1353,6be805b1284912f39c79196489f81e03715c195526ecf4c868579077cbc186e3,"njit(_ASSIGN_RETURN(_F2), cache=True, nogil=True)",M5,pending_assessment,pending_trace,pending_baseline,pending_baseline
backend/historical_regimes/numba_kernels.py::component_order_kernel,9b99048d188017816358f581a86b27df1c388161,backend/historical_regimes/numba_kernels.py,component_order_kernel,1370,6be805b1284912f39c79196489f81e03715c195526ecf4c868579077cbc186e3,"njit(_I1(_F2), cache=True, nogil=True)",M5,pending_assessment,pending_trace,pending_baseline,pending_baseline
backend/historical_regimes/numba_kernels.py::change_point_kernel,9b99048d188017816358f581a86b27df1c388161,backend/historical_regimes/numba_kernels.py,change_point_kernel,1382,6be805b1284912f39c79196489f81e03715c195526ecf4c868579077cbc186e3,"njit(_CHANGE_RETURN(_F1, int64, float64, int64, boolean), cache=True, nogil=True)",M5,pending_assessment,pending_trace,pending_baseline,pending_baseline
backend/historical_regimes/numba_kernels.py::ensemble_consensus_kernel,9b99048d188017816358f581a86b27df1c388161,backend/historical_regimes/numba_kernels.py,ensemble_consensus_kernel,1482,6be805b1284912f39c79196489f81e03715c195526ecf4c868579077cbc186e3,"njit(_ENSEMBLE_RETURN(_I2, _F1, _F2, _F2, _I2, int64, float64), cache=True, nogil=True)",M5,pending_assessment,pending_trace,pending_baseline,pending_baseline
backend/historical_regimes/numba_kernels.py::path_metrics_kernel,9b99048d188017816358f581a86b27df1c388161,backend/historical_regimes/numba_kernels.py,path_metrics_kernel,1555,6be805b1284912f39c79196489f81e03715c195526ecf4c868579077cbc186e3,"njit(_F1(_F1, int64), cache=True, nogil=True)",M5,pending_assessment,pending_trace,pending_baseline,pending_baseline
backend/historical_regimes/numba_kernels.py::conditional_statistics_kernel,9b99048d188017816358f581a86b27df1c388161,backend/historical_regimes/numba_kernels.py,conditional_statistics_kernel,1614,6be805b1284912f39c79196489f81e03715c195526ecf4c868579077cbc186e3,"njit(_F2(_F1, _I1, int64, int64), cache=True, nogil=True)",M5,pending_assessment,pending_trace,pending_baseline,pending_baseline
backend/historical_regimes/numba_kernels.py::transition_matrix_kernel,9b99048d188017816358f581a86b27df1c388161,backend/historical_regimes/numba_kernels.py,transition_matrix_kernel,1688,6be805b1284912f39c79196489f81e03715c195526ecf4c868579077cbc186e3,"njit(_TRANSITION_RETURN(_I1, int64), cache=True, nogil=True)",M5,pending_assessment,pending_trace,pending_baseline,pending_baseline
backend/historical_regimes/numba_kernels.py::prefix_stability_kernel,9b99048d188017816358f581a86b27df1c388161,backend/historical_regimes/numba_kernels.py,prefix_stability_kernel,1710,6be805b1284912f39c79196489f81e03715c195526ecf4c868579077cbc186e3,"njit(_F1(_I1, _I1), cache=True, nogil=True)",M5,pending_assessment,pending_trace,pending_baseline,pending_baseline
backend/historical_regimes/numba_kernels.py::label_flip_kernel,9b99048d188017816358f581a86b27df1c388161,backend/historical_regimes/numba_kernels.py,label_flip_kernel,1732,6be805b1284912f39c79196489f81e03715c195526ecf4c868579077cbc186e3,"njit(int64(_I1), cache=True, nogil=True)",M5,pending_assessment,pending_trace,pending_baseline,pending_baseline
backend/historical_regimes/numba_kernels.py::finite_mean_kernel,9b99048d188017816358f581a86b27df1c388161,backend/historical_regimes/numba_kernels.py,finite_mean_kernel,1745,6be805b1284912f39c79196489f81e03715c195526ecf4c868579077cbc186e3,"njit(float64(_F1), cache=True, nogil=True)",M5,pending_assessment,pending_trace,pending_baseline,pending_baseline
backend/historical_regimes/numba_kernels.py::state_counts_kernel,9b99048d188017816358f581a86b27df1c388161,backend/historical_regimes/numba_kernels.py,state_counts_kernel,1756,6be805b1284912f39c79196489f81e03715c195526ecf4c868579077cbc186e3,"njit(_I1(_I1, int64), cache=True, nogil=True)",M5,pending_assessment,pending_trace,pending_baseline,pending_baseline
backend/historical_regimes/numba_kernels.py::label_summary_kernel,9b99048d188017816358f581a86b27df1c388161,backend/historical_regimes/numba_kernels.py,label_summary_kernel,1765,6be805b1284912f39c79196489f81e03715c195526ecf4c868579077cbc186e3,"njit(_F1(_I1), cache=True, nogil=True)",M5,pending_assessment,pending_trace,pending_baseline,pending_baseline
backend/historical_regimes/numba_kernels.py::comparison_pair_kernel,9b99048d188017816358f581a86b27df1c388161,backend/historical_regimes/numba_kernels.py,comparison_pair_kernel,1785,6be805b1284912f39c79196489f81e03715c195526ecf4c868579077cbc186e3,"njit(_F1(_I1, _I1), cache=True, nogil=True)",M5,pending_assessment,pending_trace,pending_baseline,pending_baseline
backend/historical_regimes/numba_kernels.py::validation_windows_kernel,9b99048d188017816358f581a86b27df1c388161,backend/historical_regimes/numba_kernels.py,validation_windows_kernel,1850,6be805b1284912f39c79196489f81e03715c195526ecf4c868579077cbc186e3,"njit(_VALIDATION_WINDOWS_RESULT(int64, int64), cache=True, nogil=True)",M5,pending_assessment,pending_trace,pending_baseline,pending_baseline
backend/historical_regimes/numba_kernels.py::integer_sum_kernel,9b99048d188017816358f581a86b27df1c388161,backend/historical_regimes/numba_kernels.py,integer_sum_kernel,1879,6be805b1284912f39c79196489f81e03715c195526ecf4c868579077cbc186e3,"njit(int64(_I1), cache=True, nogil=True)",M5,pending_assessment,pending_trace,pending_baseline,pending_baseline
backend/historical_regimes/numba_kernels.py::predecessor_count_kernel,9b99048d188017816358f581a86b27df1c388161,backend/historical_regimes/numba_kernels.py,predecessor_count_kernel,1887,6be805b1284912f39c79196489f81e03715c195526ecf4c868579077cbc186e3,"njit(int64(int64), cache=True, nogil=True)",M5,pending_assessment,pending_trace,pending_baseline,pending_baseline
backend/historical_regimes/numba_kernels.py::perturb_scalar_kernel,9b99048d188017816358f581a86b27df1c388161,backend/historical_regimes/numba_kernels.py,perturb_scalar_kernel,1892,6be805b1284912f39c79196489f81e03715c195526ecf4c868579077cbc186e3,"njit(float64(float64, float64, float64, uint8), cache=True, nogil=True)",M5,pending_assessment,pending_trace,pending_baseline,pending_baseline
backend/historical_regimes/numba_kernels.py::conflict_rate_kernel,9b99048d188017816358f581a86b27df1c388161,backend/historical_regimes/numba_kernels.py,conflict_rate_kernel,1905,6be805b1284912f39c79196489f81e03715c195526ecf4c868579077cbc186e3,"njit(float64(int64, int64), cache=True, nogil=True)",M5,pending_assessment,pending_trace,pending_baseline,pending_baseline
backend/historical_regimes/numba_kernels.py::row_disagreement_kernel,9b99048d188017816358f581a86b27df1c388161,backend/historical_regimes/numba_kernels.py,row_disagreement_kernel,1917,6be805b1284912f39c79196489f81e03715c195526ecf4c868579077cbc186e3,"njit(_U1(_I2), cache=True, nogil=True)",M5,pending_assessment,pending_trace,pending_baseline,pending_baseline
backend/historical_regimes/peak_trough_numba.py::_remove_turn,9b99048d188017816358f581a86b27df1c388161,backend/historical_regimes/peak_trough_numba.py,_remove_turn,22,9868e36f68bf948b7b4b166c0fb42d6e4b9d65163ed04e4594f87e1aa04fba3a,"njit(int64(I, I, int64, int64), cache=True)",M2,pending_assessment,pending_trace,pending_baseline,pending_baseline
backend/historical_regimes/peak_trough_numba.py::_alternate_turns,9b99048d188017816358f581a86b27df1c388161,backend/historical_regimes/peak_trough_numba.py,_alternate_turns,29,9868e36f68bf948b7b4b166c0fb42d6e4b9d65163ed04e4594f87e1aa04fba3a,"njit(int64(F, I, I, int64), cache=True)",M2,pending_assessment,pending_trace,pending_baseline,pending_baseline
backend/historical_regimes/peak_trough_numba.py::ps_filter_pivots_kernel,9b99048d188017816358f581a86b27df1c388161,backend/historical_regimes/peak_trough_numba.py,ps_filter_pivots_kernel,43,9868e36f68bf948b7b4b166c0fb42d6e4b9d65163ed04e4594f87e1aa04fba3a,"njit(types.Tuple((F, F))(F, F, int64, int64, float64), cache=True)",M2,pending_assessment,pending_trace,pending_baseline,pending_baseline
backend/historical_regimes/peak_trough_numba.py::peak_trough_asymmetric_kernel,9b99048d188017816358f581a86b27df1c388161,backend/historical_regimes/peak_trough_numba.py,peak_trough_asymmetric_kernel,124,9868e36f68bf948b7b4b166c0fb42d6e4b9d65163ed04e4594f87e1aa04fba3a,"njit(RESULT(F, int64, int64, int64, int64, int64, int64, float64), cache=True)",M2,pending_assessment,pending_trace,pending_baseline,pending_baseline
backend/historical_regimes/peak_trough_numba.py::peak_trough_kernel,9b99048d188017816358f581a86b27df1c388161,backend/historical_regimes/peak_trough_numba.py,peak_trough_kernel,137,9868e36f68bf948b7b4b166c0fb42d6e4b9d65163ed04e4594f87e1aa04fba3a,"njit(RESULT(F, int64, int64, int64, int64, float64), cache=True)",M2,pending_assessment,pending_trace,pending_baseline,pending_baseline
backend/historical_regimes/peak_trough_numba.py::retrospective_dating_timing_kernel,9b99048d188017816358f581a86b27df1c388161,backend/historical_regimes/peak_trough_numba.py,retrospective_dating_timing_kernel,144,9868e36f68bf948b7b4b166c0fb42d6e4b9d65163ed04e4594f87e1aa04fba3a,"njit(TIMING(I, I), cache=True)",M2,pending_assessment,pending_trace,pending_baseline,pending_baseline
backend/historical_regimes/peak_trough_numba.py::peak_trough_sideways_kernel,9b99048d188017816358f581a86b27df1c388161,backend/historical_regimes/peak_trough_numba.py,peak_trough_sideways_kernel,158,9868e36f68bf948b7b4b166c0fb42d6e4b9d65163ed04e4594f87e1aa04fba3a,"njit(SIDEWAYS(F, I, I, I, int64, int64, int64, float64, float64, float64, int64), cache=True)",M2,pending_assessment,pending_trace,pending_baseline,pending_baseline
backend/historical_regimes/reliability/bootstrap.py::bootstrap_kernel,9b99048d188017816358f581a86b27df1c388161,backend/historical_regimes/reliability/bootstrap.py,bootstrap_kernel,20,1d6a52d792d664f92272f793b75e1ceecede14752c3ee6b78661554c029f7b7a,njit(cache=True),M5,pending_assessment,pending_trace,pending_baseline,pending_baseline
backend/historical_regimes/reliability/diagnostic_kernels.py::quality_kernel,9b99048d188017816358f581a86b27df1c388161,backend/historical_regimes/reliability/diagnostic_kernels.py,quality_kernel,12,a6fd18dfe238455339824c605487a39f13160da6d7cc23467b5e6b7ce8a37122,njit(cache=True),M5,pending_assessment,pending_trace,pending_baseline,pending_baseline
backend/historical_regimes/reliability/diagnostic_kernels.py::horizon_profile_kernel,9b99048d188017816358f581a86b27df1c388161,backend/historical_regimes/reliability/diagnostic_kernels.py,horizon_profile_kernel,67,a6fd18dfe238455339824c605487a39f13160da6d7cc23467b5e6b7ce8a37122,njit(cache=True),M5,pending_assessment,pending_trace,pending_baseline,pending_baseline
backend/historical_regimes/reliability/diagnostic_kernels.py::compare_kernel,9b99048d188017816358f581a86b27df1c388161,backend/historical_regimes/reliability/diagnostic_kernels.py,compare_kernel,127,a6fd18dfe238455339824c605487a39f13160da6d7cc23467b5e6b7ce8a37122,njit(cache=True),M5,pending_assessment,pending_trace,pending_baseline,pending_baseline
backend/historical_regimes/reliability/diagnostic_kernels.py::evidence_kernel,9b99048d188017816358f581a86b27df1c388161,backend/historical_regimes/reliability/diagnostic_kernels.py,evidence_kernel,178,a6fd18dfe238455339824c605487a39f13160da6d7cc23467b5e6b7ce8a37122,njit(cache=True),M5,pending_assessment,pending_trace,pending_baseline,pending_baseline
backend/historical_regimes/reliability/diagnostic_kernels.py::integer_step_kernel,9b99048d188017816358f581a86b27df1c388161,backend/historical_regimes/reliability/diagnostic_kernels.py,integer_step_kernel,210,a6fd18dfe238455339824c605487a39f13160da6d7cc23467b5e6b7ce8a37122,njit(cache=True),M5,pending_assessment,pending_trace,pending_baseline,pending_baseline
backend/historical_regimes/reliability/kernels.py::align_kernel,9b99048d188017816358f581a86b27df1c388161,backend/historical_regimes/reliability/kernels.py,align_kernel,15,fc11fc33dce889145930dd3c62629df6d14fac3c5d50de9b43c4a9fa5254de73,njit(cache=True),M5,pending_assessment,pending_trace,pending_baseline,pending_baseline
backend/historical_regimes/reliability/kernels.py::classification_kernel,9b99048d188017816358f581a86b27df1c388161,backend/historical_regimes/reliability/kernels.py,classification_kernel,27,fc11fc33dce889145930dd3c62629df6d14fac3c5d50de9b43c4a9fa5254de73,njit(cache=True),M5,pending_assessment,pending_trace,pending_baseline,pending_baseline
backend/historical_regimes/reliability/kernels.py::state_evidence_kernel,9b99048d188017816358f581a86b27df1c388161,backend/historical_regimes/reliability/kernels.py,state_evidence_kernel,72,fc11fc33dce889145930dd3c62629df6d14fac3c5d50de9b43c4a9fa5254de73,njit(cache=True),M5,pending_assessment,pending_trace,pending_baseline,pending_baseline
backend/historical_regimes/reliability/kernels.py::events_kernel,9b99048d188017816358f581a86b27df1c388161,backend/historical_regimes/reliability/kernels.py,events_kernel,110,fc11fc33dce889145930dd3c62629df6d14fac3c5d50de9b43c4a9fa5254de73,njit(cache=True),M5,pending_assessment,pending_trace,pending_baseline,pending_baseline
backend/historical_regimes/reliability/kernels.py::apply_kernel,9b99048d188017816358f581a86b27df1c388161,backend/historical_regimes/reliability/kernels.py,apply_kernel,204,fc11fc33dce889145930dd3c62629df6d14fac3c5d50de9b43c4a9fa5254de73,"njit(types.Array(types.float64, 2, 'C')(I, F, F, types.float64, types.int64), cache=True)",M5,pending_assessment,pending_trace,pending_baseline,pending_baseline
backend/historical_regimes/reliability/kernels.py::calibrate_kernel,9b99048d188017816358f581a86b27df1c388161,backend/historical_regimes/reliability/kernels.py,calibrate_kernel,229,fc11fc33dce889145930dd3c62629df6d14fac3c5d50de9b43c4a9fa5254de73,njit(cache=True),M5,pending_assessment,pending_trace,pending_baseline,pending_baseline
backend/historical_regimes/reliability/kernels.py::calibration_support_kernel,9b99048d188017816358f581a86b27df1c388161,backend/historical_regimes/reliability/kernels.py,calibration_support_kernel,268,fc11fc33dce889145930dd3c62629df6d14fac3c5d50de9b43c4a9fa5254de73,njit(cache=True),M5,pending_assessment,pending_trace,pending_baseline,pending_baseline
backend/historical_regimes/reliability/kernels.py::probability_kernel,9b99048d188017816358f581a86b27df1c388161,backend/historical_regimes/reliability/kernels.py,probability_kernel,293,fc11fc33dce889145930dd3c62629df6d14fac3c5d50de9b43c4a9fa5254de73,njit(cache=True),M5,pending_assessment,pending_trace,pending_baseline,pending_baseline
backend/historical_regimes/reliability/kernels.py::map_probability_kernel,9b99048d188017816358f581a86b27df1c388161,backend/historical_regimes/reliability/kernels.py,map_probability_kernel,333,fc11fc33dce889145930dd3c62629df6d14fac3c5d50de9b43c4a9fa5254de73,njit(cache=True),M5,pending_assessment,pending_trace,pending_baseline,pending_baseline
backend/historical_regimes/reliability/kernels.py::decision_kernel,9b99048d188017816358f581a86b27df1c388161,backend/historical_regimes/reliability/kernels.py,decision_kernel,352,fc11fc33dce889145930dd3c62629df6d14fac3c5d50de9b43c4a9fa5254de73,njit(cache=True),M5,pending_assessment,pending_trace,pending_baseline,pending_baseline
backend/historical_regimes/reliability/kernels.py::sample_kernel,9b99048d188017816358f581a86b27df1c388161,backend/historical_regimes/reliability/kernels.py,sample_kernel,363,fc11fc33dce889145930dd3c62629df6d14fac3c5d50de9b43c4a9fa5254de73,njit(cache=True),M5,pending_assessment,pending_trace,pending_baseline,pending_baseline
backend/historical_regimes/reliability/prospective_kernels.py::forward_blocks_kernel,9b99048d188017816358f581a86b27df1c388161,backend/historical_regimes/reliability/prospective_kernels.py,forward_blocks_kernel,15,e48d36467b84ed9921ca5b943765350d178a13712011d25d4023573aa8b19ea4,njit(cache=True),M5,pending_assessment,pending_trace,pending_baseline,pending_baseline
backend/historical_regimes/result_overview.py::overview_segments_kernel,9b99048d188017816358f581a86b27df1c388161,backend/historical_regimes/result_overview.py,overview_segments_kernel,20,5177f9c08fd9768b5bb8a30378d8b8eaa47d9362d673e6657dc55a4cbbd4c09f,"njit(_SEGMENTS_RESULT(_I64, int64), cache=True)",M2,pending_assessment,pending_trace,pending_baseline,pending_baseline
backend/historical_regimes/segment_numba.py::local_extrema_kernel,9b99048d188017816358f581a86b27df1c388161,backend/historical_regimes/segment_numba.py,local_extrema_kernel,12,bbec831b0bd1440ef02f96d3815670b787cdbd1865f874348043ab423f3571b5,"njit(types.Tuple((F, F))(F, int64, int64, int64, int64), cache=True)",M2,pending_assessment,pending_trace,pending_baseline,pending_baseline
backend/historical_regimes/segment_numba.py::between_pivots_kernel,9b99048d188017816358f581a86b27df1c388161,backend/historical_regimes/segment_numba.py,between_pivots_kernel,49,bbec831b0bd1440ef02f96d3815670b787cdbd1865f874348043ab423f3571b5,"njit(types.Tuple((I, I))(F), cache=True)",M2,pending_assessment,pending_trace,pending_baseline,pending_baseline
backend/historical_regimes/segment_numba.py::interval_statistic_kernel,9b99048d188017816358f581a86b27df1c388161,backend/historical_regimes/segment_numba.py,interval_statistic_kernel,68,bbec831b0bd1440ef02f96d3815670b787cdbd1865f874348043ab423f3571b5,"njit(F(F, I, I, int64, int64), cache=True)",M2,pending_assessment,pending_trace,pending_baseline,pending_baseline
backend/historical_regimes/segment_numba.py::range_threshold_kernel,9b99048d188017816358f581a86b27df1c388161,backend/historical_regimes/segment_numba.py,range_threshold_kernel,123,bbec831b0bd1440ef02f96d3815670b787cdbd1865f874348043ab423f3571b5,"njit(types.Tuple((I, int64))(F, F, F), cache=True)",M2,pending_assessment,pending_trace,pending_baseline,pending_baseline
backend/historical_regimes/segment_numba.py::phase_direction_kernel,9b99048d188017816358f581a86b27df1c388161,backend/historical_regimes/segment_numba.py,phase_direction_kernel,140,bbec831b0bd1440ef02f96d3815670b787cdbd1865f874348043ab423f3571b5,"njit(I(F, I, I), cache=True)",M2,pending_assessment,pending_trace,pending_baseline,pending_baseline
backend/historical_regimes/segment_numba.py::drawdown_cycle_reference_kernel,9b99048d188017816358f581a86b27df1c388161,backend/historical_regimes/segment_numba.py,drawdown_cycle_reference_kernel,154,bbec831b0bd1440ef02f96d3815670b787cdbd1865f874348043ab423f3571b5,"njit(I(READONLY_I, READONLY_F, READONLY_I, READONLY_I, float64), cache=True)",M2,pending_assessment,pending_trace,pending_baseline,pending_baseline
backend/historical_regimes/segment_numba.py::drawdown_cycle_realtime_kernel,9b99048d188017816358f581a86b27df1c388161,backend/historical_regimes/segment_numba.py,drawdown_cycle_realtime_kernel,208,bbec831b0bd1440ef02f96d3815670b787cdbd1865f874348043ab423f3571b5,"njit(I(READONLY_F, int64, float64, float64, float64), cache=True)",M2,pending_assessment,pending_trace,pending_baseline,pending_baseline
backend/historical_regimes/segment_numba.py::boundary_line_kernel,9b99048d188017816358f581a86b27df1c388161,backend/historical_regimes/segment_numba.py,boundary_line_kernel,267,bbec831b0bd1440ef02f96d3815670b787cdbd1865f874348043ab423f3571b5,"njit(F(F, I, I), cache=True)",M2,pending_assessment,pending_trace,pending_baseline,pending_baseline
backend/historical_regimes/taa.py::_taa_recursive_kernel,9b99048d188017816358f581a86b27df1c388161,backend/historical_regimes/taa.py,_taa_recursive_kernel,55,7f6119e458a0a1f5980404dea64b3b2cec49d1bcbd3002506ae289059f64bfcb,"njit(_TAA_RECURSIVE_SIGNATURE, cache=True, nogil=True)",M8,pending_assessment,pending_trace,pending_baseline,pending_baseline
backend/historical_regimes/taa.py::_taa_path_kernel,9b99048d188017816358f581a86b27df1c388161,backend/historical_regimes/taa.py,_taa_path_kernel,249,7f6119e458a0a1f5980404dea64b3b2cec49d1bcbd3002506ae289059f64bfcb,"njit(_TAA_CORE_SIGNATURE, cache=True, nogil=True)",M8,pending_assessment,pending_trace,pending_baseline,pending_baseline
backend/historical_regimes/taa.py::_performance_kernel,9b99048d188017816358f581a86b27df1c388161,backend/historical_regimes/taa.py,_performance_kernel,267,7f6119e458a0a1f5980404dea64b3b2cec49d1bcbd3002506ae289059f64bfcb,"njit(_PERFORMANCE_SIGNATURE, cache=True, nogil=True)",M8,pending_assessment,pending_trace,pending_baseline,pending_baseline
backend/historical_regimes/taa.py::_normalize_probability_kernel,9b99048d188017816358f581a86b27df1c388161,backend/historical_regimes/taa.py,_normalize_probability_kernel,311,7f6119e458a0a1f5980404dea64b3b2cec49d1bcbd3002506ae289059f64bfcb,"njit(_PROBABILITY_SIGNATURE, cache=True, nogil=True)",M8,pending_assessment,pending_trace,pending_baseline,pending_baseline
backend/historical_regimes/taa.py::_weight_vector_validation_kernel,9b99048d188017816358f581a86b27df1c388161,backend/historical_regimes/taa.py,_weight_vector_validation_kernel,336,7f6119e458a0a1f5980404dea64b3b2cec49d1bcbd3002506ae289059f64bfcb,"njit(_VECTOR_VALIDATION_SIGNATURE, cache=True, nogil=True)",M8,pending_assessment,pending_trace,pending_baseline,pending_baseline
backend/historical_regimes/taa.py::_taa_output_validation_kernel,9b99048d188017816358f581a86b27df1c388161,backend/historical_regimes/taa.py,_taa_output_validation_kernel,381,7f6119e458a0a1f5980404dea64b3b2cec49d1bcbd3002506ae289059f64bfcb,"njit(_PATH_VALIDATION_SIGNATURE, cache=True, nogil=True)",M8,pending_assessment,pending_trace,pending_baseline,pending_baseline
backend/historical_regimes/trend_numba.py::super_smoother_kernel,9b99048d188017816358f581a86b27df1c388161,backend/historical_regimes/trend_numba.py,super_smoother_kernel,13,f1eea8a511ed556ba6e63d8374976571afc9688d781883b8de23c59a6f5a4d01,"njit(F(F, int64), cache=True)",M2,pending_assessment,pending_trace,pending_baseline,pending_baseline
backend/historical_regimes/trend_numba.py::kama_kernel,9b99048d188017816358f581a86b27df1c388161,backend/historical_regimes/trend_numba.py,kama_kernel,38,f1eea8a511ed556ba6e63d8374976571afc9688d781883b8de23c59a6f5a4d01,"njit(F(F, int64, int64, int64), cache=True)",M2,pending_assessment,pending_trace,pending_baseline,pending_baseline
backend/historical_regimes/trend_numba.py::trend_features_kernel,9b99048d188017816358f581a86b27df1c388161,backend/historical_regimes/trend_numba.py,trend_features_kernel,63,f1eea8a511ed556ba6e63d8374976571afc9688d781883b8de23c59a6f5a4d01,"njit(FEATURES(F, F, int64, int64, int64, float64, int64, float64, float64), cache=True)",M2,pending_assessment,pending_trace,pending_baseline,pending_baseline
backend/historical_regimes/trend_numba.py::trend_regime_kernel,9b99048d188017816358f581a86b27df1c388161,backend/historical_regimes/trend_numba.py,trend_regime_kernel,116,f1eea8a511ed556ba6e63d8374976571afc9688d781883b8de23c59a6f5a4d01,"njit(STATES(F, F, F, float64, float64, float64, float64, int64), cache=True)",M2,pending_assessment,pending_trace,pending_baseline,pending_baseline
backend/historical_regimes/trend_numba.py::merge_short_regimes_kernel,9b99048d188017816358f581a86b27df1c388161,backend/historical_regimes/trend_numba.py,merge_short_regimes_kernel,156,f1eea8a511ed556ba6e63d8374976571afc9688d781883b8de23c59a6f5a4d01,"njit(I(I, F, int64, float64, int64), cache=True)",M2,pending_assessment,pending_trace,pending_baseline,pending_baseline
backend/historical_regimes/v2_numba.py::unary_transform_kernel,9b99048d188017816358f581a86b27df1c388161,backend/historical_regimes/v2_numba.py,unary_transform_kernel,37,cbbde14c1e7a6c1b8a0ee9255acea96c89b93440704a8b10173ecb69c2c19080,"njit(_F64(types.Array(float64, 1, 'A', readonly=True), int64, int64), cache=True)",M2,pending_assessment,pending_trace,pending_baseline,pending_baseline
backend/historical_regimes/v2_numba.py::binary_math_kernel,9b99048d188017816358f581a86b27df1c388161,backend/historical_regimes/v2_numba.py,binary_math_kernel,72,cbbde14c1e7a6c1b8a0ee9255acea96c89b93440704a8b10173ecb69c2c19080,"njit(_F64(_F64, _F64, int64), cache=True)",M2,pending_assessment,pending_trace,pending_baseline,pending_baseline
backend/historical_regimes/v2_numba.py::ema_kernel,9b99048d188017816358f581a86b27df1c388161,backend/historical_regimes/v2_numba.py,ema_kernel,93,cbbde14c1e7a6c1b8a0ee9255acea96c89b93440704a8b10173ecb69c2c19080,"njit(_F64(_F64, int64), cache=True)",M2,pending_assessment,pending_trace,pending_baseline,pending_baseline
backend/historical_regimes/v2_numba.py::rolling_kernel,9b99048d188017816358f581a86b27df1c388161,backend/historical_regimes/v2_numba.py,rolling_kernel,117,cbbde14c1e7a6c1b8a0ee9255acea96c89b93440704a8b10173ecb69c2c19080,"njit(_F64(_F64, int64, int64), cache=True)",M2,pending_assessment,pending_trace,pending_baseline,pending_baseline
backend/historical_regimes/v2_numba.py::threshold_state_kernel,9b99048d188017816358f581a86b27df1c388161,backend/historical_regimes/v2_numba.py,threshold_state_kernel,180,cbbde14c1e7a6c1b8a0ee9255acea96c89b93440704a8b10173ecb69c2c19080,"njit(_I64(_F64, float64, float64), cache=True)",M2,pending_assessment,pending_trace,pending_baseline,pending_baseline
backend/historical_regimes/v2_numba.py::hysteresis_state_kernel,9b99048d188017816358f581a86b27df1c388161,backend/historical_regimes/v2_numba.py,hysteresis_state_kernel,191,cbbde14c1e7a6c1b8a0ee9255acea96c89b93440704a8b10173ecb69c2c19080,"njit(_I64(_F64, float64, float64, float64, float64), cache=True)",M2,pending_assessment,pending_trace,pending_baseline,pending_baseline
backend/historical_regimes/v2_numba.py::quadrant_state_kernel,9b99048d188017816358f581a86b27df1c388161,backend/historical_regimes/v2_numba.py,quadrant_state_kernel,225,cbbde14c1e7a6c1b8a0ee9255acea96c89b93440704a8b10173ecb69c2c19080,"njit(_I64(_F64, _F64, float64, float64), cache=True)",M2,pending_assessment,pending_trace,pending_baseline,pending_baseline
backend/historical_regimes/v2_numba.py::confirmation_state_kernel,9b99048d188017816358f581a86b27df1c388161,backend/historical_regimes/v2_numba.py,confirmation_state_kernel,242,cbbde14c1e7a6c1b8a0ee9255acea96c89b93440704a8b10173ecb69c2c19080,"njit(_I64(_I64, int64, int64), cache=True)",M2,pending_assessment,pending_trace,pending_baseline,pending_baseline
backend/historical_regimes/v2_numba.py::state_probabilities_kernel,9b99048d188017816358f581a86b27df1c388161,backend/historical_regimes/v2_numba.py,state_probabilities_kernel,294,cbbde14c1e7a6c1b8a0ee9255acea96c89b93440704a8b10173ecb69c2c19080,"njit(_F64_2D(_I64, int64), cache=True)",M2,pending_assessment,pending_trace,pending_baseline,pending_baseline
backend/historical_regimes/v2_numba.py::state_confidence_kernel,9b99048d188017816358f581a86b27df1c388161,backend/historical_regimes/v2_numba.py,state_confidence_kernel,308,cbbde14c1e7a6c1b8a0ee9255acea96c89b93440704a8b10173ecb69c2c19080,"njit(_F64(_I64), cache=True)",M2,pending_assessment,pending_trace,pending_baseline,pending_baseline
backend/historical_regimes/v2_numba.py::state_count_kernel,9b99048d188017816358f581a86b27df1c388161,backend/historical_regimes/v2_numba.py,state_count_kernel,316,cbbde14c1e7a6c1b8a0ee9255acea96c89b93440704a8b10173ecb69c2c19080,"njit(_I64(_I64, int64), cache=True)",M2,pending_assessment,pending_trace,pending_baseline,pending_baseline
backend/historical_regimes/v2_numba.py::strict_intersection_indices_kernel,9b99048d188017816358f581a86b27df1c388161,backend/historical_regimes/v2_numba.py,strict_intersection_indices_kernel,337,cbbde14c1e7a6c1b8a0ee9255acea96c89b93440704a8b10173ecb69c2c19080,"njit(_ALIGN_SIGNATURE, cache=True)",M2,pending_assessment,pending_trace,pending_baseline,pending_baseline
backend/historical_regimes/v2_numba.py::take_float_kernel,9b99048d188017816358f581a86b27df1c388161,backend/historical_regimes/v2_numba.py,take_float_kernel,365,cbbde14c1e7a6c1b8a0ee9255acea96c89b93440704a8b10173ecb69c2c19080,"njit(_F64(_F64, _I64), cache=True)",M2,pending_assessment,pending_trace,pending_baseline,pending_baseline
backend/historical_regimes/v2_numba.py::take_int64_kernel,9b99048d188017816358f581a86b27df1c388161,backend/historical_regimes/v2_numba.py,take_int64_kernel,373,cbbde14c1e7a6c1b8a0ee9255acea96c89b93440704a8b10173ecb69c2c19080,"njit(_I64(_I64, _I64), cache=True)",M2,pending_assessment,pending_trace,pending_baseline,pending_baseline
backend/historical_regimes/v2_numba.py::maximum_int64_kernel,9b99048d188017816358f581a86b27df1c388161,backend/historical_regimes/v2_numba.py,maximum_int64_kernel,381,cbbde14c1e7a6c1b8a0ee9255acea96c89b93440704a8b10173ecb69c2c19080,"njit(_I64(_I64, _I64), cache=True)",M2,pending_assessment,pending_trace,pending_baseline,pending_baseline
backend/historical_regimes/v2_numba.py::left_align_float_kernel,9b99048d188017816358f581a86b27df1c388161,backend/historical_regimes/v2_numba.py,left_align_float_kernel,389,cbbde14c1e7a6c1b8a0ee9255acea96c89b93440704a8b10173ecb69c2c19080,"njit(_F64(_I64, _I64, _F64), cache=True)",M2,pending_assessment,pending_trace,pending_baseline,pending_baseline
backend/historical_regimes/v2_numba.py::drawdown_series_kernel,9b99048d188017816358f581a86b27df1c388161,backend/historical_regimes/v2_numba.py,drawdown_series_kernel,414,cbbde14c1e7a6c1b8a0ee9255acea96c89b93440704a8b10173ecb69c2c19080,"njit(_F64(_F64), cache=True)",M2,pending_assessment,pending_trace,pending_baseline,pending_baseline
backend/historical_regimes/v2_numba.py::kalman_filter_kernel,9b99048d188017816358f581a86b27df1c388161,backend/historical_regimes/v2_numba.py,kalman_filter_kernel,429,cbbde14c1e7a6c1b8a0ee9255acea96c89b93440704a8b10173ecb69c2c19080,"njit(_F64(_F64, float64, float64), cache=True)",M2,pending_assessment,pending_trace,pending_baseline,pending_baseline
backend/historical_regimes/v2_numba.py::clip_kernel,9b99048d188017816358f581a86b27df1c388161,backend/historical_regimes/v2_numba.py,clip_kernel,458,cbbde14c1e7a6c1b8a0ee9255acea96c89b93440704a8b10173ecb69c2c19080,"njit(_F64(_F64, float64, float64), cache=True)",M2,pending_assessment,pending_trace,pending_baseline,pending_baseline
backend/historical_regimes/v2_numba.py::constant_like_kernel,9b99048d188017816358f581a86b27df1c388161,backend/historical_regimes/v2_numba.py,constant_like_kernel,474,cbbde14c1e7a6c1b8a0ee9255acea96c89b93440704a8b10173ecb69c2c19080,"njit(_F64(_F64, float64), cache=True)",M2,pending_assessment,pending_trace,pending_baseline,pending_baseline
backend/historical_regimes/v2_numba.py::resample_positions_kernel,9b99048d188017816358f581a86b27df1c388161,backend/historical_regimes/v2_numba.py,resample_positions_kernel,482,cbbde14c1e7a6c1b8a0ee9255acea96c89b93440704a8b10173ecb69c2c19080,"njit(_I64(int64, int64, int64), cache=True)",M2,pending_assessment,pending_trace,pending_baseline,pending_baseline
backend/historical_regimes/v2_numba.py::calendar_bucket_kernel,9b99048d188017816358f581a86b27df1c388161,backend/historical_regimes/v2_numba.py,calendar_bucket_kernel,499,cbbde14c1e7a6c1b8a0ee9255acea96c89b93440704a8b10173ecb69c2c19080,"njit(int64(int64, int64), cache=True)",M2,pending_assessment,pending_trace,pending_baseline,pending_baseline
backend/historical_regimes/v2_numba.py::calendar_resample_kernel,9b99048d188017816358f581a86b27df1c388161,backend/historical_regimes/v2_numba.py,calendar_resample_kernel,539,cbbde14c1e7a6c1b8a0ee9255acea96c89b93440704a8b10173ecb69c2c19080,"njit(_CALENDAR_RESAMPLE_SIGNATURE, cache=True)",M2,pending_assessment,pending_trace,pending_baseline,pending_baseline
backend/historical_regimes/v2_numba.py::disagreement_spans_kernel,9b99048d188017816358f581a86b27df1c388161,backend/historical_regimes/v2_numba.py,disagreement_spans_kernel,610,cbbde14c1e7a6c1b8a0ee9255acea96c89b93440704a8b10173ecb69c2c19080,"njit(_I64_2D(_I64, _I64), cache=True)",M2,pending_assessment,pending_trace,pending_baseline,pending_baseline
backend/historical_regimes/v2_numba.py::pit_asof_positions_kernel,9b99048d188017816358f581a86b27df1c388161,backend/historical_regimes/v2_numba.py,pit_asof_positions_kernel,638,cbbde14c1e7a6c1b8a0ee9255acea96c89b93440704a8b10173ecb69c2c19080,"njit(_I64(_I64, _I64, int64), cache=True)",M2,pending_assessment,pending_trace,pending_baseline,pending_baseline
backend/historical_regimes/v2_numba.py::stable_time_order_kernel,9b99048d188017816358f581a86b27df1c388161,backend/historical_regimes/v2_numba.py,stable_time_order_kernel,663,cbbde14c1e7a6c1b8a0ee9255acea96c89b93440704a8b10173ecb69c2c19080,"njit(_I64(_I64), cache=True)",M2,pending_assessment,pending_trace,pending_baseline,pending_baseline
backend/historical_regimes/v2_numba.py::take_float_or_nan_kernel,9b99048d188017816358f581a86b27df1c388161,backend/historical_regimes/v2_numba.py,take_float_or_nan_kernel,704,cbbde14c1e7a6c1b8a0ee9255acea96c89b93440704a8b10173ecb69c2c19080,"njit(_F64(_F64, _I64), cache=True)",M2,pending_assessment,pending_trace,pending_baseline,pending_baseline
backend/historical_regimes/v2_numba.py::aligned_available_kernel,9b99048d188017816358f581a86b27df1c388161,backend/historical_regimes/v2_numba.py,aligned_available_kernel,713,cbbde14c1e7a6c1b8a0ee9255acea96c89b93440704a8b10173ecb69c2c19080,"njit(_I64(_I64, _I64, _I64), cache=True)",M2,pending_assessment,pending_trace,pending_baseline,pending_baseline
backend/historical_regimes/v2_numba.py::feature_matrix_kernel,9b99048d188017816358f581a86b27df1c388161,backend/historical_regimes/v2_numba.py,feature_matrix_kernel,727,cbbde14c1e7a6c1b8a0ee9255acea96c89b93440704a8b10173ecb69c2c19080,"njit(_F64_2D(_F64, _F64, _F64, _F64, int64), cache=True)",M2,pending_assessment,pending_trace,pending_baseline,pending_baseline
backend/historical_regimes/v2_numba.py::formula_feature_kernel,9b99048d188017816358f581a86b27df1c388161,backend/historical_regimes/v2_numba.py,formula_feature_kernel,752,cbbde14c1e7a6c1b8a0ee9255acea96c89b93440704a8b10173ecb69c2c19080,"njit(_F64(_F64, _F64, _F64, _F64, _F64, int64, int64, float64), cache=True)",M2,pending_assessment,pending_trace,pending_baseline,pending_baseline
backend/historical_regimes/v2_numba.py::finite_row_positions_kernel,9b99048d188017816358f581a86b27df1c388161,backend/historical_regimes/v2_numba.py,finite_row_positions_kernel,786,cbbde14c1e7a6c1b8a0ee9255acea96c89b93440704a8b10173ecb69c2c19080,"njit(_I64(_F64_2D), cache=True)",M2,pending_assessment,pending_trace,pending_baseline,pending_baseline
backend/historical_regimes/v2_numba.py::split_positions_at_available_kernel,9b99048d188017816358f581a86b27df1c388161,backend/historical_regimes/v2_numba.py,split_positions_at_available_kernel,802,cbbde14c1e7a6c1b8a0ee9255acea96c89b93440704a8b10173ecb69c2c19080,"njit(_POSITION_SPLIT, cache=True)",M2,pending_assessment,pending_trace,pending_baseline,pending_baseline
backend/historical_regimes/v2_numba.py::take_matrix_rows_kernel,9b99048d188017816358f581a86b27df1c388161,backend/historical_regimes/v2_numba.py,take_matrix_rows_kernel,829,cbbde14c1e7a6c1b8a0ee9255acea96c89b93440704a8b10173ecb69c2c19080,"njit(_F64_2D(_F64_2D, _I64), cache=True)",M2,pending_assessment,pending_trace,pending_baseline,pending_baseline
backend/historical_regimes/v2_numba.py::matrix_column_kernel,9b99048d188017816358f581a86b27df1c388161,backend/historical_regimes/v2_numba.py,matrix_column_kernel,838,cbbde14c1e7a6c1b8a0ee9255acea96c89b93440704a8b10173ecb69c2c19080,"njit(_F64(_F64_2D, int64), cache=True)",M2,pending_assessment,pending_trace,pending_baseline,pending_baseline
backend/historical_regimes/v2_numba.py::scatter_component_model_kernel,9b99048d188017816358f581a86b27df1c388161,backend/historical_regimes/v2_numba.py,scatter_component_model_kernel,854,cbbde14c1e7a6c1b8a0ee9255acea96c89b93440704a8b10173ecb69c2c19080,"njit(_SCATTER_MODEL_SIGNATURE, cache=True)",M2,pending_assessment,pending_trace,pending_baseline,pending_baseline
backend/historical_regimes/v2_numba.py::ensemble_state_kernel,9b99048d188017816358f581a86b27df1c388161,backend/historical_regimes/v2_numba.py,ensemble_state_kernel,892,cbbde14c1e7a6c1b8a0ee9255acea96c89b93440704a8b10173ecb69c2c19080,"njit(_ENSEMBLE_SIMPLE_SIGNATURE, cache=True)",M2,pending_assessment,pending_trace,pending_baseline,pending_baseline
backend/historical_regimes/v2_numba.py::component_map_kernel,9b99048d188017816358f581a86b27df1c388161,backend/historical_regimes/v2_numba.py,component_map_kernel,935,cbbde14c1e7a6c1b8a0ee9255acea96c89b93440704a8b10173ecb69c2c19080,"njit(_I64(_I64, _I64), cache=True)",M2,pending_assessment,pending_trace,pending_baseline,pending_baseline
backend/historical_regimes/v2_numba.py::combine_states_kernel,9b99048d188017816358f581a86b27df1c388161,backend/historical_regimes/v2_numba.py,combine_states_kernel,945,cbbde14c1e7a6c1b8a0ee9255acea96c89b93440704a8b10173ecb69c2c19080,"njit(_I64(_I64, _I64, int64), cache=True)",M2,pending_assessment,pending_trace,pending_baseline,pending_baseline
backend/historical_regimes/v2_numba.py::confidence_gate_kernel,9b99048d188017816358f581a86b27df1c388161,backend/historical_regimes/v2_numba.py,confidence_gate_kernel,958,cbbde14c1e7a6c1b8a0ee9255acea96c89b93440704a8b10173ecb69c2c19080,"njit(_I64(_I64, _F64, float64), cache=True)",M2,pending_assessment,pending_trace,pending_baseline,pending_baseline
backend/historical_regimes/v2_numba.py::temporal_output_kernel,9b99048d188017816358f581a86b27df1c388161,backend/historical_regimes/v2_numba.py,temporal_output_kernel,970,cbbde14c1e7a6c1b8a0ee9255acea96c89b93440704a8b10173ecb69c2c19080,"njit(_TEMPORAL_OUTPUT_SIGNATURE, cache=True)",M2,pending_assessment,pending_trace,pending_baseline,pending_baseline
backend/historical_regimes/v2_numba.py::effective_from_recognition_kernel,9b99048d188017816358f581a86b27df1c388161,backend/historical_regimes/v2_numba.py,effective_from_recognition_kernel,984,cbbde14c1e7a6c1b8a0ee9255acea96c89b93440704a8b10173ecb69c2c19080,"njit(_I64(_I64, _I64), cache=True)",M2,pending_assessment,pending_trace,pending_baseline,pending_baseline
backend/historical_regimes/v2_numba.py::recognition_delay_summary_kernel,9b99048d188017816358f581a86b27df1c388161,backend/historical_regimes/v2_numba.py,recognition_delay_summary_kernel,994,cbbde14c1e7a6c1b8a0ee9255acea96c89b93440704a8b10173ecb69c2c19080,"njit(_F64(_I64, _I64), cache=True)",M2,pending_assessment,pending_trace,pending_baseline,pending_baseline
backend/historical_regimes/v2_numba.py::probability_contract_kernel,9b99048d188017816358f581a86b27df1c388161,backend/historical_regimes/v2_numba.py,probability_contract_kernel,1026,cbbde14c1e7a6c1b8a0ee9255acea96c89b93440704a8b10173ecb69c2c19080,"njit(_F64(_F64_2D, _I64, int64), cache=True)",M2,pending_assessment,pending_trace,pending_baseline,pending_baseline
backend/historical_regimes/v2_numba.py::final_output_contract_kernel,9b99048d188017816358f581a86b27df1c388161,backend/historical_regimes/v2_numba.py,final_output_contract_kernel,1063,cbbde14c1e7a6c1b8a0ee9255acea96c89b93440704a8b10173ecb69c2c19080,"njit(_I64(_F64, _I64, _I64, _I64, _I64), cache=True)",M2,pending_assessment,pending_trace,pending_baseline,pending_baseline
backend/instrument_analytics_numba.py::simple_log_returns_kernel,9b99048d188017816358f581a86b27df1c388161,backend/instrument_analytics_numba.py,simple_log_returns_kernel,40,94993352ab0375b1e47de601938f98f58105fac520efa50eb661ba2707fcdba5,"njit(_RETURN_SERIES_RESULT(_F1), cache=False, nogil=True)",M2,pending_assessment,pending_trace,pending_baseline,pending_baseline
backend/instrument_analytics_numba.py::data_quality_masks_kernel,9b99048d188017816358f581a86b27df1c388161,backend/instrument_analytics_numba.py,data_quality_masks_kernel,81,94993352ab0375b1e47de601938f98f58105fac520efa50eb661ba2707fcdba5,"njit(_DATA_QUALITY_MASKS_RESULT(_F1, _I1, _F1, _U1, _F1, int64, float64), cache=False, nogil=True)",M2,pending_assessment,pending_trace,pending_baseline,pending_baseline
backend/instrument_analytics_numba.py::finite_sum_count_kernel,9b99048d188017816358f581a86b27df1c388161,backend/instrument_analytics_numba.py,finite_sum_count_kernel,128,94993352ab0375b1e47de601938f98f58105fac520efa50eb661ba2707fcdba5,"njit(_SUM_COUNT_RESULT(_F1), cache=False, nogil=True)",M2,pending_assessment,pending_trace,pending_baseline,pending_baseline
backend/instrument_analytics_numba.py::positive_finite_sum_kernel,9b99048d188017816358f581a86b27df1c388161,backend/instrument_analytics_numba.py,positive_finite_sum_kernel,139,94993352ab0375b1e47de601938f98f58105fac520efa50eb661ba2707fcdba5,"njit(float64(_F1), cache=False, nogil=True)",M2,pending_assessment,pending_trace,pending_baseline,pending_baseline
backend/instrument_analytics_numba.py::int_range_count_kernel,9b99048d188017816358f581a86b27df1c388161,backend/instrument_analytics_numba.py,int_range_count_kernel,150,94993352ab0375b1e47de601938f98f58105fac520efa50eb661ba2707fcdba5,"njit(int64(_I1, int64, int64), cache=False, nogil=True)",M2,pending_assessment,pending_trace,pending_baseline,pending_baseline
backend/instrument_analytics_numba.py::int_less_than_count_kernel,9b99048d188017816358f581a86b27df1c388161,backend/instrument_analytics_numba.py,int_less_than_count_kernel,163,94993352ab0375b1e47de601938f98f58105fac520efa50eb661ba2707fcdba5,"njit(int64(_I1, int64), cache=False, nogil=True)",M2,pending_assessment,pending_trace,pending_baseline,pending_baseline
backend/instrument_analytics_numba.py::contiguous_blocks_kernel,9b99048d188017816358f581a86b27df1c388161,backend/instrument_analytics_numba.py,contiguous_blocks_kernel,172,94993352ab0375b1e47de601938f98f58105fac520efa50eb661ba2707fcdba5,"njit(_CONTIGUOUS_BLOCKS_RESULT(_U1), cache=False, nogil=True)",M2,pending_assessment,pending_trace,pending_baseline,pending_baseline
backend/instrument_analytics_numba.py::finite_mean_kernel,9b99048d188017816358f581a86b27df1c388161,backend/instrument_analytics_numba.py,finite_mean_kernel,199,94993352ab0375b1e47de601938f98f58105fac520efa50eb661ba2707fcdba5,"njit(float64(_F1, int64), cache=False, nogil=True)",M2,pending_assessment,pending_trace,pending_baseline,pending_baseline
backend/instrument_analytics_numba.py::numeric_stat_kernel,9b99048d188017816358f581a86b27df1c388161,backend/instrument_analytics_numba.py,numeric_stat_kernel,212,94993352ab0375b1e47de601938f98f58105fac520efa50eb661ba2707fcdba5,"njit(float64(_F1, int64), cache=False, nogil=True)",M2,pending_assessment,pending_trace,pending_baseline,pending_baseline
backend/instrument_analytics_numba.py::numeric_comparison_mask_kernel,9b99048d188017816358f581a86b27df1c388161,backend/instrument_analytics_numba.py,numeric_comparison_mask_kernel,243,94993352ab0375b1e47de601938f98f58105fac520efa50eb661ba2707fcdba5,"njit(_U1(_F1, float64, float64, int64), cache=False, nogil=True)",M2,pending_assessment,pending_trace,pending_baseline,pending_baseline
backend/instrument_analytics_numba.py::finite_mask_kernel,9b99048d188017816358f581a86b27df1c388161,backend/instrument_analytics_numba.py,finite_mask_kernel,280,94993352ab0375b1e47de601938f98f58105fac520efa50eb661ba2707fcdba5,"njit(_U1(_F1), cache=False, nogil=True)",M2,pending_assessment,pending_trace,pending_baseline,pending_baseline
backend/instrument_analytics_numba.py::positive_finite_mask_kernel,9b99048d188017816358f581a86b27df1c388161,backend/instrument_analytics_numba.py,positive_finite_mask_kernel,289,94993352ab0375b1e47de601938f98f58105fac520efa50eb661ba2707fcdba5,"njit(_U1(_F1), cache=False, nogil=True)",M2,pending_assessment,pending_trace,pending_baseline,pending_baseline
backend/instrument_analytics_numba.py::positive_pair_mask_kernel,9b99048d188017816358f581a86b27df1c388161,backend/instrument_analytics_numba.py,positive_pair_mask_kernel,299,94993352ab0375b1e47de601938f98f58105fac520efa50eb661ba2707fcdba5,"njit(_U1(_F1, _F1), cache=False, nogil=True)",M2,pending_assessment,pending_trace,pending_baseline,pending_baseline
backend/instrument_analytics_numba.py::fee_bucket_counts_kernel,9b99048d188017816358f581a86b27df1c388161,backend/instrument_analytics_numba.py,fee_bucket_counts_kernel,317,94993352ab0375b1e47de601938f98f58105fac520efa50eb661ba2707fcdba5,"njit(_I1(_F1), cache=False, nogil=True)",M2,pending_assessment,pending_trace,pending_baseline,pending_baseline
backend/instrument_analytics_numba.py::status_counts_kernel,9b99048d188017816358f581a86b27df1c388161,backend/instrument_analytics_numba.py,status_counts_kernel,336,94993352ab0375b1e47de601938f98f58105fac520efa50eb661ba2707fcdba5,"njit(_I1(_I1), cache=False, nogil=True)",M2,pending_assessment,pending_trace,pending_baseline,pending_baseline
backend/instrument_analytics_numba.py::count_true_kernel,9b99048d188017816358f581a86b27df1c388161,backend/instrument_analytics_numba.py,count_true_kernel,349,94993352ab0375b1e47de601938f98f58105fac520efa50eb661ba2707fcdba5,"njit(int64(_U1), cache=False, nogil=True)",M2,pending_assessment,pending_trace,pending_baseline,pending_baseline
backend/instrument_analytics_numba.py::encoded_category_counts_kernel,9b99048d188017816358f581a86b27df1c388161,backend/instrument_analytics_numba.py,encoded_category_counts_kernel,358,94993352ab0375b1e47de601938f98f58105fac520efa50eb661ba2707fcdba5,"njit(_I1(_I1, int64), cache=False, nogil=True)",M2,pending_assessment,pending_trace,pending_baseline,pending_baseline
backend/instrument_analytics_numba.py::encoded_unique_count_kernel,9b99048d188017816358f581a86b27df1c388161,backend/instrument_analytics_numba.py,encoded_unique_count_kernel,377,94993352ab0375b1e47de601938f98f58105fac520efa50eb661ba2707fcdba5,"njit(int64(_I1), cache=False, nogil=True)",M2,pending_assessment,pending_trace,pending_baseline,pending_baseline
backend/instrument_analytics_numba.py::coverage_ratio_kernel,9b99048d188017816358f581a86b27df1c388161,backend/instrument_analytics_numba.py,coverage_ratio_kernel,396,94993352ab0375b1e47de601938f98f58105fac520efa50eb661ba2707fcdba5,"njit(float64(int64, int64), cache=False, nogil=True)",M2,pending_assessment,pending_trace,pending_baseline,pending_baseline
backend/instrument_analytics_numba.py::aggregate_count_rows_kernel,9b99048d188017816358f581a86b27df1c388161,backend/instrument_analytics_numba.py,aggregate_count_rows_kernel,408,94993352ab0375b1e47de601938f98f58105fac520efa50eb661ba2707fcdba5,"njit(_I1(_I2), cache=False, nogil=True)",M2,pending_assessment,pending_trace,pending_baseline,pending_baseline
backend/instrument_analytics_numba.py::yearly_event_aggregation_kernel,9b99048d188017816358f581a86b27df1c388161,backend/instrument_analytics_numba.py,yearly_event_aggregation_kernel,419,94993352ab0375b1e47de601938f98f58105fac520efa50eb661ba2707fcdba5,"njit(_YEAR_RESULT(_I1, _F1), cache=False, nogil=True)",M2,pending_assessment,pending_trace,pending_baseline,pending_baseline
backend/instrument_analytics_numba.py::nav_metrics_kernel,9b99048d188017816358f581a86b27df1c388161,backend/instrument_analytics_numba.py,nav_metrics_kernel,461,94993352ab0375b1e47de601938f98f58105fac520efa50eb661ba2707fcdba5,"njit(_F1(_F1, _F1, _F1, _F1, int64), cache=False, nogil=True)",M2,pending_assessment,pending_trace,pending_baseline,pending_baseline
backend/instrument_analytics_numba.py::product_compare_analysis_kernel,9b99048d188017816358f581a86b27df1c388161,backend/instrument_analytics_numba.py,product_compare_analysis_kernel,544,94993352ab0375b1e47de601938f98f58105fac520efa50eb661ba2707fcdba5,"njit(_PRODUCT_COMPARE_RESULT(_F1, _I1, int64, float64, float64), cache=False, nogil=True)",M2,pending_assessment,pending_trace,pending_baseline,pending_baseline
backend/instrument_analytics_numba.py::candle_metrics_kernel,9b99048d188017816358f581a86b27df1c388161,backend/instrument_analytics_numba.py,candle_metrics_kernel,678,94993352ab0375b1e47de601938f98f58105fac520efa50eb661ba2707fcdba5,"njit(_CANDLE_RESULT(_F1, _F1, _F1, _F1), cache=False, nogil=True)",M2,pending_assessment,pending_trace,pending_baseline,pending_baseline
backend/instrument_analytics_numba.py::latest_share_metrics_kernel,9b99048d188017816358f581a86b27df1c388161,backend/instrument_analytics_numba.py,latest_share_metrics_kernel,731,94993352ab0375b1e47de601938f98f58105fac520efa50eb661ba2707fcdba5,"njit(_F1(_F1, _F1), cache=False, nogil=True)",M2,pending_assessment,pending_trace,pending_baseline,pending_baseline
backend/instrument_analytics_numba.py::stale_days_kernel,9b99048d188017816358f581a86b27df1c388161,backend/instrument_analytics_numba.py,stale_days_kernel,755,94993352ab0375b1e47de601938f98f58105fac520efa50eb661ba2707fcdba5,"njit(_I1(_I1), cache=False, nogil=True)",M2,pending_assessment,pending_trace,pending_baseline,pending_baseline
backend/instrument_analytics_numba.py::fresh_date_mask_kernel,9b99048d188017816358f581a86b27df1c388161,backend/instrument_analytics_numba.py,fresh_date_mask_kernel,776,94993352ab0375b1e47de601938f98f58105fac520efa50eb661ba2707fcdba5,"njit(_U1(_I1, int64), cache=False, nogil=True)",M2,pending_assessment,pending_trace,pending_baseline,pending_baseline
backend/instrument_analytics_numba.py::_rank_before,9b99048d188017816358f581a86b27df1c388161,backend/instrument_analytics_numba.py,_rank_before,791,94993352ab0375b1e47de601938f98f58105fac520efa50eb661ba2707fcdba5,"njit(boolean(int64, int64, _F1, _I1, uint8), cache=False, nogil=True, inline='always')",M2,pending_assessment,pending_trace,pending_baseline,pending_baseline
backend/instrument_analytics_numba.py::ranking_order_kernel,9b99048d188017816358f581a86b27df1c388161,backend/instrument_analytics_numba.py,ranking_order_kernel,808,94993352ab0375b1e47de601938f98f58105fac520efa50eb661ba2707fcdba5,"njit(_I1(_F1, _I1, uint8), cache=False, nogil=True)",M2,pending_assessment,pending_trace,pending_baseline,pending_baseline
backend/instrument_analytics_numba.py::_sort_before_with_missing,9b99048d188017816358f581a86b27df1c388161,backend/instrument_analytics_numba.py,_sort_before_with_missing,868,94993352ab0375b1e47de601938f98f58105fac520efa50eb661ba2707fcdba5,"njit(boolean(int64, int64, _F1, _I1, uint8), cache=False, nogil=True, inline='always')",M2,pending_assessment,pending_trace,pending_baseline,pending_baseline
backend/instrument_analytics_numba.py::numeric_sort_order_kernel,9b99048d188017816358f581a86b27df1c388161,backend/instrument_analytics_numba.py,numeric_sort_order_kernel,891,94993352ab0375b1e47de601938f98f58105fac520efa50eb661ba2707fcdba5,"njit(_I1(_F1, _I1, uint8), cache=False, nogil=True)",M2,pending_assessment,pending_trace,pending_baseline,pending_baseline
backend/instrument_analytics_numba.py::adjusted_nav_anomaly_mask_kernel,9b99048d188017816358f581a86b27df1c388161,backend/instrument_analytics_numba.py,adjusted_nav_anomaly_mask_kernel,942,94993352ab0375b1e47de601938f98f58105fac520efa50eb661ba2707fcdba5,"njit(_U1(_F1, _F1, _F1, float64, float64, float64), cache=False, nogil=True)",M2,pending_assessment,pending_trace,pending_baseline,pending_baseline
backend/instrument_analytics_numba.py::period_window_quality_kernel,9b99048d188017816358f581a86b27df1c388161,backend/instrument_analytics_numba.py,period_window_quality_kernel,1011,94993352ab0375b1e47de601938f98f58105fac520efa50eb661ba2707fcdba5,"njit(_QUALITY_RESULT(_I1, int64, int64, _I1, _I1, int64, float64, int64), cache=False, nogil=True)",M2,pending_assessment,pending_trace,pending_baseline,pending_baseline
backend/optimizer.py::get_log_returns,9b99048d188017816358f581a86b27df1c388161,backend/optimizer.py,get_log_returns,34,34c868448c3deb720b55f390bd121d16eddcb0dc13793eee5092aec372e42622,"njit(_FLOAT64_1D(_FLOAT64_1D), cache=False, nogil=True)",M4,pending_assessment,pending_trace,pending_baseline,pending_baseline
backend/optimizer.py::get_simple_returns,9b99048d188017816358f581a86b27df1c388161,backend/optimizer.py,get_simple_returns,42,34c868448c3deb720b55f390bd121d16eddcb0dc13793eee5092aec372e42622,"njit(_FLOAT64_1D(_FLOAT64_1D), cache=False, nogil=True)",M4,pending_assessment,pending_trace,pending_baseline,pending_baseline
backend/optimizer.py::nav_matrix_returns_kernel,9b99048d188017816358f581a86b27df1c388161,backend/optimizer.py,nav_matrix_returns_kernel,50,34c868448c3deb720b55f390bd121d16eddcb0dc13793eee5092aec372e42622,"njit((_FLOAT64_2D, types.int64), cache=False, nogil=True)",M4,pending_assessment,pending_trace,pending_baseline,pending_baseline
backend/optimizer.py::calculate_return_kernel,9b99048d188017816358f581a86b27df1c388161,backend/optimizer.py,calculate_return_kernel,74,34c868448c3deb720b55f390bd121d16eddcb0dc13793eee5092aec372e42622,"njit(types.float64(_FLOAT64_1D, types.int64, types.float64, types.float64, types.int64), cache=False, nogil=True)",M4,pending_assessment,pending_trace,pending_baseline,pending_baseline
backend/optimizer.py::calculate_risk_kernel,9b99048d188017816358f581a86b27df1c388161,backend/optimizer.py,calculate_risk_kernel,115,34c868448c3deb720b55f390bd121d16eddcb0dc13793eee5092aec372e42622,"njit(types.float64(_FLOAT64_1D, types.int64, types.float64, types.float64, types.int64, types.float64), cache=False, nogil=True)",M4,pending_assessment,pending_trace,pending_baseline,pending_baseline
backend/optimizer.py::compute_portfolio_performance,9b99048d188017816358f581a86b27df1c388161,backend/optimizer.py,compute_portfolio_performance,207,34c868448c3deb720b55f390bd121d16eddcb0dc13793eee5092aec372e42622,"njit(_PORTFOLIO_RESULT(_FLOAT64_1D, _FLOAT64_1D, _FLOAT64_2D), cache=False, nogil=True)",M4,pending_assessment,pending_trace,pending_baseline,pending_baseline
backend/optimizer.py::generate_random_portfolios,9b99048d188017816358f581a86b27df1c388161,backend/optimizer.py,generate_random_portfolios,226,34c868448c3deb720b55f390bd121d16eddcb0dc13793eee5092aec372e42622,"njit(_FLOAT64_2D(types.int64, types.int64, _FLOAT64_1D, _FLOAT64_2D), cache=False, nogil=True)",M4,pending_assessment,pending_trace,pending_baseline,pending_baseline
backend/optimizer.py::portfolio_returns_kernel,9b99048d188017816358f581a86b27df1c388161,backend/optimizer.py,portfolio_returns_kernel,250,34c868448c3deb720b55f390bd121d16eddcb0dc13793eee5092aec372e42622,"njit((_GRID_R2, _GRID_R1), cache=False, nogil=True)",M4,pending_assessment,pending_trace,pending_baseline,pending_baseline
backend/optimizer.py::repair_weights_kernel,9b99048d188017816358f581a86b27df1c388161,backend/optimizer.py,repair_weights_kernel,268,34c868448c3deb720b55f390bd121d16eddcb0dc13793eee5092aec372e42622,"njit((_FLOAT64_1D, _FLOAT64_2D, _UINT8_2D, _FLOAT64_1D, _FLOAT64_1D, types.float64), cache=False, nogil=True)",M4,pending_assessment,pending_trace,pending_baseline,pending_baseline
backend/optimizer.py::pareto_frontier_indices_kernel,9b99048d188017816358f581a86b27df1c388161,backend/optimizer.py,pareto_frontier_indices_kernel,401,34c868448c3deb720b55f390bd121d16eddcb0dc13793eee5092aec372e42622,"njit(_FRONTIER_RESULT(_FLOAT64_1D, _FLOAT64_1D, types.int64), cache=False, nogil=True)",M4,pending_assessment,pending_trace,pending_baseline,pending_baseline
backend/optimizer.py::representative_indices_kernel,9b99048d188017816358f581a86b27df1c388161,backend/optimizer.py,representative_indices_kernel,439,34c868448c3deb720b55f390bd121d16eddcb0dc13793eee5092aec372e42622,"njit(_REPRESENTATIVE_RESULT(_FLOAT64_1D, _FLOAT64_1D, types.int64, types.float64), cache=False, nogil=True)",M4,pending_assessment,pending_trace,pending_baseline,pending_baseline
backend/optimizer.py::explore_portfolios_kernel,9b99048d188017816358f581a86b27df1c388161,backend/optimizer.py,explore_portfolios_kernel,483,34c868448c3deb720b55f390bd121d16eddcb0dc13793eee5092aec372e42622,"njit((_FLOAT64_2D, _FLOAT64_2D, _UINT8_2D, _FLOAT64_1D, _FLOAT64_1D, _INT64_1D, _FLOAT64_1D, _INT64_1D, types.float64, types.int64, types.int64, types.int64, types.float64, types.float64, types.float64, types.float64, types.int64, types.float64, types.float64, types.int64, types.float64, types.float64, types.int64), cache=False, nogil=True)",M4,pending_assessment,pending_trace,pending_baseline,pending_baseline
backend/optimizer.py::refine_objective_kernel,9b99048d188017816358f581a86b27df1c388161,backend/optimizer.py,refine_objective_kernel,626,34c868448c3deb720b55f390bd121d16eddcb0dc13793eee5092aec372e42622,"njit((_FLOAT64_2D, _FLOAT64_1D, types.int64, types.int64, types.float64, types.float64, types.float64, types.float64, types.int64, types.float64, types.float64, types.int64, types.int64), cache=False, nogil=True)",M4,pending_assessment,pending_trace,pending_baseline,pending_baseline
backend/optimizer.py::refine_special_candidates_kernel,9b99048d188017816358f581a86b27df1c388161,backend/optimizer.py,refine_special_candidates_kernel,665,34c868448c3deb720b55f390bd121d16eddcb0dc13793eee5092aec372e42622,"njit((_FLOAT64_2D, _FLOAT64_2D, _FLOAT64_2D, _UINT8_2D, _FLOAT64_1D, _FLOAT64_1D, types.float64, types.int64, types.int64, types.float64, types.float64, types.float64, types.float64, types.int64, types.float64, types.float64, types.int64, types.int64), cache=False, nogil=True)",M4,pending_assessment,pending_trace,pending_baseline,pending_baseline
backend/optimizer.py::frontier_grid_model_kernel,9b99048d188017816358f581a86b27df1c388161,backend/optimizer.py,frontier_grid_model_kernel,787,34c868448c3deb720b55f390bd121d16eddcb0dc13793eee5092aec372e42622,"njit((_GRID_R2, _GRID_R2, _GRID_U2, _GRID_R1, _GRID_R1, types.int64, types.int64, _GRID_R1), cache=False, nogil=True)",M4,pending_assessment,pending_trace,pending_baseline,pending_baseline
backend/optimizer.py::grid_risk_gradient_kernel,9b99048d188017816358f581a86b27df1c388161,backend/optimizer.py,grid_risk_gradient_kernel,842,34c868448c3deb720b55f390bd121d16eddcb0dc13793eee5092aec372e42622,"njit((_GRID_R2, _GRID_R1, types.int64, _GRID_R1), cache=False, nogil=True)",M4,pending_assessment,pending_trace,pending_baseline,pending_baseline
backend/optimizer.py::grid_minimum_risk_kernel,9b99048d188017816358f581a86b27df1c388161,backend/optimizer.py,grid_minimum_risk_kernel,865,34c868448c3deb720b55f390bd121d16eddcb0dc13793eee5092aec372e42622,"njit((_GRID_R2, _GRID_R2, _GRID_R2, _GRID_R1, _GRID_R1, types.int64, _GRID_R1, types.int64), cache=False, nogil=True)",M4,pending_assessment,pending_trace,pending_baseline,pending_baseline
backend/optimizer.py::solve_frontier_grid_kernel,9b99048d188017816358f581a86b27df1c388161,backend/optimizer.py,solve_frontier_grid_kernel,935,34c868448c3deb720b55f390bd121d16eddcb0dc13793eee5092aec372e42622,"njit((_GRID_R2, _GRID_R2, _GRID_U2, _GRID_R1, _GRID_R1, _GRID_R1, types.int64, types.int64, _GRID_R1, types.int64, types.int64, types.boolean, types.float64, types.float64), cache=False, nogil=True)",M4,pending_assessment,pending_trace,pending_baseline,pending_baseline
backend/optimizer.py::append_grid_candidates_kernel,9b99048d188017816358f581a86b27df1c388161,backend/optimizer.py,append_grid_candidates_kernel,1005,34c868448c3deb720b55f390bd121d16eddcb0dc13793eee5092aec372e42622,"njit((_FLOAT64_2D, _FLOAT64_1D, _FLOAT64_1D, types.int64, _FLOAT64_2D, _FLOAT64_2D, _INT64_1D), cache=False, nogil=True)",M4,pending_assessment,pending_trace,pending_baseline,pending_baseline
backend/optimizer.py::grid_curve_membership_kernel,9b99048d188017816358f581a86b27df1c388161,backend/optimizer.py,grid_curve_membership_kernel,1029,34c868448c3deb720b55f390bd121d16eddcb0dc13793eee5092aec372e42622,"njit((_FLOAT64_2D, _INT64_1D, _FLOAT64_1D, _FLOAT64_1D, _INT64_1D, types.int64), cache=False, nogil=True)",M4,pending_assessment,pending_trace,pending_baseline,pending_baseline
backend/optimizer.py::project_grid_weights_kernel,9b99048d188017816358f581a86b27df1c388161,backend/optimizer.py,project_grid_weights_kernel,1047,34c868448c3deb720b55f390bd121d16eddcb0dc13793eee5092aec372e42622,"njit((_FLOAT64_2D, _FLOAT64_2D, _FLOAT64_2D, _UINT8_2D, _FLOAT64_1D, _FLOAT64_1D, _INT64_1D, _FLOAT64_1D, types.float64, types.int64, types.int64, _FLOAT64_1D), cache=False, nogil=True)",M4,pending_assessment,pending_trace,pending_baseline,pending_baseline
backend/pre_investment/cost_kernels.py::balance_kernel,9b99048d188017816358f581a86b27df1c388161,backend/pre_investment/cost_kernels.py,balance_kernel,15,2c4449add68577715b9cdd24f1012c74fc2272627cd0cc586e4372910bc207a8,"njit((V, F, F, F, F, F), cache=True, nogil=True)",M7,pending_assessment,pending_trace,pending_baseline,pending_baseline
backend/pre_investment/cost_kernels.py::self_financing_kernel,9b99048d188017816358f581a86b27df1c388161,backend/pre_investment/cost_kernels.py,self_financing_kernel,23,2c4449add68577715b9cdd24f1012c74fc2272627cd0cc586e4372910bc207a8,"njit((F, V, V, V, V, INT_VECTOR), cache=True, nogil=True)",M7,pending_assessment,pending_trace,pending_baseline,pending_baseline
backend/pre_investment/cost_kernels.py::cash_calendar_kernel,9b99048d188017816358f581a86b27df1c388161,backend/pre_investment/cost_kernels.py,cash_calendar_kernel,93,2c4449add68577715b9cdd24f1012c74fc2272627cd0cc586e4372910bc207a8,"njit((F, INT_VECTOR, V), cache=True, nogil=True)",M7,pending_assessment,pending_trace,pending_baseline,pending_baseline
backend/pre_investment/cost_kernels.py::net_replay_kernel,9b99048d188017816358f581a86b27df1c388161,backend/pre_investment/cost_kernels.py,net_replay_kernel,110,2c4449add68577715b9cdd24f1012c74fc2272627cd0cc586e4372910bc207a8,"njit((M, V, V, V, INT_VECTOR, INT_VECTOR), cache=True, nogil=True)",M7,pending_assessment,pending_trace,pending_baseline,pending_baseline
backend/pre_investment/evaluation.py::combined_fee,9b99048d188017816358f581a86b27df1c388161,backend/pre_investment/evaluation.py,combined_fee,587,4cfa4302aa1a4a437d1b1957f4d1f14711f5f98bbbdcb9c8ab2cbf517ee10a1b,"njit((types.float64, types.float64), cache=True, nogil=True)",M7,pending_assessment,pending_trace,pending_baseline,pending_baseline
backend/pre_investment/funding.py::remaining_flows_kernel,9b99048d188017816358f581a86b27df1c388161,backend/pre_investment/funding.py,remaining_flows_kernel,34,601bdd074bf42f855a890a98c5ad51da40100f3b77833ef4d41461ceb0c14756,"njit((V, INT_VECTOR, INT_VECTOR, V, types.int64, types.int64, types.float64, types.int64), cache=True, nogil=True)",M7,pending_assessment,pending_trace,pending_baseline,pending_baseline
backend/pre_investment/funding.py::terminal_target_kernel,9b99048d188017816358f581a86b27df1c388161,backend/pre_investment/funding.py,terminal_target_kernel,64,601bdd074bf42f855a890a98c5ad51da40100f3b77833ef4d41461ceb0c14756,"njit((types.float64, types.float64, types.float64, types.int64), cache=True, nogil=True)",M7,pending_assessment,pending_trace,pending_baseline,pending_baseline
backend/pre_investment/path_kernels.py::monthly_joint_lognormal_kernel,9b99048d188017816358f581a86b27df1c388161,backend/pre_investment/path_kernels.py,monthly_joint_lognormal_kernel,23,417d9cef499ce48a1555964a51949238ba0670d19fd6c4af31d41abb8e07f4f6,"njit((V, M), cache=True, nogil=True)",M7,pending_assessment,pending_trace,pending_baseline,pending_baseline
backend/pre_investment/path_kernels.py::product_funding_paths_kernel,9b99048d188017816358f581a86b27df1c388161,backend/pre_investment/path_kernels.py,product_funding_paths_kernel,50,417d9cef499ce48a1555964a51949238ba0670d19fd6c4af31d41abb8e07f4f6,"njit((D, V, M, V, V, V, V, INT_VECTOR, V, V, F, F, N), cache=True, nogil=True)",M7,pending_assessment,pending_trace,pending_baseline,pending_baseline
backend/pre_investment/risk_kernels.py::covariance_kernel,9b99048d188017816358f581a86b27df1c388161,backend/pre_investment/risk_kernels.py,covariance_kernel,16,7135b40c8880addfefeb1cabe5e472fe27c3e0a11095793d900a49d8499f811d,"njit((M, N, N, F), cache=True, nogil=True)",M7,pending_assessment,pending_trace,pending_baseline,pending_baseline
backend/pre_investment/risk_kernels.py::residuals_kernel,9b99048d188017816358f581a86b27df1c388161,backend/pre_investment/risk_kernels.py,residuals_kernel,40,7135b40c8880addfefeb1cabe5e472fe27c3e0a11095793d900a49d8499f811d,"njit((M, M, M), cache=True, nogil=True)",M7,pending_assessment,pending_trace,pending_baseline,pending_baseline
backend/pre_investment/risk_kernels.py::validate_covariance_kernel,9b99048d188017816358f581a86b27df1c388161,backend/pre_investment/risk_kernels.py,validate_covariance_kernel,57,7135b40c8880addfefeb1cabe5e472fe27c3e0a11095793d900a49d8499f811d,"njit((M,), cache=True, nogil=True)",M7,pending_assessment,pending_trace,pending_baseline,pending_baseline
backend/pre_investment/risk_kernels.py::design_diagnostics_kernel,9b99048d188017816358f581a86b27df1c388161,backend/pre_investment/risk_kernels.py,design_diagnostics_kernel,72,7135b40c8880addfefeb1cabe5e472fe27c3e0a11095793d900a49d8499f811d,"njit((M,), cache=True, nogil=True)",M7,pending_assessment,pending_trace,pending_baseline,pending_baseline
backend/pre_investment/risk_kernels.py::product_risk_kernel,9b99048d188017816358f581a86b27df1c388161,backend/pre_investment/risk_kernels.py,product_risk_kernel,93,7135b40c8880addfefeb1cabe5e472fe27c3e0a11095793d900a49d8499f811d,"njit((M, M, M, V, V, V, V), cache=True, nogil=True)",M7,pending_assessment,pending_trace,pending_baseline,pending_baseline
backend/pre_investment/risk_kernels.py::budget_kernel,9b99048d188017816358f581a86b27df1c388161,backend/pre_investment/risk_kernels.py,budget_kernel,162,7135b40c8880addfefeb1cabe5e472fe27c3e0a11095793d900a49d8499f811d,"njit((V, INT_VECTOR, V, V), cache=True, nogil=True)",M7,pending_assessment,pending_trace,pending_baseline,pending_baseline
backend/pre_investment/risk_kernels.py::implementation_qp_kernel,9b99048d188017816358f581a86b27df1c388161,backend/pre_investment/risk_kernels.py,implementation_qp_kernel,187,7135b40c8880addfefeb1cabe5e472fe27c3e0a11095793d900a49d8499f811d,"njit((M, M, V, INT_VECTOR, V, V), cache=True, nogil=True)",M7,pending_assessment,pending_trace,pending_baseline,pending_baseline
backend/product_analysis_numba.py::moving_average_kernel,9b99048d188017816358f581a86b27df1c388161,backend/product_analysis_numba.py,moving_average_kernel,56,91bfa87d994a0d6be0e808b0dbc9a5daf762d25962bcb10081be5027e69ce1f2,"njit(_F2(_F1, _I1), cache=False, nogil=True)",M6,pending_assessment,pending_trace,pending_baseline,pending_baseline
backend/product_analysis_numba.py::technical_input_availability_kernel,9b99048d188017816358f581a86b27df1c388161,backend/product_analysis_numba.py,technical_input_availability_kernel,82,91bfa87d994a0d6be0e808b0dbc9a5daf762d25962bcb10081be5027e69ce1f2,"njit(_I1(_F1, _F1, _F1, _F1, _F1), cache=False, nogil=True)",M6,pending_assessment,pending_trace,pending_baseline,pending_baseline
backend/product_analysis_numba.py::bollinger_kernel,9b99048d188017816358f581a86b27df1c388161,backend/product_analysis_numba.py,bollinger_kernel,119,91bfa87d994a0d6be0e808b0dbc9a5daf762d25962bcb10081be5027e69ce1f2,"njit(_F2(_F1, int64, float64), cache=False, nogil=True)",M6,pending_assessment,pending_trace,pending_baseline,pending_baseline
backend/product_analysis_numba.py::kdj_kernel,9b99048d188017816358f581a86b27df1c388161,backend/product_analysis_numba.py,kdj_kernel,147,91bfa87d994a0d6be0e808b0dbc9a5daf762d25962bcb10081be5027e69ce1f2,"njit(_F2(_F1, _F1, _F1, int64, int64, int64), cache=False, nogil=True)",M6,pending_assessment,pending_trace,pending_baseline,pending_baseline
backend/product_analysis_numba.py::daily_returns_percent_kernel,9b99048d188017816358f581a86b27df1c388161,backend/product_analysis_numba.py,daily_returns_percent_kernel,192,91bfa87d994a0d6be0e808b0dbc9a5daf762d25962bcb10081be5027e69ce1f2,"njit(_F1(_F1), cache=False, nogil=True)",M6,pending_assessment,pending_trace,pending_baseline,pending_baseline
backend/product_analysis_numba.py::_linear_quantile,9b99048d188017816358f581a86b27df1c388161,backend/product_analysis_numba.py,_linear_quantile,207,91bfa87d994a0d6be0e808b0dbc9a5daf762d25962bcb10081be5027e69ce1f2,"njit(float64(_F1, float64), cache=False, nogil=True, inline='always')",M6,pending_assessment,pending_trace,pending_baseline,pending_baseline
backend/product_analysis_numba.py::return_statistics_kernel,9b99048d188017816358f581a86b27df1c388161,backend/product_analysis_numba.py,return_statistics_kernel,220,91bfa87d994a0d6be0e808b0dbc9a5daf762d25962bcb10081be5027e69ce1f2,"njit(_F1(_F1), cache=False, nogil=True)",M6,pending_assessment,pending_trace,pending_baseline,pending_baseline
backend/product_analysis_numba.py::distribution_interpretation_codes_kernel,9b99048d188017816358f581a86b27df1c388161,backend/product_analysis_numba.py,distribution_interpretation_codes_kernel,296,91bfa87d994a0d6be0e808b0dbc9a5daf762d25962bcb10081be5027e69ce1f2,"njit(_I1(_F1), cache=False, nogil=True)",M6,pending_assessment,pending_trace,pending_baseline,pending_baseline
backend/product_analysis_numba.py::histogram_normal_pdf_kernel,9b99048d188017816358f581a86b27df1c388161,backend/product_analysis_numba.py,histogram_normal_pdf_kernel,339,91bfa87d994a0d6be0e808b0dbc9a5daf762d25962bcb10081be5027e69ce1f2,"njit(_F2(_F1, float64), cache=False, nogil=True)",M6,pending_assessment,pending_trace,pending_baseline,pending_baseline
backend/product_analysis_numba.py::box_plot_kernel,9b99048d188017816358f581a86b27df1c388161,backend/product_analysis_numba.py,box_plot_kernel,385,91bfa87d994a0d6be0e808b0dbc9a5daf762d25962bcb10081be5027e69ce1f2,"njit(_BOX_RESULT(_F1), cache=False, nogil=True)",M6,pending_assessment,pending_trace,pending_baseline,pending_baseline
backend/product_analysis_numba.py::_inverse_standard_normal,9b99048d188017816358f581a86b27df1c388161,backend/product_analysis_numba.py,_inverse_standard_normal,441,91bfa87d994a0d6be0e808b0dbc9a5daf762d25962bcb10081be5027e69ce1f2,"njit(float64(float64), cache=False, nogil=True, inline='always')",M6,pending_assessment,pending_trace,pending_baseline,pending_baseline
backend/product_analysis_numba.py::normal_qq_kernel,9b99048d188017816358f581a86b27df1c388161,backend/product_analysis_numba.py,normal_qq_kernel,470,91bfa87d994a0d6be0e808b0dbc9a5daf762d25962bcb10081be5027e69ce1f2,"njit(_QQ_RESULT(_F1), cache=False, nogil=True)",M6,pending_assessment,pending_trace,pending_baseline,pending_baseline
backend/product_analysis_numba.py::_adjusted_distribution_shape,9b99048d188017816358f581a86b27df1c388161,backend/product_analysis_numba.py,_adjusted_distribution_shape,519,91bfa87d994a0d6be0e808b0dbc9a5daf762d25962bcb10081be5027e69ce1f2,"njit(_F1(_F1), cache=False, nogil=True)",M6,pending_assessment,pending_trace,pending_baseline,pending_baseline
backend/product_analysis_numba.py::_calibrate_sinh_arcsinh,9b99048d188017816358f581a86b27df1c388161,backend/product_analysis_numba.py,_calibrate_sinh_arcsinh,565,91bfa87d994a0d6be0e808b0dbc9a5daf762d25962bcb10081be5027e69ce1f2,"njit(_F1(float64, float64), cache=False, nogil=True)",M6,pending_assessment,pending_trace,pending_baseline,pending_baseline
backend/product_analysis_numba.py::_next_uniform,9b99048d188017816358f581a86b27df1c388161,backend/product_analysis_numba.py,_next_uniform,657,91bfa87d994a0d6be0e808b0dbc9a5daf762d25962bcb10081be5027e69ce1f2,"njit(_RANDOM_RESULT(uint64), cache=False, nogil=True, inline='always')",M6,pending_assessment,pending_trace,pending_baseline,pending_baseline
backend/product_analysis_numba.py::_density_frame,9b99048d188017816358f581a86b27df1c388161,backend/product_analysis_numba.py,_density_frame,664,91bfa87d994a0d6be0e808b0dbc9a5daf762d25962bcb10081be5027e69ce1f2,"njit(_F1(_F1, float64), cache=False, nogil=True)",M6,pending_assessment,pending_trace,pending_baseline,pending_baseline
backend/product_analysis_numba.py::_summarize_simulation,9b99048d188017816358f581a86b27df1c388161,backend/product_analysis_numba.py,_summarize_simulation,737,91bfa87d994a0d6be0e808b0dbc9a5daf762d25962bcb10081be5027e69ce1f2,"njit(_SIM_RESULT(_F2, _F1, float64, float64), cache=False, nogil=True)",M6,pending_assessment,pending_trace,pending_baseline,pending_baseline
backend/product_analysis_numba.py::parametric_monte_carlo_kernel,9b99048d188017816358f581a86b27df1c388161,backend/product_analysis_numba.py,parametric_monte_carlo_kernel,845,91bfa87d994a0d6be0e808b0dbc9a5daf762d25962bcb10081be5027e69ce1f2,"njit(_SIM_RESULT(_F1, float64, int64, int64, int64, float64, int64), cache=False, nogil=True)",M6,pending_assessment,pending_trace,pending_baseline,pending_baseline
backend/product_analysis_numba.py::stationary_block_bootstrap_kernel,9b99048d188017816358f581a86b27df1c388161,backend/product_analysis_numba.py,stationary_block_bootstrap_kernel,965,91bfa87d994a0d6be0e808b0dbc9a5daf762d25962bcb10081be5027e69ce1f2,"njit(_SIM_RESULT(_F1, _I1, float64, int64, int64, int64, float64, int64), cache=False, nogil=True)",M6,pending_assessment,pending_trace,pending_baseline,pending_baseline
backend/product_analysis_numba.py::_garch_quasi_likelihood,9b99048d188017816358f581a86b27df1c388161,backend/product_analysis_numba.py,_garch_quasi_likelihood,1066,91bfa87d994a0d6be0e808b0dbc9a5daf762d25962bcb10081be5027e69ce1f2,"njit(float64(_F1, _I1, float64, float64, float64, float64), cache=False, nogil=True)",M6,pending_assessment,pending_trace,pending_baseline,pending_baseline
backend/product_analysis_numba.py::_volatility_filter,9b99048d188017816358f581a86b27df1c388161,backend/product_analysis_numba.py,_volatility_filter,1100,91bfa87d994a0d6be0e808b0dbc9a5daf762d25962bcb10081be5027e69ce1f2,"njit(_FILTER_RESULT(_F1, _I1, int64, float64), cache=False, nogil=True)",M6,pending_assessment,pending_trace,pending_baseline,pending_baseline
backend/product_analysis_numba.py::filtered_historical_simulation_kernel,9b99048d188017816358f581a86b27df1c388161,backend/product_analysis_numba.py,filtered_historical_simulation_kernel,1269,91bfa87d994a0d6be0e808b0dbc9a5daf762d25962bcb10081be5027e69ce1f2,"njit(_SIM_RESULT(_F1, _I1, float64, int64, int64, int64, float64, int64, float64), cache=False, nogil=True)",M6,pending_assessment,pending_trace,pending_baseline,pending_baseline
backend/product_analysis_numba.py::realized_path_comparison_kernel,9b99048d188017816358f581a86b27df1c388161,backend/product_analysis_numba.py,realized_path_comparison_kernel,1380,91bfa87d994a0d6be0e808b0dbc9a5daf762d25962bcb10081be5027e69ce1f2,"njit(_REALIZED_RESULT(_F1, float64, _F2, _F1, float64), cache=False, nogil=True)",M6,pending_assessment,pending_trace,pending_baseline,pending_baseline
backend/product_analysis_numba.py::simulation_comparison_kernel,9b99048d188017816358f581a86b27df1c388161,backend/product_analysis_numba.py,simulation_comparison_kernel,1495,91bfa87d994a0d6be0e808b0dbc9a5daf762d25962bcb10081be5027e69ce1f2,"njit(_F1(_F2, float64), cache=False, nogil=True)",M6,pending_assessment,pending_trace,pending_baseline,pending_baseline
backend/product_analysis_numba.py::regime_analysis_kernel,9b99048d188017816358f581a86b27df1c388161,backend/product_analysis_numba.py,regime_analysis_kernel,1540,91bfa87d994a0d6be0e808b0dbc9a5daf762d25962bcb10081be5027e69ce1f2,"njit(_REGIME_RESULT(_I1, _F1, _I1, _I1, _I1, int64, int64, int64), cache=False, nogil=True)",M6,pending_assessment,pending_trace,pending_baseline,pending_baseline
backend/qp_numba.py::independent_constraint_kernel,9b99048d188017816358f581a86b27df1c388161,backend/qp_numba.py,independent_constraint_kernel,22,8a5d6d39fee91e3c215936dd9b5a9e380c0b7c441489cbd51a72d69c6c1f9222,"njit(types.boolean(_R2, _I1, types.int64, types.int64), cache=False, nogil=True)",M3,pending_assessment,pending_trace,pending_baseline,pending_baseline
backend/qp_numba.py::_active_set_qp_solve,9b99048d188017816358f581a86b27df1c388161,backend/qp_numba.py,_active_set_qp_solve,44,8a5d6d39fee91e3c215936dd9b5a9e380c0b7c441489cbd51a72d69c6c1f9222,"njit(_CERT_DETAIL(_R2, _R1, _R2, _R1, _R1, types.int64, types.float64, types.int64, types.boolean), cache=False, nogil=True)",M3,pending_assessment,pending_trace,pending_baseline,pending_baseline
backend/qp_numba.py::active_set_qp_core,9b99048d188017816358f581a86b27df1c388161,backend/qp_numba.py,active_set_qp_core,174,8a5d6d39fee91e3c215936dd9b5a9e380c0b7c441489cbd51a72d69c6c1f9222,"njit(_DETAIL(_R2, _R1, _R2, _R1, _R1, types.int64, types.float64, types.int64, types.boolean), cache=False, nogil=True)",M3,pending_assessment,pending_trace,pending_baseline,pending_baseline
backend/qp_numba.py::bounded_lp_kernel,9b99048d188017816358f581a86b27df1c388161,backend/qp_numba.py,bounded_lp_kernel,182,8a5d6d39fee91e3c215936dd9b5a9e380c0b7c441489cbd51a72d69c6c1f9222,"njit((_R1, _R2, _R1, _R1, _R1, _R1, types.int64, types.float64), cache=False, nogil=True)",M3,pending_assessment,pending_trace,pending_baseline,pending_baseline
backend/qp_numba.py::feasible_qp_kernel,9b99048d188017816358f581a86b27df1c388161,backend/qp_numba.py,feasible_qp_kernel,219,8a5d6d39fee91e3c215936dd9b5a9e380c0b7c441489cbd51a72d69c6c1f9222,"njit(_RESULT(_R2, _R1, _R2, _R1, _R1, types.int64, types.float64), cache=False, nogil=True)",M3,pending_assessment,pending_trace,pending_baseline,pending_baseline
backend/qp_numba.py::prepare_constraints_kernel,9b99048d188017816358f581a86b27df1c388161,backend/qp_numba.py,prepare_constraints_kernel,232,8a5d6d39fee91e3c215936dd9b5a9e380c0b7c441489cbd51a72d69c6c1f9222,"njit((_R2, _R1, _R2, _R1), cache=False, nogil=True)",M3,pending_assessment,pending_trace,pending_baseline,pending_baseline
backend/qp_numba.py::constraint_violation_kernel,9b99048d188017816358f581a86b27df1c388161,backend/qp_numba.py,constraint_violation_kernel,305,8a5d6d39fee91e3c215936dd9b5a9e380c0b7c441489cbd51a72d69c6c1f9222,"njit(types.float64(_R2, _R1, _R2, _R1, _R1), cache=False, nogil=True)",M3,pending_assessment,pending_trace,pending_baseline,pending_baseline
backend/qp_numba.py::prepared_matrix_qp_kernel,9b99048d188017816358f581a86b27df1c388161,backend/qp_numba.py,prepared_matrix_qp_kernel,315,8a5d6d39fee91e3c215936dd9b5a9e380c0b7c441489cbd51a72d69c6c1f9222,"njit(_DETAIL(_R2, _R1, _R2, _R1, _R2, _R1, _R2, _R1, types.int64, _R1, types.int64, types.float64), cache=False, nogil=True)",M3,pending_assessment,pending_trace,pending_baseline,pending_baseline
backend/qp_numba.py::matrix_qp_kernel,9b99048d188017816358f581a86b27df1c388161,backend/qp_numba.py,matrix_qp_kernel,348,8a5d6d39fee91e3c215936dd9b5a9e380c0b7c441489cbd51a72d69c6c1f9222,"njit(_DETAIL(_R2, _R1, _R2, _R1, _R2, _R1, _R1, types.int64, types.float64), cache=False, nogil=True)",M3,pending_assessment,pending_trace,pending_baseline,pending_baseline
backend/research_input_checks.py::return_scale_breaks_kernel,9b99048d188017816358f581a86b27df1c388161,backend/research_input_checks.py,return_scale_breaks_kernel,17,865401a31e8e831189f748a78a1000cf7e92528ac1994eb1603637a769dfcec6,"njit(types.Tuple((int64[::1], int64[::1]))(M), cache=True, nogil=True)",M2,pending_assessment,pending_trace,pending_baseline,pending_baseline
backend/research_input_checks.py::training_readiness_kernel,9b99048d188017816358f581a86b27df1c388161,backend/research_input_checks.py,training_readiness_kernel,32,865401a31e8e831189f748a78a1000cf7e92528ac1994eb1603637a769dfcec6,"njit(types.Tuple((int64, int64, int64, int64))(IM, I, int64), cache=True, nogil=True)",M2,pending_assessment,pending_trace,pending_baseline,pending_baseline
backend/research_series/numba_kernels.py::_linear_quantile_sorted,9b99048d188017816358f581a86b27df1c388161,backend/research_series/numba_kernels.py,_linear_quantile_sorted,31,b0e0fa42466df8d90c9e7e399641523843a8c8ffe2ba009ee87b6701d2af09d3,"njit(float64(_F1, float64), cache=False, nogil=True, inline='always')",M2,pending_assessment,pending_trace,pending_baseline,pending_baseline
backend/research_series/numba_kernels.py::distribution_summary_kernel,9b99048d188017816358f581a86b27df1c388161,backend/research_series/numba_kernels.py,distribution_summary_kernel,44,b0e0fa42466df8d90c9e7e399641523843a8c8ffe2ba009ee87b6701d2af09d3,"njit(_F1(_F1), cache=False, nogil=True)",M2,pending_assessment,pending_trace,pending_baseline,pending_baseline
backend/research_series/numba_kernels.py::index_profile_kernel,9b99048d188017816358f581a86b27df1c388161,backend/research_series/numba_kernels.py,index_profile_kernel,83,b0e0fa42466df8d90c9e7e399641523843a8c8ffe2ba009ee87b6701d2af09d3,"njit(_INDEX_PROFILE_RESULT(_F1, int64, float64), cache=False, nogil=True)",M2,pending_assessment,pending_trace,pending_baseline,pending_baseline
backend/research_series/numba_kernels.py::macro_profile_kernel,9b99048d188017816358f581a86b27df1c388161,backend/research_series/numba_kernels.py,macro_profile_kernel,162,b0e0fa42466df8d90c9e7e399641523843a8c8ffe2ba009ee87b6701d2af09d3,"njit(_MACRO_PROFILE_RESULT(_F1, int64), cache=False, nogil=True)",M2,pending_assessment,pending_trace,pending_baseline,pending_baseline
backend/research_series/numba_kernels.py::release_lag_days_kernel,9b99048d188017816358f581a86b27df1c388161,backend/research_series/numba_kernels.py,release_lag_days_kernel,214,b0e0fa42466df8d90c9e7e399641523843a8c8ffe2ba009ee87b6701d2af09d3,"njit(_F1(_I1, _I1), cache=False, nogil=True)",M2,pending_assessment,pending_trace,pending_baseline,pending_baseline
backend/research_series/numba_kernels.py::sample_indices_kernel,9b99048d188017816358f581a86b27df1c388161,backend/research_series/numba_kernels.py,sample_indices_kernel,230,b0e0fa42466df8d90c9e7e399641523843a8c8ffe2ba009ee87b6701d2af09d3,"njit(_I1(int64, int64), cache=False, nogil=True)",M2,pending_assessment,pending_trace,pending_baseline,pending_baseline
backend/research_series/numba_kernels.py::finite_mask_kernel,9b99048d188017816358f581a86b27df1c388161,backend/research_series/numba_kernels.py,finite_mask_kernel,249,b0e0fa42466df8d90c9e7e399641523843a8c8ffe2ba009ee87b6701d2af09d3,"njit(_U1(_F1), cache=False, nogil=True)",M2,pending_assessment,pending_trace,pending_baseline,pending_baseline
backend/research_series/numba_kernels.py::infinite_count_kernel,9b99048d188017816358f581a86b27df1c388161,backend/research_series/numba_kernels.py,infinite_count_kernel,257,b0e0fa42466df8d90c9e7e399641523843a8c8ffe2ba009ee87b6701d2af09d3,"njit(int64(_F1), cache=False, nogil=True)",M2,pending_assessment,pending_trace,pending_baseline,pending_baseline
backend/research_series/numba_kernels.py::complement_rate_kernel,9b99048d188017816358f581a86b27df1c388161,backend/research_series/numba_kernels.py,complement_rate_kernel,266,b0e0fa42466df8d90c9e7e399641523843a8c8ffe2ba009ee87b6701d2af09d3,"njit(_F1(_F1), cache=False, nogil=True)",M2,pending_assessment,pending_trace,pending_baseline,pending_baseline
backend/research_series/numba_kernels.py::strict_intersection_dates_kernel,9b99048d188017816358f581a86b27df1c388161,backend/research_series/numba_kernels.py,strict_intersection_dates_kernel,276,b0e0fa42466df8d90c9e7e399641523843a8c8ffe2ba009ee87b6701d2af09d3,"njit(_I1(_I1, _I1), cache=False, nogil=True)",M2,pending_assessment,pending_trace,pending_baseline,pending_baseline
backend/research_series/numba_kernels.py::align_values_kernel,9b99048d188017816358f581a86b27df1c388161,backend/research_series/numba_kernels.py,align_values_kernel,302,b0e0fa42466df8d90c9e7e399641523843a8c8ffe2ba009ee87b6701d2af09d3,"njit(_F1(_I1, _I1, _F1), cache=False, nogil=True)",M2,pending_assessment,pending_trace,pending_baseline,pending_baseline
backend/research_series/numba_kernels.py::standardize_matrix_kernel,9b99048d188017816358f581a86b27df1c388161,backend/research_series/numba_kernels.py,standardize_matrix_kernel,327,b0e0fa42466df8d90c9e7e399641523843a8c8ffe2ba009ee87b6701d2af09d3,"njit(_F2(_F2), cache=False, nogil=True)",M2,pending_assessment,pending_trace,pending_baseline,pending_baseline
backend/research_series/numba_kernels.py::pearson_matrix_kernel,9b99048d188017816358f581a86b27df1c388161,backend/research_series/numba_kernels.py,pearson_matrix_kernel,358,b0e0fa42466df8d90c9e7e399641523843a8c8ffe2ba009ee87b6701d2af09d3,"njit(_CORRELATION_RESULT(_F2), cache=False, nogil=True)",M2,pending_assessment,pending_trace,pending_baseline,pending_baseline
backend/research_series/numba_kernels.py::complete_case_indices_kernel,9b99048d188017816358f581a86b27df1c388161,backend/research_series/numba_kernels.py,complete_case_indices_kernel,401,b0e0fa42466df8d90c9e7e399641523843a8c8ffe2ba009ee87b6701d2af09d3,"njit(_I1(_F2), cache=False, nogil=True)",M2,pending_assessment,pending_trace,pending_baseline,pending_baseline
backend/research_series/numba_kernels.py::pair_valid_indices_kernel,9b99048d188017816358f581a86b27df1c388161,backend/research_series/numba_kernels.py,pair_valid_indices_kernel,418,b0e0fa42466df8d90c9e7e399641523843a8c8ffe2ba009ee87b6701d2af09d3,"njit(_I1(_F2, int64, int64), cache=False, nogil=True)",M2,pending_assessment,pending_trace,pending_baseline,pending_baseline
backend/research_series/numba_kernels.py::adjusted_price_kernel,9b99048d188017816358f581a86b27df1c388161,backend/research_series/numba_kernels.py,adjusted_price_kernel,443,b0e0fa42466df8d90c9e7e399641523843a8c8ffe2ba009ee87b6701d2af09d3,"njit(_F1(_F1, _F1, int64), cache=False, nogil=True)",M2,pending_assessment,pending_trace,pending_baseline,pending_baseline
backend/scenario_stress/numba_kernels.py::horizon_tail_evidence_kernel,9b99048d188017816358f581a86b27df1c388161,backend/scenario_stress/numba_kernels.py,horizon_tail_evidence_kernel,48,bb53056653d697c698dab4ac5e716d96dbaec9071157d755c3fbef32e9831b79,"njit(_HORIZON_TAIL_RESULT(_F64_2D, _F64_2D, types.float64), cache=True, nogil=True)",M6,pending_assessment,pending_trace,pending_baseline,pending_baseline
backend/scenario_stress/numba_kernels.py::portfolio_weight_summary_kernel,9b99048d188017816358f581a86b27df1c388161,backend/scenario_stress/numba_kernels.py,portfolio_weight_summary_kernel,104,bb53056653d697c698dab4ac5e716d96dbaec9071157d755c3fbef32e9831b79,"njit(_WEIGHT_SUMMARY_RESULT(_F64_1D, types.float64, types.float64, types.float64, types.float64), cache=True, nogil=True)",M6,pending_assessment,pending_trace,pending_baseline,pending_baseline
backend/scenario_stress/numba_kernels.py::coverage_weights_kernel,9b99048d188017816358f581a86b27df1c388161,backend/scenario_stress/numba_kernels.py,coverage_weights_kernel,163,bb53056653d697c698dab4ac5e716d96dbaec9071157d755c3fbef32e9831b79,"njit(types.Tuple((_F64_1D, types.float64, types.int64, _U8_1D))(_F64_1D, _U8_1D, types.int64, types.float64), cache=True, nogil=True)",M6,pending_assessment,pending_trace,pending_baseline,pending_baseline
backend/scenario_stress/numba_kernels.py::deterministic_paths_kernel,9b99048d188017816358f581a86b27df1c388161,backend/scenario_stress/numba_kernels.py,deterministic_paths_kernel,228,bb53056653d697c698dab4ac5e716d96dbaec9071157d755c3fbef32e9831b79,"njit(types.Tuple((_F64_1D, _F64_2D, _F64_1D, _I64_1D, _U8_2D, _F64_1D, _F64_1D, _F64_1D, _F64_1D, _U8_1D, types.float64))(_F64_2D, _F64_1D, types.int64, types.float64, types.float64), cache=True, nogil=True)",M6,pending_assessment,pending_trace,pending_baseline,pending_baseline
backend/scenario_stress/numba_kernels.py::expand_factor_path_kernel,9b99048d188017816358f581a86b27df1c388161,backend/scenario_stress/numba_kernels.py,expand_factor_path_kernel,363,bb53056653d697c698dab4ac5e716d96dbaec9071157d755c3fbef32e9831b79,"njit(_F64_2D(_F64_1D, types.int64, types.int64, types.float64), cache=True, nogil=True)",M6,pending_assessment,pending_trace,pending_baseline,pending_baseline
backend/scenario_stress/numba_kernels.py::scale_factor_path_kernel,9b99048d188017816358f581a86b27df1c388161,backend/scenario_stress/numba_kernels.py,scale_factor_path_kernel,381,bb53056653d697c698dab4ac5e716d96dbaec9071157d755c3fbef32e9831b79,"njit(_F64_2D(_F64_2D, types.float64), cache=True, nogil=True)",M6,pending_assessment,pending_trace,pending_baseline,pending_baseline
backend/scenario_stress/numba_kernels.py::seeded_factor_draws_kernel,9b99048d188017816358f581a86b27df1c388161,backend/scenario_stress/numba_kernels.py,seeded_factor_draws_kernel,401,bb53056653d697c698dab4ac5e716d96dbaec9071157d755c3fbef32e9831b79,"njit(types.Tuple((_F64_3D, _F64_2D))(types.int64, types.int64, types.int64, types.int64, types.int64, types.float64), cache=True, nogil=True)",M6,pending_assessment,pending_trace,pending_baseline,pending_baseline
backend/scenario_stress/numba_kernels.py::seeded_uniform_draws_kernel,9b99048d188017816358f581a86b27df1c388161,backend/scenario_stress/numba_kernels.py,seeded_uniform_draws_kernel,432,bb53056653d697c698dab4ac5e716d96dbaec9071157d755c3fbef32e9831b79,"njit(_F64_2D(types.int64, types.int64, types.int64), cache=True, nogil=True)",M6,pending_assessment,pending_trace,pending_baseline,pending_baseline
backend/scenario_stress/numba_kernels.py::normalize_transition_counts_kernel,9b99048d188017816358f581a86b27df1c388161,backend/scenario_stress/numba_kernels.py,normalize_transition_counts_kernel,452,bb53056653d697c698dab4ac5e716d96dbaec9071157d755c3fbef32e9831b79,"njit(types.Tuple((_F64_2D, _U8_1D, types.int64))(_F64_2D), cache=True, nogil=True)",M6,pending_assessment,pending_trace,pending_baseline,pending_baseline
backend/scenario_stress/numba_kernels.py::metric_deltas_kernel,9b99048d188017816358f581a86b27df1c388161,backend/scenario_stress/numba_kernels.py,metric_deltas_kernel,483,bb53056653d697c698dab4ac5e716d96dbaec9071157d755c3fbef32e9831b79,"njit(types.Tuple((_F64_2D, _U8_2D))(_F64_2D, _U8_2D, _F64_2D, _U8_2D), cache=True, nogil=True)",M6,pending_assessment,pending_trace,pending_baseline,pending_baseline
backend/scenario_stress/numba_kernels.py::factor_to_asset_kernel,9b99048d188017816358f581a86b27df1c388161,backend/scenario_stress/numba_kernels.py,factor_to_asset_kernel,518,bb53056653d697c698dab4ac5e716d96dbaec9071157d755c3fbef32e9831b79,"njit(types.Tuple((_F64_2D, types.int64, types.int64, types.int64))(_F64_2D, _F64_2D, _F64_1D, _U8_1D), cache=True, nogil=True)",M6,pending_assessment,pending_trace,pending_baseline,pending_baseline
backend/scenario_stress/numba_kernels.py::covariance_root_kernel,9b99048d188017816358f581a86b27df1c388161,backend/scenario_stress/numba_kernels.py,covariance_root_kernel,547,bb53056653d697c698dab4ac5e716d96dbaec9071157d755c3fbef32e9831b79,"njit(types.Tuple((_F64_2D, types.float64, types.int64))(_F64_1D, _F64_2D), cache=True, nogil=True)",M6,pending_assessment,pending_trace,pending_baseline,pending_baseline
backend/scenario_stress/numba_kernels.py::transform_factor_draws_kernel,9b99048d188017816358f581a86b27df1c388161,backend/scenario_stress/numba_kernels.py,transform_factor_draws_kernel,597,bb53056653d697c698dab4ac5e716d96dbaec9071157d755c3fbef32e9831b79,"njit(types.void(_F64_3D, _F64_2D, _F64_2D, _F64_1D, types.int64, types.float64), cache=True, nogil=True)",M6,pending_assessment,pending_trace,pending_baseline,pending_baseline
backend/scenario_stress/numba_kernels.py::monte_carlo_projection_kernel,9b99048d188017816358f581a86b27df1c388161,backend/scenario_stress/numba_kernels.py,monte_carlo_projection_kernel,640,bb53056653d697c698dab4ac5e716d96dbaec9071157d755c3fbef32e9831b79,"njit(types.Tuple((_F64_2D, _F64_1D, types.int64, types.int64, types.int64, types.float64))(_F64_3D, _F64_2D, _F64_1D, _F64_1D, _U8_1D), cache=True, nogil=True)",M6,pending_assessment,pending_trace,pending_baseline,pending_baseline
backend/scenario_stress/numba_kernels.py::returns_to_nav_kernel,9b99048d188017816358f581a86b27df1c388161,backend/scenario_stress/numba_kernels.py,returns_to_nav_kernel,691,bb53056653d697c698dab4ac5e716d96dbaec9071157d755c3fbef32e9831b79,"njit(types.Tuple((_F64_2D, _F64_1D, _F64_1D, types.int64, types.int64, types.int64, types.float64))(_F64_2D, types.float64), cache=True, nogil=True)",M6,pending_assessment,pending_trace,pending_baseline,pending_baseline
backend/scenario_stress/numba_kernels.py::quantile_sorted_kernel,9b99048d188017816358f581a86b27df1c388161,backend/scenario_stress/numba_kernels.py,quantile_sorted_kernel,726,bb53056653d697c698dab4ac5e716d96dbaec9071157d755c3fbef32e9831b79,"njit(types.float64(_F64_1D, types.float64), cache=True, nogil=True, inline='always')",M6,pending_assessment,pending_trace,pending_baseline,pending_baseline
backend/scenario_stress/numba_kernels.py::fan_statistics_kernel,9b99048d188017816358f581a86b27df1c388161,backend/scenario_stress/numba_kernels.py,fan_statistics_kernel,744,bb53056653d697c698dab4ac5e716d96dbaec9071157d755c3fbef32e9831b79,"njit(types.Tuple((_F64_2D, _F64_1D))(_F64_2D, _F64_1D, _F64_1D, types.float64), cache=True, nogil=True)",M6,pending_assessment,pending_trace,pending_baseline,pending_baseline
backend/scenario_stress/numba_kernels.py::transition_validation_kernel,9b99048d188017816358f581a86b27df1c388161,backend/scenario_stress/numba_kernels.py,transition_validation_kernel,802,bb53056653d697c698dab4ac5e716d96dbaec9071157d755c3fbef32e9831b79,"njit(types.Tuple((_F64_2D, types.int64))(_F64_2D), cache=True, nogil=True)",M6,pending_assessment,pending_trace,pending_baseline,pending_baseline
backend/scenario_stress/numba_kernels.py::regime_paths_kernel,9b99048d188017816358f581a86b27df1c388161,backend/scenario_stress/numba_kernels.py,regime_paths_kernel,832,bb53056653d697c698dab4ac5e716d96dbaec9071157d755c3fbef32e9831b79,"njit(types.Tuple((_I64_2D, _F64_2D))(_F64_2D, _F64_2D, types.int64, types.int64), cache=True, nogil=True)",M6,pending_assessment,pending_trace,pending_baseline,pending_baseline
backend/scenario_stress/numba_kernels.py::state_path_returns_kernel,9b99048d188017816358f581a86b27df1c388161,backend/scenario_stress/numba_kernels.py,state_path_returns_kernel,863,bb53056653d697c698dab4ac5e716d96dbaec9071157d755c3fbef32e9831b79,"njit(_F64_2D(_I64_2D, _F64_1D), cache=True, nogil=True)",M6,pending_assessment,pending_trace,pending_baseline,pending_baseline
backend/scenario_stress/numba_kernels.py::state_weighted_contributions_kernel,9b99048d188017816358f581a86b27df1c388161,backend/scenario_stress/numba_kernels.py,state_weighted_contributions_kernel,876,bb53056653d697c698dab4ac5e716d96dbaec9071157d755c3fbef32e9831b79,"njit(_F64_1D(_I64_2D, _F64_2D), cache=True, nogil=True)",M6,pending_assessment,pending_trace,pending_baseline,pending_baseline
backend/scenario_stress/numba_kernels.py::prepare_historical_state_samples_kernel,9b99048d188017816358f581a86b27df1c388161,backend/scenario_stress/numba_kernels.py,prepare_historical_state_samples_kernel,914,bb53056653d697c698dab4ac5e716d96dbaec9071157d755c3fbef32e9831b79,"njit(types.Tuple((_F64_2D, _I64_1D, _I64_1D, _F64_2D, _F64_2D, types.int64, types.int64, types.int64))(_F64_2D, _I64_1D, _I64_1D, _F64_2D, types.int64), cache=True, nogil=True)",M6,pending_assessment,pending_trace,pending_baseline,pending_baseline
backend/scenario_stress/numba_kernels.py::empirical_regime_projection_kernel,9b99048d188017816358f581a86b27df1c388161,backend/scenario_stress/numba_kernels.py,empirical_regime_projection_kernel,1022,bb53056653d697c698dab4ac5e716d96dbaec9071157d755c3fbef32e9831b79,"njit(types.Tuple((_F64_2D, _F64_1D, types.int64, types.int64, types.int64, types.float64))(_I64_2D, _F64_2D, _F64_2D, _I64_1D, _F64_1D), cache=True, nogil=True)",M6,pending_assessment,pending_trace,pending_baseline,pending_baseline
backend/scenario_stress/numba_kernels.py::compare_limit_kernel,9b99048d188017816358f581a86b27df1c388161,backend/scenario_stress/numba_kernels.py,compare_limit_kernel,1077,bb53056653d697c698dab4ac5e716d96dbaec9071157d755c3fbef32e9831b79,"njit(types.uint8(types.float64, types.float64, types.int64), cache=True, nogil=True, inline='always')",M6,pending_assessment,pending_trace,pending_baseline,pending_baseline
backend/scenario_stress/numba_kernels.py::limit_evaluation_kernel,9b99048d188017816358f581a86b27df1c388161,backend/scenario_stress/numba_kernels.py,limit_evaluation_kernel,1103,bb53056653d697c698dab4ac5e716d96dbaec9071157d755c3fbef32e9831b79,"njit(types.Tuple((_F64_1D, _I64_1D, _I64_1D, types.int64, types.int64))(_F64_1D, _U8_1D, _I64_1D, _I64_1D, _F64_1D, types.float64, _F64_1D, _F64_1D, _F64_1D, types.int64), cache=True, nogil=True)",M6,pending_assessment,pending_trace,pending_baseline,pending_baseline
backend/scenario_stress/numba_kernels.py::reverse_stress_kernel,9b99048d188017816358f581a86b27df1c388161,backend/scenario_stress/numba_kernels.py,reverse_stress_kernel,1180,bb53056653d697c698dab4ac5e716d96dbaec9071157d755c3fbef32e9831b79,"njit(types.Tuple((types.int64, types.int64, _F64_2D, _F64_2D, _F64_2D, _F64_1D, _F64_1D, _F64_1D, _U8_1D, _I64_1D, _I64_1D, _I64_1D, _I64_1D, types.int64, types.int64, _F64_1D))(_F64_2D, _F64_1D, _F64_2D, _F64_1D, _U8_1D, types.float64, types.float64), cache=True, nogil=True)",M6,pending_assessment,pending_trace,pending_baseline,pending_baseline
backend/scenario_stress/numba_kernels.py::horizon_level_evidence_kernel,9b99048d188017816358f581a86b27df1c388161,backend/scenario_stress/numba_kernels.py,horizon_level_evidence_kernel,1392,bb53056653d697c698dab4ac5e716d96dbaec9071157d755c3fbef32e9831b79,"njit(types.Tuple((_F64_1D, types.float64))(_F64_2D, _I64_1D, types.int64), cache=True, nogil=True)",M6,pending_assessment,pending_trace,pending_baseline,pending_baseline
backend/sensitivity/kernels.py::resample_transform_kernel,9b99048d188017816358f581a86b27df1c388161,backend/sensitivity/kernels.py,resample_transform_kernel,31,d19b7f3777494ed2ff5704383a693941aeb1f56ac2d9e3bec2328e561c1acd18,"njit(types.Tuple((F1, I1, F1))(RI, RI, RI, R1, RI, RI, int64, int64, int64), cache=True, nogil=True)",M8,pending_assessment,pending_trace,pending_baseline,pending_baseline
backend/sensitivity/kernels.py::lag_features_kernel,9b99048d188017816358f581a86b27df1c388161,backend/sensitivity/kernels.py,lag_features_kernel,72,d19b7f3777494ed2ff5704383a693941aeb1f56ac2d9e3bec2328e561c1acd18,"njit(F2(R2, int64), cache=True, nogil=True)",M8,pending_assessment,pending_trace,pending_baseline,pending_baseline
backend/sensitivity/kernels.py::standardize_kernel,9b99048d188017816358f581a86b27df1c388161,backend/sensitivity/kernels.py,standardize_kernel,87,d19b7f3777494ed2ff5704383a693941aeb1f56ac2d9e3bec2328e561c1acd18,"njit(types.Tuple((F2, F1, F1, int64))(R2, int64), cache=True, nogil=True)",M8,pending_assessment,pending_trace,pending_baseline,pending_baseline
backend/sensitivity/kernels.py::sample_metadata_kernel,9b99048d188017816358f581a86b27df1c388161,backend/sensitivity/kernels.py,sample_metadata_kernel,125,d19b7f3777494ed2ff5704383a693941aeb1f56ac2d9e3bec2328e561c1acd18,"njit(I2(R2, R2, RI, int64), cache=True, nogil=True)",M8,pending_assessment,pending_trace,pending_baseline,pending_baseline
backend/sensitivity/kernels.py::restore_coefficients_kernel,9b99048d188017816358f581a86b27df1c388161,backend/sensitivity/kernels.py,restore_coefficients_kernel,146,d19b7f3777494ed2ff5704383a693941aeb1f56ac2d9e3bec2328e561c1acd18,"njit(F2(R2, R1, R1), cache=True, nogil=True)",M8,pending_assessment,pending_trace,pending_baseline,pending_baseline
backend/sensitivity/kernels.py::validation_status_kernel,9b99048d188017816358f581a86b27df1c388161,backend/sensitivity/kernels.py,validation_status_kernel,159,d19b7f3777494ed2ff5704383a693941aeb1f56ac2d9e3bec2328e561c1acd18,"njit(I1(R2, R2, int64, int64, float64), cache=True, nogil=True)",M8,pending_assessment,pending_trace,pending_baseline,pending_baseline
backend/sensitivity/kernels.py::transmission_kernel,9b99048d188017816358f581a86b27df1c388161,backend/sensitivity/kernels.py,transmission_kernel,175,d19b7f3777494ed2ff5704383a693941aeb1f56ac2d9e3bec2328e561c1acd18,"njit(F2(R2, R2, int64), cache=True, nogil=True)",M8,pending_assessment,pending_trace,pending_baseline,pending_baseline
backend/sensitivity/kernels.py::display_shocks_kernel,9b99048d188017816358f581a86b27df1c388161,backend/sensitivity/kernels.py,display_shocks_kernel,191,d19b7f3777494ed2ff5704383a693941aeb1f56ac2d9e3bec2328e561c1acd18,"njit(F2(R2, RI), cache=True, nogil=True)",M8,pending_assessment,pending_trace,pending_baseline,pending_baseline
backend/sensitivity/kernels.py::reference_responses_kernel,9b99048d188017816358f581a86b27df1c388161,backend/sensitivity/kernels.py,reference_responses_kernel,201,d19b7f3777494ed2ff5704383a693941aeb1f56ac2d9e3bec2328e561c1acd18,"njit(F2(R2, RI, RI), cache=True, nogil=True)",M8,pending_assessment,pending_trace,pending_baseline,pending_baseline
backend/sensitivity/kernels.py::cashflow_metrics_kernel,9b99048d188017816358f581a86b27df1c388161,backend/sensitivity/kernels.py,cashflow_metrics_kernel,212,d19b7f3777494ed2ff5704383a693941aeb1f56ac2d9e3bec2328e561c1acd18,"njit(types.Tuple((F1, int64))(R1, R1, float64, int64), cache=True, nogil=True)",M8,pending_assessment,pending_trace,pending_baseline,pending_baseline
backend/sensitivity/kernels.py::cashflow_shock_kernel,9b99048d188017816358f581a86b27df1c388161,backend/sensitivity/kernels.py,cashflow_shock_kernel,239,d19b7f3777494ed2ff5704383a693941aeb1f56ac2d9e3bec2328e561c1acd18,"njit(types.Tuple((F1, int64))(R1, R1, float64, int64, float64), cache=True, nogil=True)",M8,pending_assessment,pending_trace,pending_baseline,pending_baseline
backend/sensitivity/kernels.py::wealth_impact_kernel,9b99048d188017816358f581a86b27df1c388161,backend/sensitivity/kernels.py,wealth_impact_kernel,253,d19b7f3777494ed2ff5704383a693941aeb1f56ac2d9e3bec2328e561c1acd18,"njit(types.Tuple((F2, F1, F2, F2, int64))(R2, R1, int64), cache=True, nogil=True)",M8,pending_assessment,pending_trace,pending_baseline,pending_baseline
backend/sensitivity/kernels.py::linked_factor_contributions_kernel,9b99048d188017816358f581a86b27df1c388161,backend/sensitivity/kernels.py,linked_factor_contributions_kernel,292,d19b7f3777494ed2ff5704383a693941aeb1f56ac2d9e3bec2328e561c1acd18,"njit(F1(R2, R2, R2, R2), cache=True, nogil=True)",M8,pending_assessment,pending_trace,pending_baseline,pending_baseline
backend/sensitivity/kernels.py::ending_weights_kernel,9b99048d188017816358f581a86b27df1c388161,backend/sensitivity/kernels.py,ending_weights_kernel,310,d19b7f3777494ed2ff5704383a693941aeb1f56ac2d9e3bec2328e561c1acd18,"njit(types.Tuple((F1, int64))(R1, R1), cache=True, nogil=True)",M8,pending_assessment,pending_trace,pending_baseline,pending_baseline
backend/sensitivity/kernels.py::impact_summary_kernel,9b99048d188017816358f581a86b27df1c388161,backend/sensitivity/kernels.py,impact_summary_kernel,321,d19b7f3777494ed2ff5704383a693941aeb1f56ac2d9e3bec2328e561c1acd18,"njit(F1(R2, R1, R1, float64), cache=True, nogil=True)",M8,pending_assessment,pending_trace,pending_baseline,pending_baseline
backend/strategic_allocation/cma_model_kernels.py::covariance_diagnostics_kernel,9b99048d188017816358f581a86b27df1c388161,backend/strategic_allocation/cma_model_kernels.py,covariance_diagnostics_kernel,23,ed5932c8658c8ad9f50fafa616fb08320f21a4a8b423d268b4293c6ee726f465,"njit((M,), cache=True, nogil=True)",M7,pending_assessment,pending_trace,pending_baseline,pending_baseline
backend/strategic_allocation/cma_model_kernels.py::validate_effective_returns_kernel,9b99048d188017816358f581a86b27df1c388161,backend/strategic_allocation/cma_model_kernels.py,validate_effective_returns_kernel,44,ed5932c8658c8ad9f50fafa616fb08320f21a4a8b423d268b4293c6ee726f465,"njit((V,), cache=True, nogil=True)",M7,pending_assessment,pending_trace,pending_baseline,pending_baseline
backend/strategic_allocation/cma_model_kernels.py::black_litterman_update_kernel,9b99048d188017816358f581a86b27df1c388161,backend/strategic_allocation/cma_model_kernels.py,black_litterman_update_kernel,51,ed5932c8658c8ad9f50fafa616fb08320f21a4a8b423d268b4293c6ee726f465,"njit((M, V, M, V, V, float64, float64, float64), cache=True, nogil=True)",M7,pending_assessment,pending_trace,pending_baseline,pending_baseline
backend/strategic_allocation/cma_model_kernels.py::black_litterman_kernel,9b99048d188017816358f581a86b27df1c388161,backend/strategic_allocation/cma_model_kernels.py,black_litterman_kernel,150,ed5932c8658c8ad9f50fafa616fb08320f21a4a8b423d268b4293c6ee726f465,"njit((M, V, M, V, V, float64, float64, float64), cache=True, nogil=True)",M7,pending_assessment,pending_trace,pending_baseline,pending_baseline
backend/strategic_allocation/cma_model_kernels.py::black_litterman_diagnostics_kernel,9b99048d188017816358f581a86b27df1c388161,backend/strategic_allocation/cma_model_kernels.py,black_litterman_diagnostics_kernel,159,ed5932c8658c8ad9f50fafa616fb08320f21a4a8b423d268b4293c6ee726f465,"njit((M, V, V, M, V, V, V), cache=True, nogil=True)",M7,pending_assessment,pending_trace,pending_baseline,pending_baseline
backend/strategic_allocation/cma_model_kernels.py::mixture_moments_kernel,9b99048d188017816358f581a86b27df1c388161,backend/strategic_allocation/cma_model_kernels.py,mixture_moments_kernel,185,ed5932c8658c8ad9f50fafa616fb08320f21a4a8b423d268b4293c6ee726f465,"njit((V, M, D, types.boolean), cache=True, nogil=True)",M7,pending_assessment,pending_trace,pending_baseline,pending_baseline
backend/strategic_allocation/cma_model_kernels.py::scenario_mixture_kernel,9b99048d188017816358f581a86b27df1c388161,backend/strategic_allocation/cma_model_kernels.py,scenario_mixture_kernel,218,ed5932c8658c8ad9f50fafa616fb08320f21a4a8b423d268b4293c6ee726f465,"njit((V, M, D, types.boolean), cache=True, nogil=True)",M7,pending_assessment,pending_trace,pending_baseline,pending_baseline
backend/strategic_allocation/cma_statistical_kernels.py::beta_fraction,9b99048d188017816358f581a86b27df1c388161,backend/strategic_allocation/cma_statistical_kernels.py,beta_fraction,29,8c8f98b35b618928926cbb525baf91c4eacd1c3fc00982be638a29df71653de5,"njit((float64, float64, float64), cache=True, nogil=True)",M7,pending_assessment,pending_trace,pending_baseline,pending_baseline
backend/strategic_allocation/cma_statistical_kernels.py::regularized_beta,9b99048d188017816358f581a86b27df1c388161,backend/strategic_allocation/cma_statistical_kernels.py,regularized_beta,65,8c8f98b35b618928926cbb525baf91c4eacd1c3fc00982be638a29df71653de5,"njit((float64, float64, float64), cache=True, nogil=True)",M7,pending_assessment,pending_trace,pending_baseline,pending_baseline
backend/strategic_allocation/cma_statistical_kernels.py::student_t_quantile,9b99048d188017816358f581a86b27df1c388161,backend/strategic_allocation/cma_statistical_kernels.py,student_t_quantile,78,8c8f98b35b618928926cbb525baf91c4eacd1c3fc00982be638a29df71653de5,"njit((float64, float64), cache=True, nogil=True)",M7,pending_assessment,pending_trace,pending_baseline,pending_baseline
backend/strategic_allocation/cma_statistical_kernels.py::statistical_covariance_diagnostics,9b99048d188017816358f581a86b27df1c388161,backend/strategic_allocation/cma_statistical_kernels.py,statistical_covariance_diagnostics,105,8c8f98b35b618928926cbb525baf91c4eacd1c3fc00982be638a29df71653de5,"njit((M,), cache=True, nogil=True)",M7,pending_assessment,pending_trace,pending_baseline,pending_baseline
backend/strategic_allocation/cma_statistical_kernels.py::manual_covariance_with_cash,9b99048d188017816358f581a86b27df1c388161,backend/strategic_allocation/cma_statistical_kernels.py,manual_covariance_with_cash,145,8c8f98b35b618928926cbb525baf91c4eacd1c3fc00982be638a29df71653de5,"njit((V, M), cache=True, nogil=True)",M7,pending_assessment,pending_trace,pending_baseline,pending_baseline
backend/strategic_allocation/cma_statistical_kernels.py::historical_estimate,9b99048d188017816358f581a86b27df1c388161,backend/strategic_allocation/cma_statistical_kernels.py,historical_estimate,182,8c8f98b35b618928926cbb525baf91c4eacd1c3fc00982be638a29df71653de5,"njit((M, float64), cache=True, nogil=True)",M7,pending_assessment,pending_trace,pending_baseline,pending_baseline
backend/strategic_allocation/cma_statistical_kernels.py::niw_update,9b99048d188017816358f581a86b27df1c388161,backend/strategic_allocation/cma_statistical_kernels.py,niw_update,197,8c8f98b35b618928926cbb525baf91c4eacd1c3fc00982be638a29df71653de5,"njit((M, V, M, float64, float64), cache=True, nogil=True)",M7,pending_assessment,pending_trace,pending_baseline,pending_baseline
backend/strategic_allocation/cma_statistical_kernels.py::recenter_niw_prior,9b99048d188017816358f581a86b27df1c388161,backend/strategic_allocation/cma_statistical_kernels.py,recenter_niw_prior,234,8c8f98b35b618928926cbb525baf91c4eacd1c3fc00982be638a29df71653de5,"njit((V, M, float64, float64), cache=True, nogil=True)",M7,pending_assessment,pending_trace,pending_baseline,pending_baseline
backend/strategic_allocation/cma_statistical_kernels.py::conditional_state_moments,9b99048d188017816358f581a86b27df1c388161,backend/strategic_allocation/cma_statistical_kernels.py,conditional_state_moments,242,8c8f98b35b618928926cbb525baf91c4eacd1c3fc00982be638a29df71653de5,"njit((M, I, int64, float64), cache=True, nogil=True)",M7,pending_assessment,pending_trace,pending_baseline,pending_baseline
backend/strategic_allocation/cma_statistical_kernels.py::occupancy_probabilities,9b99048d188017816358f581a86b27df1c388161,backend/strategic_allocation/cma_statistical_kernels.py,occupancy_probabilities,279,8c8f98b35b618928926cbb525baf91c4eacd1c3fc00982be638a29df71653de5,"njit((I,), cache=True, nogil=True)",M7,pending_assessment,pending_trace,pending_baseline,pending_baseline
backend/strategic_allocation/cma_statistical_kernels.py::annualize_moments,9b99048d188017816358f581a86b27df1c388161,backend/strategic_allocation/cma_statistical_kernels.py,annualize_moments,294,8c8f98b35b618928926cbb525baf91c4eacd1c3fc00982be638a29df71653de5,"njit((V, M, int64), cache=True, nogil=True)",M7,pending_assessment,pending_trace,pending_baseline,pending_baseline
backend/strategic_allocation/cma_statistical_kernels.py::regime_transition_diagnostics_kernel,9b99048d188017816358f581a86b27df1c388161,backend/strategic_allocation/cma_statistical_kernels.py,regime_transition_diagnostics_kernel,301,8c8f98b35b618928926cbb525baf91c4eacd1c3fc00982be638a29df71653de5,"njit((I, int64), cache=True, nogil=True)",M7,pending_assessment,pending_trace,pending_baseline,pending_baseline
backend/strategic_allocation/cma_statistical_kernels.py::sample_horizon_diagnostics_kernel,9b99048d188017816358f581a86b27df1c388161,backend/strategic_allocation/cma_statistical_kernels.py,sample_horizon_diagnostics_kernel,361,8c8f98b35b618928926cbb525baf91c4eacd1c3fc00982be638a29df71653de5,"njit((int64, int64), cache=True, nogil=True)",M7,pending_assessment,pending_trace,pending_baseline,pending_baseline
backend/strategic_allocation/compatibility_kernels.py::prepare_problem_kernel,9b99048d188017816358f581a86b27df1c388161,backend/strategic_allocation/compatibility_kernels.py,prepare_problem_kernel,26,6440e6291d5520c728c523830ed874ae3db7bd55eca1184a4a7f76ef59f5fc4f,"njit((M, T, M, M, V, V, V, F, F, F, F, V, I), cache=True, nogil=True)",M7,pending_assessment,pending_trace,pending_baseline,pending_baseline
backend/strategic_allocation/compatibility_kernels.py::linear_master_kernel,9b99048d188017816358f581a86b27df1c388161,backend/strategic_allocation/compatibility_kernels.py,linear_master_kernel,95,6440e6291d5520c728c523830ed874ae3db7bd55eca1184a4a7f76ef59f5fc4f,"njit((M, V, V, V, V, V, I), cache=True, nogil=True)",M7,pending_assessment,pending_trace,pending_baseline,pending_baseline
backend/strategic_allocation/compatibility_kernels.py::quadratic_support_kernel,9b99048d188017816358f581a86b27df1c388161,backend/strategic_allocation/compatibility_kernels.py,quadratic_support_kernel,149,6440e6291d5520c728c523830ed874ae3db7bd55eca1184a4a7f76ef59f5fc4f,"njit((V, T, V, F, F), cache=True, nogil=True)",M7,pending_assessment,pending_trace,pending_baseline,pending_baseline
backend/strategic_allocation/compatibility_kernels.py::worst_model_summary_kernel,9b99048d188017816358f581a86b27df1c388161,backend/strategic_allocation/compatibility_kernels.py,worst_model_summary_kernel,178,6440e6291d5520c728c523830ed874ae3db7bd55eca1184a4a7f76ef59f5fc4f,"njit((M, V), cache=True, nogil=True)",M7,pending_assessment,pending_trace,pending_baseline,pending_baseline
backend/strategic_allocation/compatibility_kernels.py::prepare_outer_workspace_kernel,9b99048d188017816358f581a86b27df1c388161,backend/strategic_allocation/compatibility_kernels.py,prepare_outer_workspace_kernel,193,6440e6291d5520c728c523830ed874ae3db7bd55eca1184a4a7f76ef59f5fc4f,"njit((M, V, V, I, I), cache=True, nogil=True)",M7,pending_assessment,pending_trace,pending_baseline,pending_baseline
backend/strategic_allocation/compatibility_kernels.py::advance_outer_approximation_kernel,9b99048d188017816358f581a86b27df1c388161,backend/strategic_allocation/compatibility_kernels.py,advance_outer_approximation_kernel,209,6440e6291d5520c728c523830ed874ae3db7bd55eca1184a4a7f76ef59f5fc4f,"njit((WI, WV, WM, WV, WV, WV, WV, V, V, V, T, V, F, F, I, I, F, I), cache=True, nogil=True)",M7,pending_assessment,pending_trace,pending_baseline,pending_baseline
backend/strategic_allocation/goal_kernels.py::funding_schedule_kernel,9b99048d188017816358f581a86b27df1c388161,backend/strategic_allocation/goal_kernels.py,funding_schedule_kernel,19,32f4a30a3a1dead7022585aa76854552b5fb2f2e3e1592c823194825975bb2a2,"njit((I, V, N, F, N), cache=True, nogil=True)",M7,pending_assessment,pending_trace,pending_baseline,pending_baseline
backend/strategic_allocation/goal_kernels.py::funding_pass_kernel,9b99048d188017816358f581a86b27df1c388161,backend/strategic_allocation/goal_kernels.py,funding_pass_kernel,40,32f4a30a3a1dead7022585aa76854552b5fb2f2e3e1592c823194825975bb2a2,"njit((F, F, V, V, F, F), cache=True, nogil=True)",M7,pending_assessment,pending_trace,pending_baseline,pending_baseline
backend/strategic_allocation/goal_kernels.py::required_return_kernel,9b99048d188017816358f581a86b27df1c388161,backend/strategic_allocation/goal_kernels.py,required_return_kernel,51,32f4a30a3a1dead7022585aa76854552b5fb2f2e3e1592c823194825975bb2a2,"njit((F, V, V, F, F), cache=True, nogil=True)",M7,pending_assessment,pending_trace,pending_baseline,pending_baseline
backend/strategic_allocation/goal_kernels.py::funding_summary_kernel,9b99048d188017816358f581a86b27df1c388161,backend/strategic_allocation/goal_kernels.py,funding_summary_kernel,73,32f4a30a3a1dead7022585aa76854552b5fb2f2e3e1592c823194825975bb2a2,"njit((F, F, F, N, F, F, N, V, V, N, F), cache=True, nogil=True)",M7,pending_assessment,pending_trace,pending_baseline,pending_baseline
backend/strategic_allocation/goal_kernels.py::wilson_interval_kernel,9b99048d188017816358f581a86b27df1c388161,backend/strategic_allocation/goal_kernels.py,wilson_interval_kernel,96,32f4a30a3a1dead7022585aa76854552b5fb2f2e3e1592c823194825975bb2a2,"njit((N, N), cache=True, nogil=True)",M7,pending_assessment,pending_trace,pending_baseline,pending_baseline
backend/strategic_allocation/goal_kernels.py::capital_gate_kernel,9b99048d188017816358f581a86b27df1c388161,backend/strategic_allocation/goal_kernels.py,capital_gate_kernel,109,32f4a30a3a1dead7022585aa76854552b5fb2f2e3e1592c823194825975bb2a2,"njit((V, F), cache=True, nogil=True)",M7,pending_assessment,pending_trace,pending_baseline,pending_baseline
backend/strategic_allocation/goal_kernels.py::funding_payment_kernel,9b99048d188017816358f581a86b27df1c388161,backend/strategic_allocation/goal_kernels.py,funding_payment_kernel,139,32f4a30a3a1dead7022585aa76854552b5fb2f2e3e1592c823194825975bb2a2,"njit((F, F, F, F), cache=True, nogil=True)",M7,pending_assessment,pending_trace,pending_baseline,pending_baseline
backend/strategic_allocation/goal_kernels.py::funding_capital_successes_kernel,9b99048d188017816358f581a86b27df1c388161,backend/strategic_allocation/goal_kernels.py,funding_capital_successes_kernel,147,32f4a30a3a1dead7022585aa76854552b5fb2f2e3e1592c823194825975bb2a2,"njit((D, F, F, F, V, V, F, F), cache=True, nogil=True)",M7,pending_assessment,pending_trace,pending_baseline,pending_baseline
backend/strategic_allocation/goal_kernels.py::funding_monthly_parameters_kernel,9b99048d188017816358f581a86b27df1c388161,backend/strategic_allocation/goal_kernels.py,funding_monthly_parameters_kernel,165,32f4a30a3a1dead7022585aa76854552b5fb2f2e3e1592c823194825975bb2a2,"njit((F, F, F, N, N), cache=True, nogil=True)",M7,pending_assessment,pending_trace,pending_baseline,pending_baseline
backend/strategic_allocation/goal_kernels.py::funding_paths_from_monthly_kernel,9b99048d188017816358f581a86b27df1c388161,backend/strategic_allocation/goal_kernels.py,funding_paths_from_monthly_kernel,184,32f4a30a3a1dead7022585aa76854552b5fb2f2e3e1592c823194825975bb2a2,"njit((D, F, F, F, V, V, F, F, F, F), cache=True, nogil=True)",M7,pending_assessment,pending_trace,pending_baseline,pending_baseline
backend/strategic_allocation/goal_kernels.py::funding_paths_kernel,9b99048d188017816358f581a86b27df1c388161,backend/strategic_allocation/goal_kernels.py,funding_paths_kernel,279,32f4a30a3a1dead7022585aa76854552b5fb2f2e3e1592c823194825975bb2a2,"njit((D, F, F, F, V, V, F, F, F, F, F), cache=True, nogil=True)",M7,pending_assessment,pending_trace,pending_baseline,pending_baseline
backend/strategic_allocation/institution_kernels.py::balance_sheet_kernel,9b99048d188017816358f581a86b27df1c388161,backend/strategic_allocation/institution_kernels.py,balance_sheet_kernel,13,e36438b72b9ad9ce225ed7c05901fd69e8847374705a96e62cd64d3ab9ee7f0f,"njit((V,), cache=True, nogil=True)",M7,pending_assessment,pending_trace,pending_baseline,pending_baseline
backend/strategic_allocation/institution_kernels.py::cash_weight_kernel,9b99048d188017816358f581a86b27df1c388161,backend/strategic_allocation/institution_kernels.py,cash_weight_kernel,29,e36438b72b9ad9ce225ed7c05901fd69e8847374705a96e62cd64d3ab9ee7f0f,"njit((V, B), cache=True, nogil=True)",M7,pending_assessment,pending_trace,pending_baseline,pending_baseline
backend/strategic_allocation/kernels.py::historical_risk_kernel,9b99048d188017816358f581a86b27df1c388161,backend/strategic_allocation/kernels.py,historical_risk_kernel,26,0ff243087d2fe77751e123f892672b762893f681c1d552051f7cf3533cacb28d,"njit((M, float64, int64), cache=True, nogil=True)",M7,pending_assessment,pending_trace,pending_baseline,pending_baseline
backend/strategic_allocation/kernels.py::cma_covariance_kernel,9b99048d188017816358f581a86b27df1c388161,backend/strategic_allocation/kernels.py,cma_covariance_kernel,54,0ff243087d2fe77751e123f892672b762893f681c1d552051f7cf3533cacb28d,"njit((V, M), cache=True, nogil=True)",M7,pending_assessment,pending_trace,pending_baseline,pending_baseline
backend/strategic_allocation/kernels.py::portfolio_moments_kernel,9b99048d188017816358f581a86b27df1c388161,backend/strategic_allocation/kernels.py,portfolio_moments_kernel,81,0ff243087d2fe77751e123f892672b762893f681c1d552051f7cf3533cacb28d,"njit((V, V, M, V, float64, float64), cache=True, nogil=True)",M7,pending_assessment,pending_trace,pending_baseline,pending_baseline
backend/strategic_allocation/kernels.py::mean_covariance_diagnostics_kernel,9b99048d188017816358f581a86b27df1c388161,backend/strategic_allocation/kernels.py,mean_covariance_diagnostics_kernel,117,0ff243087d2fe77751e123f892672b762893f681c1d552051f7cf3533cacb28d,"njit((M,), cache=True, nogil=True)",M7,pending_assessment,pending_trace,pending_baseline,pending_baseline
backend/strategic_allocation/kernels.py::_ellipsoidal_metrics_kernel,9b99048d188017816358f581a86b27df1c388161,backend/strategic_allocation/kernels.py,_ellipsoidal_metrics_kernel,159,0ff243087d2fe77751e123f892672b762893f681c1d552051f7cf3533cacb28d,"njit((V, V, M, M, float64, float64), cache=True, nogil=True)",M7,pending_assessment,pending_trace,pending_baseline,pending_baseline
backend/strategic_allocation/kernels.py::portfolio_moments_ellipsoidal_kernel,9b99048d188017816358f581a86b27df1c388161,backend/strategic_allocation/kernels.py,portfolio_moments_ellipsoidal_kernel,177,0ff243087d2fe77751e123f892672b762893f681c1d552051f7cf3533cacb28d,"njit((V, V, M, M, float64, float64), cache=True, nogil=True)",M7,pending_assessment,pending_trace,pending_baseline,pending_baseline
backend/strategic_allocation/kernels.py::expected_active_risk_kernel,9b99048d188017816358f581a86b27df1c388161,backend/strategic_allocation/kernels.py,expected_active_risk_kernel,183,0ff243087d2fe77751e123f892672b762893f681c1d552051f7cf3533cacb28d,"njit((V, V, M), cache=True, nogil=True)",M7,pending_assessment,pending_trace,pending_baseline,pending_baseline
backend/strategic_allocation/kernels.py::expected_excess_return_kernel,9b99048d188017816358f581a86b27df1c388161,backend/strategic_allocation/kernels.py,expected_excess_return_kernel,212,0ff243087d2fe77751e123f892672b762893f681c1d552051f7cf3533cacb28d,"njit((V, V, V), cache=True, nogil=True)",M7,pending_assessment,pending_trace,pending_baseline,pending_baseline
backend/strategic_allocation/kernels.py::risk_budget_error_kernel,9b99048d188017816358f581a86b27df1c388161,backend/strategic_allocation/kernels.py,risk_budget_error_kernel,224,0ff243087d2fe77751e123f892672b762893f681c1d552051f7cf3533cacb28d,"njit((V, V), cache=True, nogil=True)",M7,pending_assessment,pending_trace,pending_baseline,pending_baseline
backend/strategic_allocation/kernels.py::_policy_candidates_uncertainty_kernel,9b99048d188017816358f581a86b27df1c388161,backend/strategic_allocation/kernels.py,_policy_candidates_uncertainty_kernel,242,0ff243087d2fe77751e123f892672b762893f681c1d552051f7cf3533cacb28d,"njit((V, M, V, CM, GM, CV, CV, float64, float64, float64, float64, V, float64, float64, int64, int64, V, M, float64, types.boolean), cache=True, nogil=True)",M7,pending_assessment,pending_trace,pending_baseline,pending_baseline
backend/strategic_allocation/kernels.py::policy_candidates_with_budget_kernel,9b99048d188017816358f581a86b27df1c388161,backend/strategic_allocation/kernels.py,policy_candidates_with_budget_kernel,351,0ff243087d2fe77751e123f892672b762893f681c1d552051f7cf3533cacb28d,"njit((V, M, V, CM, GM, CV, CV, float64, float64, float64, float64, V, float64, float64, int64, int64, V), cache=True, nogil=True)",M7,pending_assessment,pending_trace,pending_baseline,pending_baseline
backend/strategic_allocation/kernels.py::policy_candidates_ellipsoidal_kernel,9b99048d188017816358f581a86b27df1c388161,backend/strategic_allocation/kernels.py,policy_candidates_ellipsoidal_kernel,362,0ff243087d2fe77751e123f892672b762893f681c1d552051f7cf3533cacb28d,"njit((V, M, M, CM, GM, CV, CV, float64, float64, float64, float64, V, float64, float64, int64, int64, V), cache=True, nogil=True)",M7,pending_assessment,pending_trace,pending_baseline,pending_baseline
backend/strategic_allocation/kernels.py::policy_candidates_kernel,9b99048d188017816358f581a86b27df1c388161,backend/strategic_allocation/kernels.py,policy_candidates_kernel,372,0ff243087d2fe77751e123f892672b762893f681c1d552051f7cf3533cacb28d,"njit((V, M, V, CM, GM, CV, CV, float64, float64, float64, float64, V, float64, float64, int64, int64), cache=True, nogil=True)",M7,pending_assessment,pending_trace,pending_baseline,pending_baseline
backend/strategic_allocation/mandate_kernels.py::reference_candidate_checks_kernel,9b99048d188017816358f581a86b27df1c388161,backend/strategic_allocation/mandate_kernels.py,reference_candidate_checks_kernel,25,ca5a30b8c42ee6dc3b575449a773d57fd33d7892dad6bbde4d6597682a5f4e48,"njit((M, I, V, M, V, M, M, V, V, V, F, F, F, F, F, F, V, F), cache=True, nogil=True)",M7,pending_assessment,pending_trace,pending_baseline,pending_baseline
backend/strategic_allocation/mandate_kernels.py::reference_funding_search_kernel,9b99048d188017816358f581a86b27df1c388161,backend/strategic_allocation/mandate_kernels.py,reference_funding_search_kernel,71,ca5a30b8c42ee6dc3b575449a773d57fd33d7892dad6bbde4d6597682a5f4e48,"njit((M, I, D, F, V, V, F, F, F, N, N), cache=True, nogil=True)",M7,pending_assessment,pending_trace,pending_baseline,pending_baseline
backend/strategic_allocation/mandate_kernels.py::minimum_reference_candidate_kernel,9b99048d188017816358f581a86b27df1c388161,backend/strategic_allocation/mandate_kernels.py,minimum_reference_candidate_kernel,105,ca5a30b8c42ee6dc3b575449a773d57fd33d7892dad6bbde4d6597682a5f4e48,"njit((M, I), cache=True, nogil=True)",M7,pending_assessment,pending_trace,pending_baseline,pending_baseline
backend/strategic_allocation/mandate_kernels.py::diagnostic_reference_candidate_kernel,9b99048d188017816358f581a86b27df1c388161,backend/strategic_allocation/mandate_kernels.py,diagnostic_reference_candidate_kernel,117,ca5a30b8c42ee6dc3b575449a773d57fd33d7892dad6bbde4d6597682a5f4e48,"njit((M, I, M), cache=True, nogil=True)",M7,pending_assessment,pending_trace,pending_baseline,pending_baseline
backend/strategic_allocation/mandate_kernels.py::reference_reachability_kernel,9b99048d188017816358f581a86b27df1c388161,backend/strategic_allocation/mandate_kernels.py,reference_reachability_kernel,132,ca5a30b8c42ee6dc3b575449a773d57fd33d7892dad6bbde4d6597682a5f4e48,"njit((M, I, F, F), cache=True, nogil=True)",M7,pending_assessment,pending_trace,pending_baseline,pending_baseline
backend/strategic_allocation/multi_cma_kernels.py::weighted_half_width_kernel,9b99048d188017816358f581a86b27df1c388161,backend/strategic_allocation/multi_cma_kernels.py,weighted_half_width_kernel,14,1ca6368b17f8adcbd78e2e23bd4b3f8d8ff40bf1cb35d2271b3645ec658bf832,"njit((V, M), cache=True, nogil=True)",M7,pending_assessment,pending_trace,pending_baseline,pending_baseline
backend/strategic_allocation/reference_evidence_kernels.py::adjacent_returns,9b99048d188017816358f581a86b27df1c388161,backend/strategic_allocation/reference_evidence_kernels.py,adjacent_returns,22,4e92234bc0c1e14b0ed75cb1afdd91d94f04a13fd405586747d34eeb05f0a107,"njit((M,), cache=True, nogil=True)",M7,pending_assessment,pending_trace,pending_baseline,pending_baseline
backend/strategic_allocation/reference_evidence_kernels.py::proxy_returns,9b99048d188017816358f581a86b27df1c388161,backend/strategic_allocation/reference_evidence_kernels.py,proxy_returns,34,4e92234bc0c1e14b0ed75cb1afdd91d94f04a13fd405586747d34eeb05f0a107,"njit((M, V, I), cache=True, nogil=True)",M7,pending_assessment,pending_trace,pending_baseline,pending_baseline
backend/strategic_allocation/reference_evidence_kernels.py::annual_moments,9b99048d188017816358f581a86b27df1c388161,backend/strategic_allocation/reference_evidence_kernels.py,annual_moments,61,4e92234bc0c1e14b0ed75cb1afdd91d94f04a13fd405586747d34eeb05f0a107,"njit((M, float64, int64), cache=True, nogil=True)",M7,pending_assessment,pending_trace,pending_baseline,pending_baseline
backend/strategic_allocation/reference_evidence_kernels.py::boundary_difference,9b99048d188017816358f581a86b27df1c388161,backend/strategic_allocation/reference_evidence_kernels.py,boundary_difference,92,4e92234bc0c1e14b0ed75cb1afdd91d94f04a13fd405586747d34eeb05f0a107,"njit((V, V), cache=True, nogil=True)",M7,pending_assessment,pending_trace,pending_baseline,pending_baseline
backend/strategic_allocation/risk_scale_kernels.py::frontier_geometry_kernel,9b99048d188017816358f581a86b27df1c388161,backend/strategic_allocation/risk_scale_kernels.py,frontier_geometry_kernel,39,e1f01a685808de35bd3aa7bc4502cbe88f4b2bc8b40556201313aa2fba9ffc56,"njit((M, I, types.float64), cache=False, nogil=True)",M7,pending_assessment,pending_trace,pending_baseline,pending_baseline
backend/strategic_allocation/risk_scale_kernels.py::interval_shape_cost_kernel,9b99048d188017816358f581a86b27df1c388161,backend/strategic_allocation/risk_scale_kernels.py,interval_shape_cost_kernel,83,e1f01a685808de35bd3aa7bc4502cbe88f4b2bc8b40556201313aa2fba9ffc56,"njit(types.float64(M, types.int64, types.int64), cache=False, nogil=True)",M7,pending_assessment,pending_trace,pending_baseline,pending_baseline
backend/strategic_allocation/risk_scale_kernels.py::segmentation_cost_kernel,9b99048d188017816358f581a86b27df1c388161,backend/strategic_allocation/risk_scale_kernels.py,segmentation_cost_kernel,101,e1f01a685808de35bd3aa7bc4502cbe88f4b2bc8b40556201313aa2fba9ffc56,"njit(types.float64(V, V, M, types.int64, types.int64, types.int64, types.int64), cache=False, nogil=True)",M7,pending_assessment,pending_trace,pending_baseline,pending_baseline
backend/strategic_allocation/risk_scale_kernels.py::segment_frontier_kernel,9b99048d188017816358f581a86b27df1c388161,backend/strategic_allocation/risk_scale_kernels.py,segment_frontier_kernel,117,e1f01a685808de35bd3aa7bc4502cbe88f4b2bc8b40556201313aa2fba9ffc56,"njit((V, V, V, M, types.int64, types.int64, types.float64, types.float64, types.float64), cache=False, nogil=True)",M7,pending_assessment,pending_trace,pending_baseline,pending_baseline
backend/strategic_allocation/risk_scale_kernels.py::validate_caps_kernel,9b99048d188017816358f581a86b27df1c388161,backend/strategic_allocation/risk_scale_kernels.py,validate_caps_kernel,181,e1f01a685808de35bd3aa7bc4502cbe88f4b2bc8b40556201313aa2fba9ffc56,"njit((V,), cache=False, nogil=True)",M7,pending_assessment,pending_trace,pending_baseline,pending_baseline
backend/strategic_allocation/risk_scale_kernels.py::risk_within_cap_kernel,9b99048d188017816358f581a86b27df1c388161,backend/strategic_allocation/risk_scale_kernels.py,risk_within_cap_kernel,190,e1f01a685808de35bd3aa7bc4502cbe88f4b2bc8b40556201313aa2fba9ffc56,"njit(types.int64(types.float64, types.float64, types.float64), cache=False, nogil=True)",M7,pending_assessment,pending_trace,pending_baseline,pending_baseline
backend/strategic_allocation/risk_scale_kernels.py::classify_risk_kernel,9b99048d188017816358f581a86b27df1c388161,backend/strategic_allocation/risk_scale_kernels.py,classify_risk_kernel,200,e1f01a685808de35bd3aa7bc4502cbe88f4b2bc8b40556201313aa2fba9ffc56,"njit((types.float64, V, types.float64, types.float64), cache=False, nogil=True)",M7,pending_assessment,pending_trace,pending_baseline,pending_baseline
backend/strategic_allocation/risk_scale_kernels.py::manual_volatility_bands_kernel,9b99048d188017816358f581a86b27df1c388161,backend/strategic_allocation/risk_scale_kernels.py,manual_volatility_bands_kernel,222,e1f01a685808de35bd3aa7bc4502cbe88f4b2bc8b40556201313aa2fba9ffc56,"njit((V, V, types.float64), cache=False, nogil=True)",M7,pending_assessment,pending_trace,pending_baseline,pending_baseline
backend/strategic_allocation/risk_scale_kernels.py::representative_nodes_kernel,9b99048d188017816358f581a86b27df1c388161,backend/strategic_allocation/risk_scale_kernels.py,representative_nodes_kernel,246,e1f01a685808de35bd3aa7bc4502cbe88f4b2bc8b40556201313aa2fba9ffc56,"njit((V, V, V, types.float64), cache=False, nogil=True)",M7,pending_assessment,pending_trace,pending_baseline,pending_baseline
backend/strategic_allocation/risk_scale_kernels.py::historical_tail_kernel,9b99048d188017816358f581a86b27df1c388161,backend/strategic_allocation/risk_scale_kernels.py,historical_tail_kernel,279,e1f01a685808de35bd3aa7bc4502cbe88f4b2bc8b40556201313aa2fba9ffc56,"njit((V, types.float64, types.float64), cache=False, nogil=True)",M7,pending_assessment,pending_trace,pending_baseline,pending_baseline
backend/strategic_allocation/risk_scale_kernels.py::historical_drawdown_kernel,9b99048d188017816358f581a86b27df1c388161,backend/strategic_allocation/risk_scale_kernels.py,historical_drawdown_kernel,313,e1f01a685808de35bd3aa7bc4502cbe88f4b2bc8b40556201313aa2fba9ffc56,"njit((V,), cache=False, nogil=True)",M7,pending_assessment,pending_trace,pending_baseline,pending_baseline
backend/strategic_allocation/risk_scale_kernels.py::boundary_stability_kernel,9b99048d188017816358f581a86b27df1c388161,backend/strategic_allocation/risk_scale_kernels.py,boundary_stability_kernel,330,e1f01a685808de35bd3aa7bc4502cbe88f4b2bc8b40556201313aa2fba9ffc56,"njit((V, V, V, V, types.float64, types.float64), cache=False, nogil=True)",M7,pending_assessment,pending_trace,pending_baseline,pending_baseline
backend/strategic_allocation/uncertainty_kernels.py::chi_square_cdf,9b99048d188017816358f581a86b27df1c388161,backend/strategic_allocation/uncertainty_kernels.py,chi_square_cdf,18,fcfce7377475066b134d75bc35de812478fb8c69bfed75783523b3201d3d24c1,"njit((float64, int64), cache=True, nogil=True)",M7,pending_assessment,pending_trace,pending_baseline,pending_baseline
backend/strategic_allocation/uncertainty_kernels.py::chi_square_quantile,9b99048d188017816358f581a86b27df1c388161,backend/strategic_allocation/uncertainty_kernels.py,chi_square_quantile,34,fcfce7377475066b134d75bc35de812478fb8c69bfed75783523b3201d3d24c1,"njit((float64, int64), cache=True, nogil=True)",M7,pending_assessment,pending_trace,pending_baseline,pending_baseline
backend/strategic_allocation/uncertainty_kernels.py::f_quantile,9b99048d188017816358f581a86b27df1c388161,backend/strategic_allocation/uncertainty_kernels.py,f_quantile,54,fcfce7377475066b134d75bc35de812478fb8c69bfed75783523b3201d3d24c1,"njit((float64, int64, float64), cache=True, nogil=True)",M7,pending_assessment,pending_trace,pending_baseline,pending_baseline
backend/strategic_allocation/uncertainty_kernels.py::uncertainty_radius_kernel,9b99048d188017816358f581a86b27df1c388161,backend/strategic_allocation/uncertainty_kernels.py,uncertainty_radius_kernel,73,fcfce7377475066b134d75bc35de812478fb8c69bfed75783523b3201d3d24c1,"njit((float64, int64, int64, float64), cache=True, nogil=True)",M7,pending_assessment,pending_trace,pending_baseline,pending_baseline
backend/strategy.py::equal_weights_kernel,9b99048d188017816358f581a86b27df1c388161,backend/strategy.py,equal_weights_kernel,38,6d1e8a5f19eb4e2b6d7937ff6932c3ef89f2b5d6a6a29220751b70110a5c01b4,"njit((types.int64,), cache=False, nogil=True)",M4,pending_assessment,pending_trace,pending_baseline,pending_baseline
backend/strategy.py::normalize_explicit_weights_kernel,9b99048d188017816358f581a86b27df1c388161,backend/strategy.py,normalize_explicit_weights_kernel,45,6d1e8a5f19eb4e2b6d7937ff6932c3ef89f2b5d6a6a29220751b70110a5c01b4,"njit((_FLOAT64_1D,), cache=False, nogil=True)",M4,pending_assessment,pending_trace,pending_baseline,pending_baseline
backend/strategy.py::scale_weights_percent_kernel,9b99048d188017816358f581a86b27df1c388161,backend/strategy.py,scale_weights_percent_kernel,64,6d1e8a5f19eb4e2b6d7937ff6932c3ef89f2b5d6a6a29220751b70110a5c01b4,"njit((_FLOAT64_1D, types.float64), cache=False, nogil=True)",M4,pending_assessment,pending_trace,pending_baseline,pending_baseline
backend/strategy.py::nav_to_returns_kernel,9b99048d188017816358f581a86b27df1c388161,backend/strategy.py,nav_to_returns_kernel,109,6d1e8a5f19eb4e2b6d7937ff6932c3ef89f2b5d6a6a29220751b70110a5c01b4,"njit((_FLOAT64_2D,), cache=False, nogil=True)",M4,pending_assessment,pending_trace,pending_baseline,pending_baseline
backend/strategy.py::risk_budget_weights_kernel,9b99048d188017816358f581a86b27df1c388161,backend/strategy.py,risk_budget_weights_kernel,125,6d1e8a5f19eb4e2b6d7937ff6932c3ef89f2b5d6a6a29220751b70110a5c01b4,"njit((_FLOAT64_2D, _FLOAT64_1D, types.int64, types.float64), cache=False, nogil=True)",M4,pending_assessment,pending_trace,pending_baseline,pending_baseline
backend/synthetic_series_numba.py::_next_uniform,9b99048d188017816358f581a86b27df1c388161,backend/synthetic_series_numba.py,_next_uniform,18,94ab365dc38a729063d54f5d63fd98e0516e1f1d5ff0af2fde997a76a8b6cf5c,"njit(_RNG_RESULT(uint64), cache=False, nogil=True, inline='always')",M6,pending_assessment,pending_trace,pending_baseline,pending_baseline
backend/synthetic_series_numba.py::_next_normal,9b99048d188017816358f581a86b27df1c388161,backend/synthetic_series_numba.py,_next_normal,30,94ab365dc38a729063d54f5d63fd98e0516e1f1d5ff0af2fde997a76a8b6cf5c,"njit(_RNG_RESULT(uint64), cache=False, nogil=True, inline='always')",M6,pending_assessment,pending_trace,pending_baseline,pending_baseline
backend/synthetic_series_numba.py::synthetic_ohlcv_kernel,9b99048d188017816358f581a86b27df1c388161,backend/synthetic_series_numba.py,synthetic_ohlcv_kernel,38,94ab365dc38a729063d54f5d63fd98e0516e1f1d5ff0af2fde997a76a8b6cf5c,"njit(float64[:, ::1](int64, float64, int64), cache=False, nogil=True)",M6,pending_assessment,pending_trace,pending_baseline,pending_baseline
backend/tactical_allocation/clocks.py::period_mask_kernel,9b99048d188017816358f581a86b27df1c388161,backend/tactical_allocation/clocks.py,period_mask_kernel,11,468bdf2d5109fe383f2a4123e94e8b26b780b7a253d860024598e3d630d2282c,"njit(uint8[::1](I), cache=True, nogil=True)",M8,pending_assessment,pending_trace,pending_baseline,pending_baseline
backend/tactical_allocation/clocks.py::decision_signal_flags_kernel,9b99048d188017816358f581a86b27df1c388161,backend/tactical_allocation/clocks.py,decision_signal_flags_kernel,19,468bdf2d5109fe383f2a4123e94e8b26b780b7a253d860024598e3d630d2282c,"njit(uint8[::1](U, U), cache=True, nogil=True)",M8,pending_assessment,pending_trace,pending_baseline,pending_baseline
backend/tactical_allocation/clocks.py::threshold_kernel,9b99048d188017816358f581a86b27df1c388161,backend/tactical_allocation/clocks.py,threshold_kernel,95,468bdf2d5109fe383f2a4123e94e8b26b780b7a253d860024598e3d630d2282c,"njit(types.boolean(types.Array(types.float64, 1, 'A', readonly=True), types.float64), cache=True, nogil=True)",M8,pending_assessment,pending_trace,pending_baseline,pending_baseline
backend/tactical_allocation/numeric.py::tilt_rows_status_kernel,9b99048d188017816358f581a86b27df1c388161,backend/tactical_allocation/numeric.py,tilt_rows_status_kernel,44,7432262e05fb696762389dcb02abf02f7bf26b62af428ea1bed83d48da18b5c4,"njit(int64(M, float64), cache=True, nogil=True)",M8,pending_assessment,pending_trace,pending_baseline,pending_baseline
backend/tactical_allocation/numeric.py::input_status_kernel,9b99048d188017816358f581a86b27df1c388161,backend/tactical_allocation/numeric.py,input_status_kernel,57,7432262e05fb696762389dcb02abf02f7bf26b62af428ea1bed83d48da18b5c4,"njit(int64(M, M, U, F, M, F, F, F), cache=True, nogil=True)",M8,pending_assessment,pending_trace,pending_baseline,pending_baseline
backend/tactical_allocation/numeric.py::constrained_tilts_kernel,9b99048d188017816358f581a86b27df1c388161,backend/tactical_allocation/numeric.py,constrained_tilts_kernel,94,7432262e05fb696762389dcb02abf02f7bf26b62af428ea1bed83d48da18b5c4,"njit(types.Tuple((MO, FO))(F, M, F, F, F, float64, UM, F, F), cache=True, nogil=True)",M8,pending_assessment,pending_trace,pending_baseline,pending_baseline
backend/tactical_allocation/numeric.py::path_metrics_kernel,9b99048d188017816358f581a86b27df1c388161,backend/tactical_allocation/numeric.py,path_metrics_kernel,135,7432262e05fb696762389dcb02abf02f7bf26b62af428ea1bed83d48da18b5c4,"njit(FO(M, int64, float64, float64, int64), cache=True, nogil=True)",M8,pending_assessment,pending_trace,pending_baseline,pending_baseline
backend/tactical_allocation/numeric.py::select_candidate_kernel,9b99048d188017816358f581a86b27df1c388161,backend/tactical_allocation/numeric.py,select_candidate_kernel,186,7432262e05fb696762389dcb02abf02f7bf26b62af428ea1bed83d48da18b5c4,"njit(int64(M, U), cache=True, nogil=True)",M8,pending_assessment,pending_trace,pending_baseline,pending_baseline
backend/tactical_allocation/numeric.py::holding_breaches_kernel,9b99048d188017816358f581a86b27df1c388161,backend/tactical_allocation/numeric.py,holding_breaches_kernel,197,7432262e05fb696762389dcb02abf02f7bf26b62af428ea1bed83d48da18b5c4,"njit(int64(M, M, F, F, F, F, UM, F, F), cache=True, nogil=True)",M8,pending_assessment,pending_trace,pending_baseline,pending_baseline
backend/tactical_allocation/numeric.py::candidate_feasibility_kernel,9b99048d188017816358f581a86b27df1c388161,backend/tactical_allocation/numeric.py,candidate_feasibility_kernel,226,7432262e05fb696762389dcb02abf02f7bf26b62af428ea1bed83d48da18b5c4,"njit(uint8(F, float64, float64), cache=True, nogil=True)",M8,pending_assessment,pending_trace,pending_baseline,pending_baseline
backend/tactical_allocation/numeric.py::returns_availability_kernel,9b99048d188017816358f581a86b27df1c388161,backend/tactical_allocation/numeric.py,returns_availability_kernel,232,7432262e05fb696762389dcb02abf02f7bf26b62af428ea1bed83d48da18b5c4,"njit(types.Array(int64, 2, 'C')(IM), cache=True, nogil=True)",M8,pending_assessment,pending_trace,pending_baseline,pending_baseline
backend/tactical_allocation/numeric.py::knowledge_window_status_kernel,9b99048d188017816358f581a86b27df1c388161,backend/tactical_allocation/numeric.py,knowledge_window_status_kernel,245,7432262e05fb696762389dcb02abf02f7bf26b62af428ea1bed83d48da18b5c4,"njit(types.Tuple((int64, int64))(IM, int64, int64, int64), cache=True, nogil=True)",M8,pending_assessment,pending_trace,pending_baseline,pending_baseline
backend/tactical_allocation/numeric.py::momentum_windows_kernel,9b99048d188017816358f581a86b27df1c388161,backend/tactical_allocation/numeric.py,momentum_windows_kernel,264,7432262e05fb696762389dcb02abf02f7bf26b62af428ea1bed83d48da18b5c4,"njit(IO(IM, I, I, int64, int64, int64), cache=True, nogil=True)",M8,pending_assessment,pending_trace,pending_baseline,pending_baseline
backend/tactical_allocation/numeric.py::momentum_signals_kernel,9b99048d188017816358f581a86b27df1c388161,backend/tactical_allocation/numeric.py,momentum_signals_kernel,347,7432262e05fb696762389dcb02abf02f7bf26b62af428ea1bed83d48da18b5c4,"njit(_MOMENTUM_RESULT(M, int64, float64, IM, I, I, int64, int64), cache=True, nogil=True)",M8,pending_assessment,pending_trace,pending_baseline,pending_baseline
backend/tactical_allocation/numeric.py::signal_counts_kernel,9b99048d188017816358f581a86b27df1c388161,backend/tactical_allocation/numeric.py,signal_counts_kernel,409,7432262e05fb696762389dcb02abf02f7bf26b62af428ea1bed83d48da18b5c4,"njit(types.Tuple((int64, int64, int64, int64))(U, U, int64), cache=True, nogil=True)",M8,pending_assessment,pending_trace,pending_baseline,pending_baseline
backend/tactical_allocation/numeric.py::compose_product_weights_kernel,9b99048d188017816358f581a86b27df1c388161,backend/tactical_allocation/numeric.py,compose_product_weights_kernel,424,7432262e05fb696762389dcb02abf02f7bf26b62af428ea1bed83d48da18b5c4,"njit(FO(F, I, F), cache=True, nogil=True)",M8,pending_assessment,pending_trace,pending_baseline,pending_baseline
backend/tactical_allocation/numeric.py::scenario_contributions_kernel,9b99048d188017816358f581a86b27df1c388161,backend/tactical_allocation/numeric.py,scenario_contributions_kernel,448,7432262e05fb696762389dcb02abf02f7bf26b62af428ea1bed83d48da18b5c4,"njit(types.Tuple((FO, FO, FO))(M, M, F), cache=True, nogil=True)",M8,pending_assessment,pending_trace,pending_baseline,pending_baseline
backend/tactical_allocation/numeric.py::target_tilt_kernel,9b99048d188017816358f581a86b27df1c388161,backend/tactical_allocation/numeric.py,target_tilt_kernel,466,7432262e05fb696762389dcb02abf02f7bf26b62af428ea1bed83d48da18b5c4,"njit(MO(F, F), cache=True, nogil=True)",M8,pending_assessment,pending_trace,pending_baseline,pending_baseline
backend/tactical_allocation/numeric.py::recommendation_details_kernel,9b99048d188017816358f581a86b27df1c388161,backend/tactical_allocation/numeric.py,recommendation_details_kernel,479,7432262e05fb696762389dcb02abf02f7bf26b62af428ea1bed83d48da18b5c4,"njit(types.Tuple((FO, FO, float64, int64))(F, F, F), cache=True, nogil=True)",M8,pending_assessment,pending_trace,pending_baseline,pending_baseline
backend/tactical_allocation/numeric.py::aggregate_class_weights_kernel,9b99048d188017816358f581a86b27df1c388161,backend/tactical_allocation/numeric.py,aggregate_class_weights_kernel,497,7432262e05fb696762389dcb02abf02f7bf26b62af428ea1bed83d48da18b5c4,"njit(FO(F, I, int64), cache=True, nogil=True)",M8,pending_assessment,pending_trace,pending_baseline,pending_baseline
backend/tactical_allocation/numeric.py::current_signal_tilt_kernel,9b99048d188017816358f581a86b27df1c388161,backend/tactical_allocation/numeric.py,current_signal_tilt_kernel,510,7432262e05fb696762389dcb02abf02f7bf26b62af428ea1bed83d48da18b5c4,"njit(FO(F, M, int64, float64), cache=True, nogil=True)",M8,pending_assessment,pending_trace,pending_baseline,pending_baseline
backend/tactical_allocation/signals.py::momentum_scores_kernel,9b99048d188017816358f581a86b27df1c388161,backend/tactical_allocation/signals.py,momentum_scores_kernel,20,053d18d70c68b6c95bc918bf10463d7528b2db4865f9d91b35b9bdc2f123b582,"njit(MO(M, IM, int64), cache=True, nogil=True)",M8,pending_assessment,pending_trace,pending_baseline,pending_baseline
backend/tactical_allocation/signals.py::dated_scores_kernel,9b99048d188017816358f581a86b27df1c388161,backend/tactical_allocation/signals.py,dated_scores_kernel,54,053d18d70c68b6c95bc918bf10463d7528b2db4865f9d91b35b9bdc2f123b582,"njit(types.Tuple((MO, int64[:, ::1]))(M, IM, I, int64), cache=True, nogil=True)",M8,pending_assessment,pending_trace,pending_baseline,pending_baseline
backend/tactical_allocation/signals.py::composite_kernel,9b99048d188017816358f581a86b27df1c388161,backend/tactical_allocation/signals.py,composite_kernel,75,053d18d70c68b6c95bc918bf10463d7528b2db4865f9d91b35b9bdc2f123b582,"njit(types.Tuple((MO, uint8[::1], uint8[::1]))(C, IM, F, float64), cache=True, nogil=True)",M8,pending_assessment,pending_trace,pending_baseline,pending_baseline
backend/tactical_allocation/walk_forward.py::mature_training_kernel,9b99048d188017816358f581a86b27df1c388161,backend/tactical_allocation/walk_forward.py,mature_training_kernel,23,0d594c65f37e6d5ab321cbcfc3209eaabd80493ff9b2438a0e889eb46c422bed,"njit(types.UniTuple(int64, 4)(IM, U, int64, int64, int64), cache=True, nogil=True)",M8,pending_assessment,pending_trace,pending_baseline,pending_baseline
backend/timing_research/learning.py::encode_states_kernel,9b99048d188017816358f581a86b27df1c388161,backend/timing_research/learning.py,encode_states_kernel,31,d3a49110e9115ac90c3ec97e01e8d838f568483131185df7b3bd0409ebd4d217,"njit(IO(IM), cache=True, nogil=True)",M8,pending_assessment,pending_trace,pending_baseline,pending_baseline
backend/timing_research/learning.py::score_trades_kernel,9b99048d188017816358f581a86b27df1c388161,backend/timing_research/learning.py,score_trades_kernel,56,d3a49110e9115ac90c3ec97e01e8d838f568483131185df7b3bd0409ebd4d217,"njit(FO(FM, int64, I, int64, int64, int64, int64, float64, float64), cache=True, nogil=True)",M8,pending_assessment,pending_trace,pending_baseline,pending_baseline
backend/timing_research/learning.py::choose_actions_kernel,9b99048d188017816358f581a86b27df1c388161,backend/timing_research/learning.py,choose_actions_kernel,130,d3a49110e9115ac90c3ec97e01e8d838f568483131185df7b3bd0409ebd4d217,"njit(IO(FM, float64, int64), cache=True, nogil=True)",M8,pending_assessment,pending_trace,pending_baseline,pending_baseline
backend/timing_research/learning.py::route_actions_kernel,9b99048d188017816358f581a86b27df1c388161,backend/timing_research/learning.py,route_actions_kernel,154,d3a49110e9115ac90c3ec97e01e8d838f568483131185df7b3bd0409ebd4d217,"njit(IO(IM, I, I, int64), cache=True, nogil=True)",M8,pending_assessment,pending_trace,pending_baseline,pending_baseline
backend/timing_research/learning.py::priority_quota_kernel,9b99048d188017816358f581a86b27df1c388161,backend/timing_research/learning.py,priority_quota_kernel,184,d3a49110e9115ac90c3ec97e01e8d838f568483131185df7b3bd0409ebd4d217,"njit(IO(I, I, I, int64, int64, int64), cache=True, nogil=True)",M8,pending_assessment,pending_trace,pending_baseline,pending_baseline
backend/timing_research/numeric.py::series_status_kernel,9b99048d188017816358f581a86b27df1c388161,backend/timing_research/numeric.py,series_status_kernel,42,e39db174b99b2835eb86673b6e5676cffb97be0c186c4352b80a946029abe42a,"njit(int64(F), cache=True, nogil=True)",M8,pending_assessment,pending_trace,pending_baseline,pending_baseline
backend/timing_research/numeric.py::availability_status_kernel,9b99048d188017816358f581a86b27df1c388161,backend/timing_research/numeric.py,availability_status_kernel,51,e39db174b99b2835eb86673b6e5676cffb97be0c186c4352b80a946029abe42a,"njit(int64(I, I, int64, int64), cache=True, nogil=True)",M8,pending_assessment,pending_trace,pending_baseline,pending_baseline
backend/timing_research/numeric.py::execution_volume_status_kernel,9b99048d188017816358f581a86b27df1c388161,backend/timing_research/numeric.py,execution_volume_status_kernel,62,e39db174b99b2835eb86673b6e5676cffb97be0c186c4352b80a946029abe42a,"njit(int64(F, int64, int64), cache=True, nogil=True)",M8,pending_assessment,pending_trace,pending_baseline,pending_baseline
backend/timing_research/numeric.py::alpha_beta_kernel,9b99048d188017816358f581a86b27df1c388161,backend/timing_research/numeric.py,alpha_beta_kernel,76,e39db174b99b2835eb86673b6e5676cffb97be0c186c4352b80a946029abe42a,"njit(types.Tuple((FO, FO, FO))(F, float64, float64), cache=True, nogil=True)",M8,pending_assessment,pending_trace,pending_baseline,pending_baseline
backend/timing_research/numeric.py::condition_event_kernel,9b99048d188017816358f581a86b27df1c388161,backend/timing_research/numeric.py,condition_event_kernel,112,e39db174b99b2835eb86673b6e5676cffb97be0c186c4352b80a946029abe42a,"njit(IO(I, int64, int64), cache=True, nogil=True)",M8,pending_assessment,pending_trace,pending_baseline,pending_baseline
backend/timing_research/numeric.py::condition_values_kernel,9b99048d188017816358f581a86b27df1c388161,backend/timing_research/numeric.py,condition_values_kernel,148,e39db174b99b2835eb86673b6e5676cffb97be0c186c4352b80a946029abe42a,"njit(FO(I), cache=True, nogil=True)",M8,pending_assessment,pending_trace,pending_baseline,pending_baseline
backend/timing_research/numeric.py::simulate_kernel,9b99048d188017816358f581a86b27df1c388161,backend/timing_research/numeric.py,simulate_kernel,163,e39db174b99b2835eb86673b6e5676cffb97be0c186c4352b80a946029abe42a,"njit(types.Tuple((MO, MO, int64, int64))(F, F, F, F, I, I, int64, int64, int64, int64, float64, float64, float64, float64), cache=True, nogil=True)",M8,pending_assessment,pending_trace,pending_baseline,pending_baseline
backend/timing_research/numeric.py::analyze_kernel,9b99048d188017816358f581a86b27df1c388161,backend/timing_research/numeric.py,analyze_kernel,284,e39db174b99b2835eb86673b6e5676cffb97be0c186c4352b80a946029abe42a,"njit(FO(M, M, int64, int64, int64), cache=True, nogil=True)",M8,pending_assessment,pending_trace,pending_baseline,pending_baseline
backend/timing_research/numeric.py::signal_quality_kernel,9b99048d188017816358f581a86b27df1c388161,backend/timing_research/numeric.py,signal_quality_kernel,346,e39db174b99b2835eb86673b6e5676cffb97be0c186c4352b80a946029abe42a,"njit(MO(F, F, F, F, I, int64, int64), cache=True, nogil=True)",M8,pending_assessment,pending_trace,pending_baseline,pending_baseline
backend/timing_research/numeric.py::diagnostics_kernel,9b99048d188017816358f581a86b27df1c388161,backend/timing_research/numeric.py,diagnostics_kernel,410,e39db174b99b2835eb86673b6e5676cffb97be0c186c4352b80a946029abe42a,"njit(FO(I, I, M, int64, int64), cache=True, nogil=True)",M8,pending_assessment,pending_trace,pending_baseline,pending_baseline
backend/timing_research/panel.py::panel_lag_kernel,9b99048d188017816358f581a86b27df1c388161,backend/timing_research/panel.py,panel_lag_kernel,23,507bc64f7905ffa6cbc95d9c6f74976695db102c519c64b140ca3de8ee23c20a,"njit(MO(M, int64), cache=True, nogil=True)",M8,pending_assessment,pending_trace,pending_baseline,pending_baseline
backend/timing_research/panel.py::panel_compare_kernel,9b99048d188017816358f581a86b27df1c388161,backend/timing_research/panel.py,panel_compare_kernel,33,507bc64f7905ffa6cbc95d9c6f74976695db102c519c64b140ca3de8ee23c20a,"njit(IMO(M, M, float64, int64), cache=True, nogil=True)",M8,pending_assessment,pending_trace,pending_baseline,pending_baseline
backend/timing_research/panel.py::cross_mean_kernel,9b99048d188017816358f581a86b27df1c388161,backend/timing_research/panel.py,cross_mean_kernel,47,507bc64f7905ffa6cbc95d9c6f74976695db102c519c64b140ca3de8ee23c20a,"njit(FO(M), cache=True, nogil=True)",M8,pending_assessment,pending_trace,pending_baseline,pending_baseline
backend/timing_research/panel.py::breadth_kernel,9b99048d188017816358f581a86b27df1c388161,backend/timing_research/panel.py,breadth_kernel,64,507bc64f7905ffa6cbc95d9c6f74976695db102c519c64b140ca3de8ee23c20a,"njit(FO(IM), cache=True, nogil=True)",M8,pending_assessment,pending_trace,pending_baseline,pending_baseline
